time,pelvis_tx,pelvis_ty,pelvis_tilt,q_hip_r,q_knee_r,q_ankle_r,q_hip_l,q_knee_l,q_ankle_l,dq_pelvis_tx,dq_pelvis_ty,dq_pelvis_tilt,dq_q_hip_r,dq_q_knee_r,dq_q_ankle_r,dq_q_hip_l,dq_q_knee_l,dq_q_ankle_l,ddq_pelvis_tx,ddq_pelvis_ty,ddq_pelvis_tilt,ddq_q_hip_r,ddq_q_knee_r,ddq_q_ankle_r,ddq_q_hip_l,ddq_q_knee_l,ddq_q_ankle_l
0.0,-1.5000000000000002e-05,0.03173661824323571,-0.033227279738741074,0.3333710235663167,-0.07850954718192767,-0.039185973765615334,-0.1689449760905069,-0.2486767802854555,0.14863494624405693,0.17590907711186135,-0.09815116876908637,0.40411420466950265,-0.42374951533853866,-2.076807032002724,-3.001367686289416,-0.6335501661981179,-2.0423782553797105,-0.5042901946406362,6.173008215233684,1.3294145641280477,12.89230556228401,-46.324091210499375,3.5840634602155754,-82.35223265979916,-7.786342652308529,-15.45657742015091,-27.41066497730633
0.01,0.0018784965256655197,0.03086040007544838,-0.02925535989883572,0.32807907230506145,-0.09881768521976698,-0.06159509457158725,-0.17327015383784286,-0.27248964515577273,0.14152533065157774,0.18936620854404995,-0.08760791839736241,0.3971987014524035,-0.5292802223774804,-2.030787161056703,-2.240357138248967,-0.43232070141753115,-2.3816335665411854,-0.711226501365391,1.3460551310000184,1.0546918182355358,-0.6901029443623468,-10.550983314331818,4.599960811627991,76.07974475631903,20.122677672652312,-33.92665897308075,-20.69999369410415
0.02,0.003927541264083699,0.03012487285404764,-0.02524070641057609,0.32209913050583744,-0.11913554708494459,-0.07813347491387443,-0.17554182098853116,-0.2998519173258261,0.1317299411739098,0.20490116589277166,-0.07352261156912186,0.4013977385187859,-0.5976145762383741,-2.032637045789963,-1.6518129573851,-0.22654944894632084,-2.7370958992329015,-0.9801251561864638,1.549735327595381,1.408769625953922,0.4115356328685986,-6.776668075987717,-0.27834280913871395,58.9489133191515,20.60016270154314,-35.56425307405788,-26.895681108438662
0.03,0.0059678830558608205,0.02954454266633276,-0.021542142574710803,0.31793250290228087,-0.143640120702429,-0.08425042395987677,-0.1747216964908091,-0.33159066324085135,0.11888510440470539,0.20405508948515355,-0.057976264495417075,0.3698342854873518,-0.4164131561083444,-2.451414455947088,-0.6079311802672667,0.08288398595594113,-3.175183630678213,-1.285679543121901,-0.08193627882724641,1.5558312429816272,-3.148155633849915,18.087121907485002,-41.84478351820757,104.46314980317858,30.937730384296927,-43.80939425584142,-30.588123447440243
0.04,0.008103935927890034,0.02916173725384882,-0.01785159912965519,0.3141340498423584,-0.17050667093862223,-0.07888188370551125,-0.17107861820028922,-0.3676431193746947,0.10182771312862651,0.21371611932897627,-0.03818215333995019,0.369240050032508,-0.38104026190025214,-2.685162997380254,0.5381314102339968,0.3651348044375276,-3.606727244357084,-1.7079764771896995,0.974667901246517,1.9817565444495295,-0.03720688908307571,3.3795452558425207,-23.089037411838365,114.22000282490953,28.190484961872833,-43.12712819805538,-42.29607002486942
0.05,0.010468543806196013,0.029024088447519886,-0.013814486038091283,0.30775018085801004,-0.19411831611571168,-0.06997057457213623,-0.16505782755534154,-0.40760425841198766,0.07900219670166829,0.2364350576950635,-0.013650285385435435,0.4035498704120401,-0.6385036314259092,-2.360931790926693,0.893788918048714,0.6040734332687373,-3.998544727453253,-2.285785897941263,2.2549326283224516,2.452320611543249,3.3903451545809378,-25.60416308353458,32.25458203188664,35.67532924759537,23.993051704243545,-39.24150889394866,-57.82612180187909
0.06,0.01269109900339647,0.029107613236685145,-0.01031471871289821,0.30202671821911,-0.21849221371160885,-0.05469606085397327,-0.15457618824289035,-0.4526385867181673,0.04944500004494521,0.22193125495148966,0.008458565358976078,0.34909313443741835,-0.5695741634341976,-2.4411136575490477,1.5339220689231845,1.0519991967290545,-4.506924112648786,-2.960305413315126,-1.4806731849839556,2.207640258809656,-5.5169040991617795,7.193634753553101,-8.431521316958587,64.35209378469823,44.941467840108416,-50.89723535968967,-67.52470704094763
0.07,0.014460470310198594,0.02937518270935712,-0.008048690896431069,0.2996208502815776,-0.24692946094310714,-0.03125298351026224,-0.13823124897120886,-0.5028724906846765,0.011665808745327383,0.17685519594076965,0.026900096848750932,0.22638326556081317,-0.24169637246740977,-2.840955106466641,2.3430983389093547,1.6370994481358168,-5.025313968979748,-3.7849736611287823,-4.477004726913528,1.846154376992734,-12.187213669313321,32.339284573531124,-39.24959442079685,80.0132915545526,58.3170520783961,-51.61703650614692,-82.642816726511
0.08,0.016118565131081838,0.02984115700732295,-0.006057973299883659,0.29541457763545553,-0.27105540231071545,-0.01016321860669344,-0.11835723153271985,-0.5553340226863992,-0.036959378410340596,0.16573735096786385,0.046736423900433345,0.19895270366822845,-0.4225584112054879,-2.4083678520820273,2.1056003345902967,1.9896645970227778,-5.246595321852739,-4.872843268000587,-1.1095636955557167,1.9810920170270496,-2.729445598772482,-18.15466568638146,43.36827652794491,-23.9556834765365,35.18270167817465,-21.946799590009277,-109.02054017833335
0.09,0.01767082708515805,0.030473128837653598,-0.0042418568508955255,0.2888779254256288,-0.28993670888393663,0.006908125801511616,-0.09593519993851747,-0.6074253414155704,-0.09917771642555084,0.15509620215073472,0.06332430391433912,0.18139734790716502,-0.6555096542411579,-1.8836238160656096,1.7040910081262661,2.2437704675758545,-5.206615341781212,-6.235382872038657,-1.0691582934285364,1.6557678901680999,-1.7638328460737798,-23.261246745338774,52.448825092329955,-40.07300412402552,25.309565290192133,4.309190573734272,-136.45364417093458
0.1,0.01906321939472055,0.031233079783850266,-0.002686060971427008,0.28041834458581844,-0.30401166379323474,0.021010586944613524,-0.07204934423403118,-0.6559230649647211,-0.17686085700550247,0.13904798472374474,0.07608990489509827,0.15527481267270687,-0.847548400683533,-1.403259326328582,1.40828559119131,2.3893835286818152,-4.844448371275249,-7.784350977232348,-1.6096548856345128,1.2717655240716053,-2.6191370611194524,-19.156476522255996,47.95679670457454,-29.4338137503388,14.463888502788308,36.47770096015511,-154.99824473901293
0.11,0.020243828380016104,0.032016453254204845,-0.0014138538830710532,0.27065146404153756,-0.3144421980785033,0.033925470356397404,-0.04714982336454378,-0.7019164284089081,-0.25709449576517046,0.1177882133871566,0.07820728733867208,0.12696147275130545,-0.9774799198247288,-1.0404168777202418,1.2918910570120112,2.491512637140363,-4.602773289159262,-7.996774252063019,-2.1324111967096195,0.18754120112962155,-2.823485104273189,-12.894290022451164,36.07534264490243,-11.375201920936684,10.283410789314413,23.207955249152075,-16.675474864383506
0.12,0.021207302079485443,0.03269408671221355,-0.00029141840716170555,0.2599793612354066,-0.322352567134245,0.047210276890752696,-0.021063536223719034,-0.7511661665377689,-0.31113112702047274,0.09615571461630497,0.06766486049307632,0.11224557438596275,-1.068660021151686,-0.7878157185536747,1.3289238379802286,2.6095438354463454,-4.929079046579808,-5.368637348299482,-2.1523238328071503,-1.0497615183262268,-1.4421806047382282,-9.178504036882918,25.29573262039541,3.7036764621510163,11.721829966546407,-32.66731681028882,263.4351543234637
0.13,0.022022712221978064,0.033308596802519595,0.0008575218861007284,0.24804973999761484,-0.32758984918560746,0.060752276799093737,0.005632837646674929,-0.8034032295132555,-0.3381089832124292,0.08137500051216263,0.06140784421410156,0.11497688060298147,-1.1946650919360882,-0.5203378414142237,1.354306858302501,2.6701150017072224,-5.226663366717306,-2.6674473857436487,-1.4737748065448728,-0.6191421849591908,0.28145846469000807,-12.61417924599305,26.73753940334055,2.499763375797503,6.004069276588527,-29.60455917207581,269.33362582687795
0.14,0.022665081945663787,0.03391462129102722,0.0019235986620087355,0.23492127515411332,-0.3300319228264996,0.07416383970655122,0.03294508752602913,-0.8569995395025696,-0.34510967627815115,0.06391374220386234,0.06063711283563387,0.10621870880316334,-1.3142884603605898,-0.24000827788013654,1.340577979068276,2.7325387747249645,-5.3597855887880135,-0.6788685989224942,-1.7610401589972062,-0.06869439568127426,-0.925191518487659,-11.92186319856887,28.089530638072716,-1.4444827249113161,6.324920177276668,-12.999374713523206,197.67345258578754
0.15,0.02305971416055615,0.034559425077192986,0.002655984189298184,0.22102700591114233,-0.3298344207663216,0.0867788902185988,0.061208209333277586,-0.910081375695898,-0.34025019968049736,0.03906747604115119,0.06456252701082815,0.07264665611707816,-1.3900887699430493,0.023009232387984566,1.2596482262337148,2.8277383794956346,-5.306314616968057,0.497632488364637,-2.489730087649755,0.3971882681169639,-3.375289289706685,-7.488846356150919,26.173719320209077,-8.220719022456107,9.521877880553811,5.557176907369478,116.51121883046407
0.16,0.02321893714701223,0.03527438592340313,0.003042976657537745,0.20651895458876088,-0.3272966955951445,0.09808974845962383,0.09010382473686163,-0.9610435512476284,-0.3290664855049466,0.015598755153357085,0.0716324839362029,0.038237115777209896,-1.4520618995490415,0.2577428555281097,1.1289185101396868,2.8900255302782005,-5.091412075037483,1.1258871829422765,-2.336693009104742,0.7120316207848275,-3.4234812263906162,-6.254183940754503,23.524373229554254,-13.092248798379101,6.119548085020583,21.780585702322444,62.3145740638931
0.17,0.023184938711466263,0.03608650419778708,0.0031382548424786867,0.19125316849269883,-0.322303869166911,0.10780952318515874,0.11905012953181941,-1.0080228599065975,-0.3144078214687312,-0.0037096390881494416,0.08139348421415141,0.009034180167384541,-1.5278053503032385,0.5033574291740679,0.9689372551943882,2.8943385184656765,-4.689710242085221,1.469767102427614,-1.9273320187901848,0.9798929855367334,-2.9205644796954924,-7.56313452851703,24.546620272147432,-16.07426815017428,0.3502512686308347,40.491792210324604,33.966228684889096
0.18,0.02298067969227268,0.03700735441949527,0.002950883115396763,0.17528746130962553,-0.3149693391660329,0.1155837858748032,0.14757363562171533,-1.0496398331361159,-0.29491461522814083,-0.020710731540264246,0.09228096350061213,-0.019227941587217523,-1.597782223763676,0.7375318780661164,0.7737379801789148,2.8512290943309817,-4.151393465540539,1.9616568501618932,-1.6956498835152833,1.089119663344384,-2.822917709221335,-6.988663491692769,23.393118588145484,-19.56837687618005,-4.394822070809245,53.99684625229415,50.03626695915274
0.19,0.022646279590259458,0.0380517963791547,0.0025334569731799337,0.15867795757269199,-0.30553102997557374,0.12107713006769957,0.1748324945096417,-1.0833112158805633,-0.27190258928750966,-0.03364559774242328,0.10469639368278115,-0.04211576599561207,-1.662118303353948,0.9475557991502164,0.5447351038361484,2.722630308168988,-3.3491726909659914,2.303220358257449,-1.2836708873480234,1.2462276464323438,-2.2738231050423416,-6.422159225367754,20.942443871719362,-22.973195994817633,-13.07379157538066,80.95405956682731,33.02018754665961
0.2,0.02221942821907752,0.039228049806011765,0.001955509673012933,0.1416074950437629,-0.2944172992230677,0.12362342258330242,0.19991253315293755,-1.106410364134985,-0.24663950529060477,-0.042847791706223555,0.11788470458311882,-0.058066274831082974,-1.7077613496738564,1.1143212872451855,0.2481327972891085,2.5031037146926085,-2.287593420437869,2.532274222620822,-0.9146692646445911,1.318200254422128,-1.5825319562505404,-4.511201919760708,16.576114275344484,-29.831119616639665,-22.104772275499236,106.51004309944148,23.30206556990684
0.21,0.02166615775692339,0.04050111680489102,0.0011698877745714709,0.1248768607800934,-0.28291851549164826,0.12312412951735925,0.22290730926464114,-1.1191151117788833,-0.21849998595652959,-0.05564256405018687,0.12746911878496206,-0.07907795327194238,-1.6715381738562518,1.1493981383630711,-0.056015732182208774,2.2955760098601106,-1.249789948077234,2.8198001084718425,-1.2944209247157001,0.9470928453850487,-2.124981985801993,3.857329496287932,3.138471305588321,-30.338978192400386,-20.624371070046475,103.49613017354156,28.709642126620082
0.22,0.02101204359837447,0.04183043716990526,0.00028045744410918016,0.10865218773956947,-0.27183202199163614,0.12137075675519121,0.24370138549347625,-1.1216230666765434,-0.18923892527087835,-0.06557779805289948,0.13303180465008624,-0.08901653105787895,-1.621602929136531,1.1075545311000115,-0.1762990963530768,2.0742489350011204,-0.22822783706314861,2.926758881052598,-0.9765735495730256,0.5490010538442374,-0.9456571900557925,4.917788358515364,-4.245456462378821,-11.469286094653787,-22.243320756876976,102.24891525587961,10.130692545916125
0.23,0.020318869219087328,0.04317592411303057,-0.0005524676906161348,0.09241161062507493,-0.26086822730948916,0.12020721042190584,0.2621534311869484,-1.1145368759932193,-0.1604124437670769,-0.0693707028053942,0.13455704160076734,-0.0830761888511013,-1.6244925799236323,1.0964657727056162,-0.11401027300259169,1.8398753809130632,0.7298140193962932,2.8809456024018494,-0.3668300294930988,0.1426160836262907,0.6243038848065375,-0.4271710678157768,-0.981784415355321,6.574765579264323,-23.430748809808243,95.55653572337951,-4.8275869557206255
0.24,0.01960159797685858,0.04449071061948936,-0.001300868647407453,0.0759035904709786,-0.24963673464027056,0.11969493847463919,0.2785262806825093,-1.0991382740628983,-0.1332017613162131,-0.07178521465794989,0.13137564200287818,-0.07464755304451111,-1.6515062188739709,1.1239869343670024,-0.05000143586852818,1.6325516190153246,1.558825642810244,2.7164617970904654,-0.24171031572616128,-0.3296750979484032,0.8394369261115863,-2.7272210036424704,2.829308324348441,6.2748617472696235,-20.64692892412572,82.57581367789095,-16.74057041627203
0.25,0.018842724494621557,0.045723643605930814,-0.002025577106587205,0.059221409040395113,-0.23810378596199108,0.11935584532089454,0.29321719345855574,-1.0769998609422027,-0.1058398495238465,-0.07600386829861976,0.12306039664688517,-0.07245599242130872,-1.66855703041625,1.1540045866973239,-0.0337420845601115,1.4651507616563468,2.2296322278066425,2.7381708216775387,-0.4276484167041338,-0.844493099310199,0.19998098730775374,-1.6643320024269685,2.9849505300414374,1.5113667670258146,-16.63786263425913,66.67128966995162,2.870746008155798
0.26,0.018060343456045003,0.04684808650969064,-0.0027022817507748897,0.04209846128029726,-0.2257779547514572,0.11874649915078363,0.3062522803043043,-1.048139301490554,-0.08460168928439467,-0.07828307669785636,0.112154401045824,-0.06751837539620656,-1.7136365471675488,1.2349697594225628,-0.06185859849898894,1.2991884672241438,2.9036504371317196,2.103367981723038,-0.22005222022449925,-1.0955217174530407,0.5078701759823782,-4.610101633071716,8.26673108503941,-2.9250117358301435,-16.619159687919804,67.52282583884816,-65.80415948771206
0.27,0.017227137513925166,0.0478171375261409,-0.0034209584000743855,0.024776275510176506,-0.21289686741167024,0.11787822987523648,0.3180471066288995,-1.0142711923816419,-0.06528755283936269,-0.08347591851225586,0.0964639256927934,-0.07203779651927646,-1.7325696276887192,1.2893863388993303,-0.08746448995795618,1.1764052719257994,3.399202200019886,1.929680736299051,-0.5304995735425515,-1.5835169191193692,-0.48581595545896666,-1.7856858786595031,5.317670342502021,-2.527346510854931,-12.132835742122815,48.948064412430554,-15.35514899961355
0.28,0.016269648219848065,0.0486144891667692,-0.004405402090306953,0.008101716390357883,-0.20047902131347747,0.11685386262565399,0.3287262684469813,-0.9749795670119676,-0.049205039935127697,-0.09612574050271229,0.07925447329137032,-0.0992786544258904,-1.6652881580294994,1.2400533727890424,-0.10283211907363701,1.064829839773821,3.94461803992697,1.5980475949043405,-1.2872571325634117,-1.7233381146676228,-2.7920102759169265,6.989560613061932,-5.248850784766606,-1.5093204665913817,-11.146702311790813,54.810583622234205,-34.031311519304786
0.29,0.015052274794733894,0.04921034493065541,-0.006024867854176196,-0.006409165106655397,-0.1904904318109625,0.11623176571858039,0.3390620980964643,-0.9314548507183156,-0.0335894906458751,-0.12253194891498823,0.05899475748832777,-0.16389976614202906,-1.4443427167356573,0.9911914063897401,-0.06084859478950683,1.0328800693836162,4.364165909549356,1.5614037157186411,-2.6823694541083056,-2.0355698717085793,-6.574563602956212,22.55920412304155,-25.49274711835366,4.381171286177586,-2.9375007505216337,41.509440657980804,-2.588823956920983
0.3,0.013535706911775131,0.04959884334495465,-0.00840771460502985,-0.01829773284229209,-0.18351436858005818,0.116304674482147,0.34919708791680915,-0.8836690614842213,-0.02127321070686992,-0.15255431331648822,0.03823161609106714,-0.24058171167963627,-1.1809695637754618,0.6885377107394405,0.009421755190378304,1.012912585133771,4.791325477258198,1.220913687696835,-3.0100338517028016,-2.0770403693611854,-7.696743214477315,26.431189343179224,-30.382732867416816,7.101670432048588,-1.9822171344862998,42.78296954155534,-35.139123073136986
0.31,0.0116932145458559,0.04975945108846067,-0.01164273423046134,-0.02730795376252738,-0.17984737338374415,0.11742797729184162,0.35961940451143715,-0.8332549702746913,-0.009844212355160666,-0.18500162963756267,0.01553363680793198,-0.3254716637352032,-0.8943765322519757,0.3590603614931221,0.11478915251203362,1.0429480111792926,5.047254288314435,1.1411958057408103,-3.250158920523609,-2.2744463207502963,-8.507391481850748,28.71043887064051,-33.0063405504447,10.618330421539186,3.1233553069332336,25.175609255057715,-7.293230257870699
0.32,0.009707331189646208,0.049708502004432845,-0.015304122274048728,-0.035196654231546706,-0.17731946547031316,0.11915009022665332,0.3689923919773671,-0.7786913209213866,-0.0014056882221256685,-0.19856698478302565,-0.005118143208042565,-0.3660972541379354,-0.7891404674991049,0.2531867437506823,0.17215174570011407,0.9369267837602913,5.457076464207831,0.843455543731575,-1.352435970157404,-2.064927493384039,-4.052688228191384,10.48054106174852,-10.530719636525248,5.722227279537845,-10.6279939053853,41.00416407269916,-29.77706649033012
0.33,0.00788796752213929,0.049469433231345575,-0.018646221692978557,-0.04519329295641551,-0.17169815079725198,0.12041713797061614,0.3754053794351362,-0.7184695240173177,0.004019976026292333,-0.1819167049745486,-0.023950733190448294,-0.3341871923052502,-0.9999091619518938,0.5625131671055023,0.12668039935022402,0.6407644378724581,6.023188541187489,0.5424689993911807,1.663087246516366,-1.8834659583413966,3.1856275595706514,-21.051902741151373,30.898413500766413,-4.538576573709206,-29.602224757003903,56.58304214245658,-30.03490340344781
0.34,0.006141471928910029,0.04903613043505042,-0.021929099738068013,-0.0560895707294621,-0.1646368917543368,0.12162528784435261,0.37943006292171283,-0.653525537872293,0.008500353382067621,-0.17467064684724576,-0.04338632820725059,-0.3283937921633355,-1.0893340293860958,0.7057988510283568,0.12094336867398597,0.4017143114667992,6.496514061325865,0.44624244922002954,0.719495328433875,-1.9428042013494033,0.5650028056959294,-8.875564157432446,14.237857072499262,-0.5568111537479798,-23.903159774503123,47.40047429538603,-9.793487585240127
0.35000000000000003,0.004328536631967283,0.04842798204156065,-0.025543193863896894,-0.06604470352520352,-0.15864360349773834,0.12325650125732984,0.3812150822871844,-0.5823006207418995,0.0072204894601312405,-0.1813245224946216,-0.06089154316327027,-0.36155635880984327,-0.9950306648972354,0.598726061954048,0.16337044664335146,0.17783610188670904,7.124351786195948,-0.13096290124516174,-0.6657399539036377,-1.7508724946756555,-3.317116495818938,9.440499422280423,-10.725349946045059,4.251091710532286,-22.35474399858375,62.69015728302468,-57.785428571680484
0.36,0.002458334554797388,0.04763768875285614,-0.029464755598115407,-0.07492070596636471,-0.15406991016933794,0.12549741700555353,0.3813956529491956,-0.5069505080476886,-0.00011546971715952927,-0.1870057673375706,-0.07912501502405522,-0.39220460847544525,-0.8872157615873139,0.4566556109331157,0.22446140510666918,0.017150588943715184,7.5363827359378925,-0.7340180434138238,-0.5626801239637393,-1.8234428305602088,-3.0510818922185097,10.759627757851408,-14.203851221151403,6.115506264315893,-16.0772145518102,41.107435180865245,-59.969423575008015
0.37,0.0006392008082667714,0.0466653703570987,-0.03341694189298307,-0.08314775332809811,-0.1508572783666442,0.12843825458723526,0.37980344215782963,-0.42939624505032936,-0.007349449520536596,-0.18182023544090414,-0.09734051451243292,-0.39507360605456504,-0.822536168345777,0.3204416919693891,0.2944920611116277,-0.16040795027989077,7.75566760015923,-0.7209345368324264,0.5263948867661619,-1.8210084802231936,-0.2659718895160412,6.438101319113907,-13.618477027956539,6.999761839763932,-17.766970825590697,21.78481206967216,1.6145959513024473
0.38,-0.0010175574501669928,0.04552353449795683,-0.0370987940708948,-0.09111718171242006,-0.1490324246030442,0.13201234800785208,0.3763631167427195,-0.3519033052067273,-0.011443481786540947,-0.16552799133260437,-0.11429122732233497,-0.3678981048962915,-0.7967931829986455,0.1813257814037953,0.35780193648164244,-0.3451976215813044,7.748109602170137,-0.40924815144793686,1.6333326390315226,-1.6931686246107964,2.729824545593398,2.5695601345686403,-13.93292575445505,6.3226182379965135,-18.45710362623192,-0.9069917540672428,30.88958586145704
0.39,-0.0024522512642670634,0.04423813076081126,-0.0403304667517096,-0.09892449813667353,-0.14885665070269516,0.1360959044484952,0.3714644386882602,-0.2769940012938613,-0.014357696983128164,-0.14324705636822743,-0.12864332291846406,-0.32267401633696596,-0.7807104329573733,0.016135165599466955,0.4086850672490278,-0.4906712762034828,7.486532940353503,-0.2881092291850227,2.2336788156125253,-1.43319170311527,4.539603030841686,1.5928808087019146,-16.531724649582948,5.076197850667363,-14.493431568346235,-26.47254938926457,12.437671360190564
0.4,-0.0036040913851615114,0.042837571494062324,-0.042920608858980185,-0.10673167328756925,-0.1504755625191597,0.14051310464398317,0.3657667636925117,-0.208291752436568,-0.013419644430251856,-0.11489776237224682,-0.14013702528794153,-0.2583336438374418,-0.780777498454547,-0.1636173920158992,0.44186623872670433,-0.5700761116321914,6.862571681081279,0.09689338784109128,2.838746607253183,-1.1458253632484467,6.447203203669334,-0.015355377544827726,-17.98652360787641,3.2950771758816186,-7.879330380941634,-62.67723981404092,38.43565270083032
0.41000000000000003,-0.004424845206543851,0.041360243408961994,-0.04471411862617158,-0.11466733765702632,-0.15398531651690642,0.14498785384155846,0.3598169382074427,-0.14872751061571887,-0.0073003977116039105,-0.08169529451678723,-0.1477851048193483,-0.1784165285963314,-0.793838304605466,-0.3529235975263483,0.44730625397740253,-0.5950515340385122,5.945331954647119,0.6212584857418517,3.3267398319564743,-0.7609286047000794,8.010326905917259,-1.3272883737331311,-18.93426853219542,0.5098565831980747,-2.4693548069381266,-91.99361234491182,53.04690974269849
0.42,-0.004862097264471425,0.03984929432559129,-0.045559322572954176,-0.12291561332292539,-0.159363270093818,0.14913373675238603,0.35379687989452496,-0.10020053431820104,0.004968187327712785,-0.04327567466387724,-0.1510945023683098,-0.08339745147640738,-0.8252736593422476,-0.5397824451146037,0.4138727904837308,-0.6020894609991375,4.840081546376102,1.2272696269159393,3.8453026774505377,-0.3249712810646942,9.51195537998334,-3.1587854058880365,-18.67027159007906,-3.3981087021629928,-0.704609684449093,-110.5706247674559,59.5857894530717
0.43,-0.004900288759791834,0.0383536310245493,-0.04540938447071142,-0.13150777270956338,-0.16658145170390337,0.15252761191231534,0.347815311956775,-0.06329275581872057,0.016426201895133847,-0.0033409139721326583,-0.14951736228402002,0.016182851390246215,-0.8595210200310911,-0.7241800392412602,0.3382463865547395,-0.5978791831777914,3.6759918210993923,1.1424161965126445,3.9923133759759932,0.16272437681691015,9.95454694240294,-3.4060814845727925,-18.460216730202767,-7.600019401446508,0.4590941861391708,-116.51721379175044,-8.881100446523154
0.44,-0.004580248377846519,0.03690991987655432,-0.044377120927271314,-0.14009992098139598,-0.17595790368659564,0.1549500404034591,0.3424662453780866,-0.039134340367829125,0.02417522263754674,0.0324074028244338,-0.14428015091508553,0.10420209183190784,-0.8587289824976118,-0.9409024517385839,0.2409010097397412,-0.533291942108715,2.3979281463516102,0.7682317710697293,3.5630695702471447,0.5276445268341423,8.769876369820457,0.16344014943192767,-21.74477961010313,-9.745641569737284,6.594442384811603,-128.00462714313835,-37.72909129938773
0.45,-0.003981188650587484,0.03554538395933799,-0.04268774415968265,-0.1481476642692518,-0.1879007922846696,0.1562471028681177,0.338573799930457,-0.02862626340686942,0.024903496010817747,0.06024990772436856,-0.13632317823176365,0.16971166266908502,-0.8036826120014781,-1.1980849853293085,0.12792092575493957,-0.38676317572926894,1.0314391942153323,0.05931364090835412,2.774970559270279,0.7990615768392201,6.522521234134145,5.563407893259933,-25.74850671508945,-11.33334072833702,14.729775508775607,-136.6595250961308,-71.5464193293284
0.46,-0.0031581447620755315,0.03427705815200179,-0.04052399392250977,-0.15529406503086543,-0.2025715177171875,0.15620100075001872,0.33654197802728225,-0.031606743302447,0.016167578409347867,0.08261022022884514,-0.1266799357627299,0.21696675752196984,-0.7130502529659147,-1.4712794211296216,-0.0067846711234279,-0.20018014851369142,-0.3181160806177512,-0.8877659849682422,2.2296045808211185,0.9656746237589623,4.701082761318389,9.106754914364446,-27.33434501304249,-13.497801232516844,18.69408132836208,-134.88740310744785,-94.67823327963372
0.47000000000000003,-0.0021371123553352383,0.033110196999475566,-0.03801193881686773,-0.1613124053251479,-0.22006092572598762,0.15461799864404333,0.33630236662266483,-0.046984592059145736,-0.0014209204013544512,0.10241604657139576,-0.1165213857924966,0.25169767106191593,-0.5998865332770964,-1.7535533168353934,-0.16094440150383746,-0.021382467497181767,-1.556378115579148,-1.772295359404485,1.9792318397689428,1.0160690961263876,3.4588033264663585,11.342536903232487,-28.240785677449004,-15.449749401907415,17.81572624791922,-123.53803192013878,-88.2817126792123
0.48,-0.0008577355186434337,0.032046239871983434,-0.03507366227877971,-0.1664026219245734,-0.24017849625703608,0.1511471075295092,0.33651181832241944,-0.07111449454961678,-0.025049991546760998,0.1284792969236118,-0.106218270525714,0.2947440348529195,-0.5078618620266091,-2.015902126627929,-0.3507051205358492,0.019944879727269313,-2.423708785296934,-2.3697203673752507,2.6279620221163738,1.03057733515022,4.345310385897114,9.1087600446036,-26.157305454196642,-19.059610828509737,3.7468134898670358,-85.80183467406192,-58.97226920421333
0.49,0.0007972690343153894,0.03109872889938957,-0.03152907945471602,-0.17092992657022998,-0.2626612716706565,0.14529190728702013,0.33398301893374516,-0.09506126084750774,-0.04803805032036947,0.16626649054061185,-0.0945216447734303,0.35565930338411395,-0.45187524705930077,-2.252483190097352,-0.5902326910203316,-0.2609431186011602,-2.385067899253706,-2.2909921625464724,3.798649092030045,1.173970514612288,6.115430729379545,5.560270121901414,-23.63954724485639,-24.044342501692693,-28.812068058612684,6.027080266831367,9.423867692218677
0.5,0.002789986862279871,0.030292090008825802,-0.027504237559898455,-0.17441694306342162,-0.28796214423829597,0.13669905991184814,0.3283291798109911,-0.11549121183688106,-0.06711198650836717,0.1998030896300067,-0.08037559558344474,0.40315713423413796,-0.34595168851626484,-2.536138970206932,-0.8646996430085463,-0.5695791167063873,-2.0386696410392893,-1.9004478464708874,3.325089365637183,1.4193820767207488,4.688462595725149,10.783152530600574,-28.532391005351638,-27.492537256718485,-30.418600929947985,34.03994981641425,38.92060312163978
0.51,0.0050176376696583445,0.029653064761657702,-0.023201355167381914,-0.17611008535993458,-0.31677295180488935,0.12494796514711631,0.32127360153341594,-0.13505083645374533,-0.08122949109235338,0.22318389650520293,-0.06354475429866731,0.43075522292327995,-0.16526728236392374,-2.8885631621214967,-1.1818619379369497,-0.7073907659963898,-1.9559422009699359,-1.4001450888681164,2.323615706523273,1.6887112876035786,2.7349331519520863,18.187605295461875,-35.35767771922031,-31.82528757063011,-13.514752417383267,7.805021606376255,50.47412867963841
0.52,0.007347849988831644,0.02920281341082322,-0.018906365613439433,-0.17503401362403403,-0.349945710803883,0.10945861878290239,0.31452323800646714,-0.1567105369730556,-0.08545134274546617,0.23311679559386392,-0.04461454100390833,0.4292079741102581,0.11431292020319861,-3.3272091089119735,-1.5572543975230633,-0.6730024689715474,-2.172810648018241,-0.39659975841488526,0.9577778549417755,1.8966510737568687,-0.23536745787229357,28.21190936885901,-44.07948926343374,-37.66663939226765,3.8474329155024924,-22.39534402407244,101.73881768964812
0.53,0.009722409651626214,0.028967680433411407,-0.014740699928971972,-0.17059576519216818,-0.38791519856631645,0.0891868566114623,0.307928602712255,-0.17969918394004367,-0.0805798535196647,0.23755293485395748,-0.023016744842715958,0.4162898746547034,0.45144311105234647,-3.80763647990602,-2.038614977867544,-0.6599625676540765,-2.299804588115346,0.504070886833465,0.44329460714691676,2.1666597906563854,-1.288920762525388,33.774652980992656,-48.07237108624782,-48.41767179274317,1.0325779481716157,-12.05689459848051,89.04821973350971
0.54,0.011840534660940363,0.028934306262685432,-0.011428007441798782,-0.1610578894231553,-0.4316570825593691,0.06313014133826489,0.30385395986015545,-0.20654309366162527,-0.0656685612367022,0.2109371968684482,-0.0028934494814448286,0.3286137240865588,0.9671163343504019,-4.388393690641521,-2.619596816908526,-0.39905652575676065,-2.6965261221005217,1.51654825799278,-2.76241274985618,2.0045956581037196,-9.011949559878605,52.12158492096699,-58.38931748511938,-58.30183599906365,27.01256334572311,-40.82372232690482,102.04654090580928
0.55,0.013592851546296886,0.029098082301153398,-0.009154566900112028,-0.1459101895213281,-0.4809598424725513,0.029502667226615945,0.3024641892525738,-0.23668865605024433,-0.042872765958531456,0.1743623196787317,0.016856301558837036,0.2249359455117792,1.5281366674087449,-4.943162870898179,-3.3822725051020037,-0.13332178056592975,-3.0208537464528935,2.295920586785365,-3.652987402426692,1.9765893661979708,-10.330437661150144,56.04675146803957,-55.27769951417966,-76.78391234137945,26.251934596108068,-31.776119220632513,76.88702207062492
0.56,0.01525821535047219,0.029474102334321094,-0.007112060607837955,-0.12701042624715667,-0.5334570027180345,-0.014229558779547754,0.2995009425385251,-0.26338857484162587,-0.020186299323276913,0.16652266130729004,0.03814404449981189,0.20424489059583797,1.8980409032481478,-5.256115655236302,-4.400039223994912,-0.3031914439951726,-2.6568383942705474,2.2632341954783244,-0.6919165361008823,2.133276025284461,-1.810802361207889,36.38605464077191,-30.570583898018324,-102.44639490022874,-18.303972235503434,38.436701443564054,-5.584313185256773
0.5700000000000001,0.016915572232330398,0.030041709758230773,-0.005021168376426686,-0.10563484151925112,-0.5864194391220149,-0.07055311155910517,0.2934139436666909,-0.28411817749135687,-0.0006943159786039804,0.1657131851165357,0.05724412436164152,0.20924804436801692,2.14353199291271,-5.2961081011038385,-5.6663921723597435,-0.6170889185590214,-2.0569341462469897,1.9402046697690942,-0.08179847440405565,1.9017344422521383,0.5173299216382372,24.30022361329631,-3.298305073765333,-127.27113457475572,-31.51884187447528,60.233238371137716,-32.65058343763593
0.58,0.01844700225180987,0.0307582895536386,-0.003130692515486247,-0.08246076693833063,-0.6369172780593595,-0.14159769911398004,0.2851731751023443,-0.29978118765382095,0.015285867103451192,0.15273822808137297,0.07204105564490648,0.18836256376425323,2.322003269679146,-5.0417978687671505,-7.145191937944635,-0.8293214753738681,-1.553185794083987,1.5884843905054178,-1.3368773417026802,1.4674348830896689,-2.1763011730006845,17.681378778545238,26.241067073434277,-148.43748984326447,-20.865589467620133,50.011237997063205,-35.19243172080992
0.59,0.01979128438536939,0.03157748106146706,-0.0015498103713170457,-0.05837527889624496,-0.6823233288008524,-0.22862225688649832,0.2752556927971143,-0.310994066969709,0.028955752917997936,0.13388654632409416,0.08218950936723565,0.1571946970187895,2.410752916022309,-4.5253674786838225,-8.747687041017377,-0.9963337240595993,-1.1089847054990236,1.3610517669978366,-1.8977688244693278,1.0017555065934542,-3.13571838253827,8.610602235335202,52.361515258412034,-160.55959406433152,-16.613295380802448,44.28657091940871,-22.335727730344654
0.6,0.020851664865910988,0.032298628276295795,-0.00032746538267930186,-0.032717011946967314,-0.7301159267250514,-0.2949289421778027,0.264865231840713,-0.31989331725372716,0.04229628933152593,0.10518203675864511,0.07176236349237985,0.12117942872303486,2.570667705312636,-4.788910494792103,-6.557687117667131,-1.0400153587626548,-0.88392758875815,1.333719051728639,-2.900927684606284,-1.1079992344171172,-3.6149414832506896,16.255687075166424,-28.979760063799777,231.37099563259005,-3.9780202402332625,21.80965716599018,-2.1331314324466573
0.61,0.021730498226667304,0.03293362216196754,0.000832987277622974,-0.0061495504604811525,-0.7814108110906804,-0.3322332474462068,0.2533997893175371,-0.3262089057589597,0.0560091233016616,0.08736625763061115,0.06324939774211137,0.11593432523476313,2.6592882638218396,-5.140051091511779,-3.6423675848393113,-1.149956930487992,-0.6236706560917459,1.3725226875750047,-1.7435605758899624,-0.8394830950309903,-0.4233026507106528,8.607600932622853,-35.17415143956539,292.8315091077843,-11.24302253962683,26.199744935426253,4.044050763334261
0.62,0.022424281200899752,0.03352926398029455,0.0019130955202099997,0.021078943967021375,-0.8351706874123906,-0.3456620995638844,0.2410997741236114,-0.3303177204658493,0.06931152971439389,0.06908688074673568,0.059507557235112876,0.10787701014449258,2.7238759386135913,-5.379699002428607,-1.3062108761596478,-1.2312892478142263,-0.4074418979398833,1.3295370025383821,-1.8297519247874916,-0.36661645880514143,-0.813283614911972,6.4270554486921405,-23.7770235039777,232.62553246508503,-8.081601497708721,21.549917509845848,-4.43451722470064
0.63,0.022882255811512518,0.03415252778695962,0.002707586066926968,0.04924778345001108,-0.8887928060987457,-0.3450093071892348,0.22775577502738134,-0.33137978760383974,0.0821188871883273,0.04576112805498539,0.062334741261274376,0.07939824847213771,2.8170034410212303,-5.362017893816684,0.06660387637850548,-1.3344900916891032,-0.10585900162558867,1.2805570230435352,-2.332761431374733,0.2831695421257321,-2.848802007582177,9.31072313029986,1.7862865056655217,137.20426057674126,-10.313261561474294,30.147472105740853,-4.909488053183878
0.64,0.02310026144671201,0.034834390577979775,0.00316807211451801,0.07817249745174014,-0.9409764289443244,-0.3357096024186053,0.21377951988751934,-0.3300809554090742,0.09372313344186049,0.021754979581880392,0.0682077923824484,0.04598992371974487,2.892512920817737,-5.217607280837698,0.9313009158461031,-1.3978577753463775,0.13052878110947247,1.1601266138789492,-2.3990625814487103,0.5880864528173957,-3.3381392623828097,7.5346507606716635,14.485601718721291,86.37888587768975,-6.3452145930637975,23.645535275379622,-12.043023259684459
0.65,0.023134239418607375,0.03560524857203016,0.003386206386201096,0.1072277324039756,-0.9899178789858265,-0.3213774325961703,0.1988957116813704,-0.3262131283789334,0.10405954945145159,0.0033336373152761042,0.0771230500233661,0.021713111598491312,2.9054612934521957,-4.892451041852388,1.433988321486756,-1.4886098180979919,0.38757035180604876,1.0330116723635703,-1.8421666528584215,0.892260802910844,-2.4295527178386043,1.2824102722746469,32.58134243760463,50.15597919921982,-9.065259841413138,25.692124334700637,-12.733438012813007
0.66,0.022994629677142334,0.0364841686935583,0.0033364945801582016,0.1359971820222816,-1.0338339101091298,-0.3040821392203346,0.18327320408962436,-0.31999031842332964,0.11262270542342565,-0.014006908531327945,0.08794234906990608,-0.0050314153194045705,2.876518355740045,-4.388951983157015,1.7329309262040096,-1.5628021222034614,0.6235731998201691,0.8556403625473491,-1.7302779202637557,1.0821809095646548,-2.6673516302780578,-2.9300821588722923,50.398706932157054,30.14305843995369,-7.445752233791985,23.629119308888605,-17.72320511256494
0.67,0.022757119027414573,0.03747964496859129,0.0031556962546620583,0.16367660902185913,-1.0712516835467412,-0.2804402652060948,0.16643442150700183,-0.3109098497415508,0.11954813727220372,-0.02379096404177677,0.09962150414164223,-0.018140955693824123,2.766984248760371,-3.7367174515379316,2.3642047517602682,-1.6844909805795596,0.9095060636165273,0.6913109022920809,-0.9767275259257452,1.1691900007964546,-1.3096625008257272,-10.998527828282556,65.41128015823935,62.69983762478089,-12.16255946943728,28.580853571629216,-16.47495574324557
0.68,0.02244124260277531,0.03860753388149696,0.002845910812864342,0.18951727350970363,-1.0991329153687421,-0.25618418222748407,0.148628292782339,-0.29938333810133044,0.12408684420747153,-0.03165187030248737,0.11286656011150682,-0.03110599320471715,2.58266577371043,-2.781283847292425,2.427522720183331,-1.780831452760548,1.153634487755239,0.4519962686743834,-0.7878530590609385,1.3235091931742669,-1.3022037465277287,-18.459502183328016,95.63203452053648,6.527347064112929,-9.581840571465838,24.336294940814675,-23.97461571999495
0.6900000000000001,0.022023278013129935,0.039848483262368735,0.0023418391746035713,0.21319186740092935,-1.1164479514310508,-0.22912378129055025,0.1305976288326402,-0.2865228133654256,0.12561959334852174,-0.04187872522421374,0.12416063716862322,-0.050543449096295434,2.3658612825105765,-1.7237343019881288,2.7077163177919945,-1.8029467428828712,1.2865674660288555,0.15078749162354982,-1.0235271302850695,1.126937300389303,-1.9426322265315044,-21.678571438768294,105.74226865101066,27.964336840165775,-2.1731317111984496,13.229312468950805,-30.154378044087466
0.7000000000000001,0.021482343143255908,0.041166802602237616,0.001634731911455231,0.23474781780894013,-1.1233060075779364,-0.20040316989235227,0.11299685062099825,-0.273467478462689,0.1242035391512872,-0.05422716969620387,0.1318709481009262,-0.07092997421207832,2.1538766988977187,-0.6769410691929989,2.8720359717674118,-1.7590670731418587,1.3045005787679902,-0.14314567437989775,-1.239020151748487,0.767370986035483,-2.0453413554817237,-21.18886051138989,104.68539435398483,16.233205215522876,4.478326172864497,1.6263938456423381,-29.26125797641089
0.71,0.02080507122830829,0.042519503634235775,0.0007254765275166722,0.2542091687948396,-1.119879796685195,-0.17194941242011644,0.09640710545255717,-0.26155047008568105,0.12176824757593038,-0.06780461654025946,0.13527511907273135,-0.09098275886603009,1.9440273130014278,0.3517994997768955,2.8445768769819235,-1.6584534544108804,1.1908265076054505,-0.2426275218317733,-1.350311357232525,0.33643280667716496,-1.9858843550886085,-21.00426666810559,102.79873487666444,-2.825489771527739,9.998517519525022,-11.338480520940678,-9.67733668286017
0.72,0.020046826202560254,0.043862038019414046,-0.00024331076649824552,0.27155040768393596,-1.1071984696554988,-0.14466354676669924,0.0803311370544819,-0.2504888388122395,0.12028335098563649,-0.07590635425974415,0.13420862039353304,-0.09693821115425048,1.7321696108416325,1.276717559379484,2.7266610733677186,-1.6071473253356543,1.105430733256935,-0.14751227758974683,-0.8097889847665286,-0.1118498471286292,-0.5951565515817088,-21.14700222317491,92.33072312820707,-11.89921995568236,5.117559918475463,-8.515415649819488,9.509541781531754
0.73,0.019231412897091026,0.04514716853558974,-0.0012215080770809814,0.28701330802443986,-1.0866918238451908,-0.11914788364304292,0.06440233884695479,-0.23969816824296797,0.11948477824004368,-0.08156147318097147,0.12841714388079795,-0.09772987354749477,1.5441396302998118,2.058725891256759,2.549709251391916,-1.59331156534622,1.0796691206721087,-0.07960477296246467,-0.5583351335458686,-0.5839819395548064,-0.06316156562332492,-18.804023881219944,78.06232568029436,-17.669175242631287,1.2881624471827604,-2.4311713847018566,6.7062906503610185
0.74,0.018361375812879454,0.046331318646854344,-0.002220567965855244,0.3008702213671557,-1.0596082286280069,-0.0955226799533827,0.048478892046342946,-0.22883218650144363,0.11885726638965233,-0.087145844673571,0.11825562625471266,-0.10013215590689795,1.3842578854896428,2.715542854261849,2.3596450025037616,-1.5915665588579226,1.0857822591721051,-0.06263982508007988,-0.5708523028844226,-1.0218445238230447,-0.2736653992006527,-15.894833831766903,65.51864127898791,-19.094887700588952,0.30329918880800755,0.45949756054362273,1.6796538220598507
0.75,0.01739052195432511,0.047374105932418684,-0.003376606085937964,0.3135777153717225,-1.0270852996012003,-0.07396783411967428,0.03300862215615471,-0.21835870684646408,0.11825788482410544,-0.09719420072440177,0.10406464396174846,-0.1157657673043299,1.2692205497261173,3.258911576610516,2.153182909113342,-1.5467523759148718,1.047328896385774,-0.06001828173589744,-1.0002206806275764,-1.4234291400273864,-1.554862408700913,-11.501739831076787,54.219216423126426,-20.563216262048005,4.423000772117559,-3.7563188116418598,0.24146300383357613
0.76,0.01631902100381526,0.04824754428970572,-0.004713843972192675,0.32526462368928133,-0.9897723222964797,-0.05509823795025256,0.017948374126139338,-0.20814033596965825,0.11764562472722619,-0.10733019127315854,0.08708272809037691,-0.13409394643867875,1.1674400948756734,3.737921256773961,1.8813410532064028,-1.5050629434664637,1.0210333133979574,-0.06115950612697556,-1.0201264985902099,-1.7014089293898653,-1.8530761647774798,-10.137633277884008,47.850833001191255,-27.509051582526844,4.237801776943883,-2.710434644541499,-0.09836975686953468
0.77,0.015103438986968542,0.04892763291217362,-0.00637056041016098,0.33619328384060765,-0.9482933589086554,-0.03781615343642123,0.00378815565931261,-0.19876888842480844,0.11720173067521152,-0.12181234657877986,0.06769093774707523,-0.16626990651825593,1.091889168132809,4.1535589338686325,1.7297343268165832,-1.4142400772074966,0.9353474976013308,-0.04392107233577546,-1.454578416101674,-1.9431856917323453,-3.238511726181594,-7.517904393893135,41.41737228444144,-14.382976794164058,9.160092769599999,-8.665435414202534,1.7648593002944444
0.78,0.013758942864532333,0.049404299094265296,-0.00833718268199165,0.34626586374273877,-0.9026832236040422,-0.02362353001259752,-0.009623878450372788,-0.19000163005818646,0.11694997899048822,-0.13460221458010974,0.047338633912136274,-0.19704239543754842,1.0054989017548273,4.568507189858263,1.4076152668624633,-1.3406395618278704,0.8766464821853035,-0.025041647136497508,-1.2668089592002256,-2.034150728418789,-3.050743970004413,-8.713285690817214,41.646156042492024,-33.58220427564593,7.222426980901041,-5.680749722624363,1.8502520785528678
0.79,0.01228708083719553,0.04966910177911103,-0.010636720564241978,0.35554442723357293,-0.8533403074562713,-0.013374079508272728,-0.022295310860760493,-0.18179228458134145,0.11698408193471735,-0.14745924633086788,0.026094648482356417,-0.2306847884238008,0.9269011710954144,4.93949975074601,1.0228938799616234,-1.26525638426687,0.8191936975100369,0.004216362409922922,-1.297183793351868,-2.1282966152996248,-3.3980838047482966,-7.765757428929296,36.81636762904132,-37.408443099974185,7.671391497005601,-5.916334245190664,2.9944068963612085
0.8,0.01066559663809553,0.04971784839103421,-0.013357598624947894,0.3640475788859109,-0.8005357420974134,-0.004868449415783987,-0.03385085725990977,-0.17468131938712403,0.11753984749884051,-0.162412490130636,0.004486286013800501,-0.27286231436108566,0.8485719379596273,5.287469642772054,0.8465636942619478,-1.1534633755761534,0.7089432148130035,0.05661613108943062,-1.492786520050403,-2.158844996851379,-4.2179309511800875,-7.908653941758904,34.95262039446092,-17.8220632570209,11.18927121253836,-11.057361476477297,5.259329927481546
0.81,0.008930316638587298,0.04955689079232052,-0.016442910623057288,0.37144752358544925,-0.7440813393742679,0.002479047927407002,-0.044554767073330746,-0.16834050053839889,0.1185778146758422,-0.17370879046166496,-0.016499341637784656,-0.3091612015701783,0.737656368760463,5.652282758560679,0.7338499147690973,-1.0691203710876513,0.633120729647835,0.10461971210499395,-1.1195571191443852,-2.0979648280109533,-3.610644580996643,-11.143247430880962,36.424545074129156,-10.929023811391845,8.337892255662346,-7.447136421383124,4.772192524648895
0.8200000000000001,0.007127854993859317,0.04920237324496385,-0.019810892656384617,0.37712921176841846,-0.682955093119642,0.007852820935123872,-0.05468871781194473,-0.1624651120855804,0.11996901747787857,-0.1803509777893618,-0.035827475939295014,-0.33732136126671913,0.5640511411542302,6.123515277805475,0.5315247391904347,-1.0123404034528465,0.5866295520704267,0.13975158500835017,-0.6554164790668365,-1.9277994273911687,-2.8016476489013376,-17.531884600339595,47.504994542671014,-20.73913176596491,5.648971412838773,-4.638672624976431,3.489036392880948
0.8300000000000001,0.005277764747482899,0.04867326117761177,-0.023445249152947236,0.38055132179144086,-0.6157850145889715,0.007978925462390606,-0.06416897973999729,-0.1572666246290415,0.12168871570497616,-0.18510634473243295,-0.05327262446086834,-0.36401455258482557,0.3371245397168,6.730680561230132,-0.0012400262828900542,-0.9464796975029975,0.5181469319702322,0.17269134179565063,-0.47423499531777424,-1.7411452343552498,-2.6724394301800043,-22.771945688748193,60.94891765134863,-54.07279312347131,6.631539387221078,-6.9255105268825154,3.300110193857117
0.84,0.003394496223325983,0.047974229944212125,-0.02733859737589702,0.381527702159452,-0.5423126956652224,0.0032019798126615476,-0.07284445120827704,-0.1530797809758997,0.12383713989606178,-0.18838831114872562,-0.0702832391880585,-0.38990082437562484,0.09211169902307784,7.361202439568549,-0.48703037421903383,-0.8656679375473946,0.41620660693362477,0.215892325769143,-0.32402643570210377,-1.7012560881562588,-2.5845145158163274,-24.522270299394478,63.01726646762098,-48.0463592275845,8.108101085884497,-10.265975938705926,4.350539363844979
0.85,0.0014797592898339958,0.047100536599680234,-0.03149446839529878,0.3806386947316464,-0.46426235105329616,-0.006647709956458088,-0.08054711170992618,-0.1502596214694672,0.1266369654562732,-0.19155073674322937,-0.0877809109180277,-0.41620790527668305,-0.09269290495308428,7.814173369365124,-0.9976235426959286,-0.7678758158667427,0.27859117560823915,0.2816688281049807,-0.3175696239860708,-1.751270925158933,-2.6337686074114828,-18.276039026630627,44.73409595911676,-51.35913540680804,9.823351323997956,-13.847952023316981,6.63853730651512
0.86,-0.00038370145006601605,0.046045942690265476,-0.035681204364978424,0.3784828173861186,-0.385609010804635,-0.014713271410647384,-0.08755067855070371,-0.14889898490769904,0.13019130399088147,-0.1861522621012525,-0.10590303322987357,-0.4185558337917451,-0.21837492897446198,7.8640837351049395,-0.7963080476672094,-0.6989232034269512,0.13252089577023415,0.35729489682305615,0.5681523279974324,-1.8137144645419392,-0.1558064409576889,-12.447773296791363,3.878172704343684,22.551900828125127,6.785970997779652,-14.604160303046285,7.573242139001836
0.87,-0.002090206398071524,0.04482636838845111,-0.039591694750683186,0.37541700520466903,-0.30987387234284836,-0.01908773995749457,-0.09424867828852392,-0.14903317855094922,0.13441602112569317,-0.1701975092170063,-0.12236251012716419,-0.3901856174785277,-0.3087145958640305,7.56439469563538,-0.428479566103063,-0.6692309201088407,-0.017230923441767805,0.4241004246377628,1.6214185232685685,-1.6400960880715705,2.913515795149432,-8.954710818881672,-30.776108200081552,36.60740626121113,2.873932513917775,-14.988003057262233,6.6487197135090215
0.88,-0.00345000819487567,0.04347082278147864,-0.042717304350809705,0.3706784139415712,-0.23896979353906894,-0.012499404346045101,-0.10151108230111942,-0.15028868873177906,0.13893393344002952,-0.1349639067176364,-0.13589732376526087,-0.31022051460458566,-0.47877526377749774,7.07693560983144,0.692282471555033,-0.7282153696995818,-0.1282621324254598,0.45234502671906573,3.5796862426785334,-1.3454066294821365,8.145519144578637,-17.284752270847758,-49.15844629367276,114.56766107872511,-6.163424383999922,-10.974062277789747,2.706877372259828
0.89,-0.004376439132274045,0.04203021215898748,-0.044795443868544144,0.36406309209092136,-0.17374315106065283,-0.005549051583158368,-0.10960997689400531,-0.1527387534055984,0.1433406296605612,-0.09143543557680515,-0.14426968717960248,-0.20487201311154382,-0.6666598187454175,6.506874581657254,0.6895775233584285,-0.8122178238894292,-0.24835317404431043,0.4401981151811269,4.368647707127791,-0.8220506573567058,10.587835015543764,-18.791135351762748,-57.19287853393464,-4.4180248011985395,-8.429038028917976,-12.06416539222309,-1.3227135357913324
0.9,-0.004922128773353119,0.0405408049276255,-0.045929112104238244,0.3570813632240948,-0.1181743129023063,0.001280830518821407,-0.11809711120866441,-0.1569253164724509,0.1475297039570854,-0.05351777848637788,-0.1490671133846846,-0.11075091476021778,-0.6985707323756627,5.5279222009161835,0.6834412046933579,-0.8496155382435038,-0.4237851031324304,0.418272739855673,3.771074706089295,-0.47046795855461854,9.367399306182401,-2.68347707023582,-99.19597342140426,0.0171582287552724,-3.5837643677581372,-17.71462958166075,-2.207615875005855
0.91,-0.005108459959909945,0.03904016159814829,-0.046164103585173054,0.350644746684672,-0.07510720947825258,0.011607608506365018,-0.12675307967195398,-0.16308015087704278,0.15123738951629953,-0.01758464951222921,-0.15008643076591963,-0.02087568561656881,-0.6418435866073573,4.269365847837121,1.0439973469654427,-0.866042795453924,-0.6212979324130627,0.36927567879444867,3.5892235891114983,-0.09070565081087796,8.978824443753746,5.902953143667397,-126.61624450413449,37.17596440937157,-1.5923579266422956,-19.80349874005227,-4.9860158143678035
0.92,-0.004943269971673661,0.037572592581597584,-0.04551844910080792,0.3450762290655575,-0.045487116263835545,0.02131342579109895,-0.135414270703084,-0.17138826890338432,0.15413123333356973,0.017581900226035972,-0.14664765973932256,0.06722851985489707,-0.5541678960964117,2.921137998160302,0.9676967747345854,-0.8661019806299838,-0.8373692281810508,0.28685208086088654,3.5144749423105965,0.3575154877485475,8.805326752478258,8.8506001379626,-135.05621126782154,-9.13632232896138,0.043455528838905376,-21.66348507760169,-8.344456347635274
0.93,-0.004456937438953502,0.0361748351344252,-0.04408819053376548,0.3407728151137271,-0.030013781257336794,0.026167143946275517,-0.14372668668309815,-0.18224460980320709,0.1559766895712326,0.04889743388987415,-0.13971514094353213,0.14366836324573312,-0.4292475227350883,1.535491111295462,0.4810311892414613,-0.8309178207648199,-1.087786971371143,0.18365114019312642,3.1281264361190244,0.6960732283798345,7.633544649733262,12.524037718307333,-138.59324950286046,-49.001091004791604,3.548757618875509,-25.070344236407518,-10.337166953795345
0.9400000000000001,-0.003712209251354244,0.034868977563404735,-0.04207011269676323,0.3381751328178393,-0.028533692139040667,0.023074227874916187,-0.15129083997929813,-0.19584058511377347,0.1565553620512921,0.07451181724337981,-0.13056785333805854,0.20188655458686905,-0.2594719754914439,0.14578195594550417,-0.31115827749659747,-0.7562502593206348,-1.3600742088463378,0.05760820874737052,2.5608576237759455,0.9149558828941731,5.819421192035412,16.977831980695484,-138.95154692722255,-79.27315368346545,7.470677620949806,-27.22933700640068,-12.608770442142061
0.9500000000000001,-0.0027429885049856744,0.03366656160236134,-0.039604370554866736,0.3372554066822758,-0.039770265664064705,0.009321561561541023,-0.15788577387990024,-0.2122012739307535,0.15562557687187958,0.09698114291751309,-0.12021324830221154,0.2466747393132838,-0.09161307392125596,-1.1266963038600808,-1.377815388293299,-0.6591815946348504,-1.6368582935929663,-0.09342715851114769,2.246696203309539,1.0354789994409055,4.4764016068722,16.774886947799388,-127.19983559255243,-106.6256354956018,9.712244337816005,-27.682480657615535,-15.10777894922848
0.96,-5e-06,0.031746618243235714,-0.03321727973874107,0.3333810235663167,-0.07849954718192767,-0.03917597376561533,-0.16893497609050692,-0.24866678028545552,0.1486449462440569,0.17590907711186135,-0.09815116876908637,0.40411420466950265,-0.42374951533853866,-2.076807032002724,-3.001367686289416,-0.6335501661981179,-2.0423782553797105,-0.5042901946406362,6.173008215233684,1.3294145641280477,12.89230556228401,-46.324091210499375,3.5840634602155754,-82.35223265979916,-7.786342652308529,-15.45657742015091,-27.41066497730633
0.97,0.0018884965256655197,0.03087040007544838,-0.02924535989883572,0.32808907230506146,-0.09880768521976699,-0.06158509457158725,-0.17326015383784288,-0.2724796451557727,0.14153533065157772,0.18936620854404995,-0.08760791839736241,0.3971987014524035,-0.5292802223774804,-2.030787161056703,-2.240357138248967,-0.43232070141753115,-2.3816335665411854,-0.711226501365391,1.3460551310000184,1.0546918182355358,-0.6901029443623468,-10.550983314331818,4.599960811627991,76.07974475631903,20.122677672652312,-33.92665897308075,-20.69999369410415
0.98,0.0039375412640836995,0.030134872854047638,-0.02523070641057609,0.32210913050583745,-0.11912554708494459,-0.07812347491387443,-0.17553182098853118,-0.2998419173258261,0.13173994117390977,0.20490116589277166,-0.07352261156912186,0.4013977385187859,-0.5976145762383741,-2.032637045789963,-1.6518129573851,-0.22654944894632084,-2.7370958992329015,-0.9801251561864638,1.549735327595381,1.408769625953922,0.4115356328685986,-6.776668075987717,-0.27834280913871395,58.9489133191515,20.60016270154314,-35.56425307405788,-26.895681108438662
0.99,0.005977883055860821,0.02955454266633276,-0.021532142574710804,0.3179425029022809,-0.14363012070242903,-0.08424042395987677,-0.17471169649080912,-0.33158066324085134,0.11889510440470538,0.20405508948515355,-0.057976264495417075,0.3698342854873518,-0.4164131561083444,-2.451414455947088,-0.6079311802672667,0.08288398595594113,-3.175183630678213,-1.285679543121901,-0.08193627882724641,1.5558312429816272,-3.148155633849915,18.087121907485002,-41.84478351820757,104.46314980317858,30.937730384296927,-43.80939425584142,-30.588123447440243
1.0,0.008113935927890033,0.02917173725384882,-0.01784159912965519,0.3141440498423584,-0.17049667093862225,-0.07887188370551125,-0.17106861820028924,-0.3676331193746947,0.10183771312862651,0.21371611932897627,-0.03818215333995019,0.369240050032508,-0.38104026190025214,-2.685162997380254,0.5381314102339968,0.3651348044375276,-3.606727244357084,-1.7079764771896995,0.974667901246517,1.9817565444495295,-0.03720688908307571,3.3795452558425207,-23.089037411838365,114.22000282490953,28.190484961872833,-43.12712819805538,-42.29607002486942
1.01,0.010478543806196013,0.029034088447519885,-0.013804486038091283,0.30776018085801005,-0.1941083161157117,-0.06996057457213624,-0.16504782755534156,-0.40759425841198765,0.07901219670166829,0.2364350576950635,-0.013650285385435435,0.4035498704120401,-0.6385036314259092,-2.360931790926693,0.893788918048714,0.6040734332687373,-3.998544727453253,-2.285785897941263,2.2549326283224516,2.452320611543249,3.3903451545809378,-25.60416308353458,32.25458203188664,35.67532924759537,23.993051704243545,-39.24150889394866,-57.82612180187909
1.02,0.01270109900339647,0.029117613236685144,-0.01030471871289821,0.30203671821911,-0.21848221371160886,-0.05468606085397327,-0.15456618824289037,-0.4526285867181673,0.04945500004494521,0.22193125495148966,0.008458565358976078,0.34909313443741835,-0.5695741634341976,-2.4411136575490477,1.5339220689231845,1.0519991967290545,-4.506924112648786,-2.960305413315126,-1.4806731849839556,2.207640258809656,-5.5169040991617795,7.193634753553101,-8.431521316958587,64.35209378469823,44.941467840108416,-50.89723535968967,-67.52470704094763
1.03,0.014470470310198593,0.02938518270935712,-0.00803869089643107,0.2996308502815776,-0.24691946094310716,-0.03124298351026224,-0.13822124897120888,-0.5028624906846766,0.011675808745327382,0.17685519594076965,0.026900096848750932,0.22638326556081317,-0.24169637246740977,-2.840955106466641,2.3430983389093547,1.6370994481358168,-5.025313968979748,-3.7849736611287823,-4.477004726913528,1.846154376992734,-12.187213669313321,32.339284573531124,-39.24959442079685,80.0132915545526,58.3170520783961,-51.61703650614692,-82.642816726511
1.04,0.016128565131081837,0.02985115700732295,-0.006047973299883659,0.29542457763545554,-0.27104540231071544,-0.01015321860669344,-0.11834723153271985,-0.5553240226863992,-0.03694937841034059,0.16573735096786385,0.046736423900433345,0.19895270366822845,-0.4225584112054879,-2.4083678520820273,2.1056003345902967,1.9896645970227778,-5.246595321852739,-4.872843268000587,-1.1095636955557167,1.9810920170270496,-2.729445598772482,-18.15466568638146,43.36827652794491,-23.9556834765365,35.18270167817465,-21.946799590009277,-109.02054017833335
1.05,0.01768082708515805,0.030483128837653597,-0.004231856850895525,0.2888879254256288,-0.2899267088839366,0.006918125801511616,-0.09592519993851747,-0.6074153414155704,-0.09916771642555085,0.15509620215073472,0.06332430391433912,0.18139734790716502,-0.6555096542411579,-1.8836238160656096,1.7040910081262661,2.2437704675758545,-5.206615341781212,-6.235382872038657,-1.0691582934285364,1.6557678901680999,-1.7638328460737798,-23.261246745338774,52.448825092329955,-40.07300412402552,25.309565290192133,4.309190573734272,-136.45364417093458
1.06,0.01907321939472055,0.031243079783850266,-0.002676060971427008,0.28042834458581845,-0.30400166379323473,0.021020586944613524,-0.07203934423403119,-0.6559130649647211,-0.1768508570055025,0.13904798472374474,0.07608990489509827,0.15527481267270687,-0.847548400683533,-1.403259326328582,1.40828559119131,2.3893835286818152,-4.844448371275249,-7.784350977232348,-1.6096548856345128,1.2717655240716053,-2.6191370611194524,-19.156476522255996,47.95679670457454,-29.4338137503388,14.463888502788308,36.47770096015511,-154.99824473901293
1.07,0.020253828380016103,0.03202645325420485,-0.0014038538830710532,0.27066146404153757,-0.3144321980785033,0.03393547035639741,-0.047139823364543774,-0.7019064284089082,-0.25708449576517045,0.1177882133871566,0.07820728733867208,0.12696147275130545,-0.9774799198247288,-1.0404168777202418,1.2918910570120112,2.491512637140363,-4.602773289159262,-7.996774252063019,-2.1324111967096195,0.18754120112962155,-2.823485104273189,-12.894290022451164,36.07534264490243,-11.375201920936684,10.283410789314413,23.207955249152075,-16.675474864383506
1.08,0.021217302079485443,0.03270408671221355,-0.0002814184071617056,0.2599893612354066,-0.322342567134245,0.0472202768907527,-0.021053536223719034,-0.751156166537769,-0.31112112702047273,0.09615571461630497,0.06766486049307632,0.11224557438596275,-1.068660021151686,-0.7878157185536747,1.3289238379802286,2.6095438354463454,-4.929079046579808,-5.368637348299482,-2.1523238328071503,-1.0497615183262268,-1.4421806047382282,-9.178504036882918,25.29573262039541,3.7036764621510163,11.721829966546407,-32.66731681028882,263.4351543234637
1.09,0.022032712221978064,0.0333185968025196,0.0008675218861007284,0.24805973999761483,-0.32757984918560745,0.06076227679909374,0.005642837646674929,-0.8033932295132555,-0.3380989832124292,0.08137500051216263,0.06140784421410156,0.11497688060298147,-1.1946650919360882,-0.5203378414142237,1.354306858302501,2.6701150017072224,-5.226663366717306,-2.6674473857436487,-1.4737748065448728,-0.6191421849591908,0.28145846469000807,-12.61417924599305,26.73753940334055,2.499763375797503,6.004069276588527,-29.60455917207581,269.33362582687795
1.1,0.022675081945663787,0.033924621291027225,0.0019335986620087355,0.2349312751541133,-0.3300219228264996,0.07417383970655121,0.03295508752602913,-0.8569895395025696,-0.34509967627815114,0.06391374220386234,0.06063711283563387,0.10621870880316334,-1.3142884603605898,-0.24000827788013654,1.340577979068276,2.7325387747249645,-5.3597855887880135,-0.6788685989224942,-1.7610401589972062,-0.06869439568127426,-0.925191518487659,-11.92186319856887,28.089530638072716,-1.4444827249113161,6.324920177276668,-12.999374713523206,197.67345258578754
1.11,0.02306971416055615,0.03456942507719299,0.002665984189298184,0.2210370059111423,-0.32982442076632157,0.0867888902185988,0.06121820933327759,-0.910071375695898,-0.34024019968049735,0.03906747604115119,0.06456252701082815,0.07264665611707816,-1.3900887699430493,0.023009232387984566,1.2596482262337148,2.8277383794956346,-5.306314616968057,0.497632488364637,-2.489730087649755,0.3971882681169639,-3.375289289706685,-7.488846356150919,26.173719320209077,-8.220719022456107,9.521877880553811,5.557176907369478,116.51121883046407
1.12,0.02322893714701223,0.03528438592340313,0.003052976657537745,0.20652895458876086,-0.3272866955951445,0.09809974845962383,0.09011382473686162,-0.9610335512476285,-0.3290564855049466,0.015598755153357085,0.0716324839362029,0.038237115777209896,-1.4520618995490415,0.2577428555281097,1.1289185101396868,2.8900255302782005,-5.091412075037483,1.1258871829422765,-2.336693009104742,0.7120316207848275,-3.4234812263906162,-6.254183940754503,23.524373229554254,-13.092248798379101,6.119548085020583,21.780585702322444,62.3145740638931
1.1300000000000001,0.023194938711466263,0.03609650419778708,0.0031482548424786867,0.1912631684926988,-0.322293869166911,0.10781952318515874,0.11906012953181941,-1.0080128599065974,-0.3143978214687312,-0.0037096390881494416,0.08139348421415141,0.009034180167384541,-1.5278053503032385,0.5033574291740679,0.9689372551943882,2.8943385184656765,-4.689710242085221,1.469767102427614,-1.9273320187901848,0.9798929855367334,-2.9205644796954924,-7.56313452851703,24.546620272147432,-16.07426815017428,0.3502512686308347,40.491792210324604,33.966228684889096
1.1400000000000001,0.02299067969227268,0.037017354419495274,0.002960883115396763,0.1752974613096255,-0.3149593391660329,0.11559378587480319,0.1475836356217153,-1.0496298331361158,-0.2949046152281408,-0.020710731540264246,0.09228096350061213,-0.019227941587217523,-1.597782223763676,0.7375318780661164,0.7737379801789148,2.8512290943309817,-4.151393465540539,1.9616568501618932,-1.6956498835152833,1.089119663344384,-2.822917709221335,-6.988663491692769,23.393118588145484,-19.56837687618005,-4.394822070809245,53.99684625229415,50.03626695915274
1.1500000000000001,0.022656279590259457,0.0380617963791547,0.0025434569731799337,0.15868795757269197,-0.30552102997557373,0.12108713006769957,0.17484249450964168,-1.0833012158805633,-0.27189258928750965,-0.03364559774242328,0.10469639368278115,-0.04211576599561207,-1.662118303353948,0.9475557991502164,0.5447351038361484,2.722630308168988,-3.3491726909659914,2.303220358257449,-1.2836708873480234,1.2462276464323438,-2.2738231050423416,-6.422159225367754,20.942443871719362,-22.973195994817633,-13.07379157538066,80.95405956682731,33.02018754665961
1.16,0.02222942821907752,0.03923804980601177,0.001965509673012933,0.1416174950437629,-0.2944072992230677,0.12363342258330241,0.19992253315293754,-1.1064003641349849,-0.2466295052906048,-0.042847791706223555,0.11788470458311882,-0.058066274831082974,-1.7077613496738564,1.1143212872451855,0.2481327972891085,2.5031037146926085,-2.287593420437869,2.532274222620822,-0.9146692646445911,1.318200254422128,-1.5825319562505404,-4.511201919760708,16.576114275344484,-29.831119616639665,-22.104772275499236,106.51004309944148,23.30206556990684
1.17,0.02167615775692339,0.04051111680489102,0.0011798877745714709,0.1248868607800934,-0.28290851549164825,0.12313412951735925,0.22291730926464112,-1.1191051117788833,-0.2184899859565296,-0.05564256405018687,0.12746911878496206,-0.07907795327194238,-1.6715381738562518,1.1493981383630711,-0.056015732182208774,2.2955760098601106,-1.249789948077234,2.8198001084718425,-1.2944209247157001,0.9470928453850487,-2.124981985801993,3.857329496287932,3.138471305588321,-30.338978192400386,-20.624371070046475,103.49613017354156,28.709642126620082
1.18,0.02102204359837447,0.041840437169905265,0.00029045744410918014,0.10866218773956947,-0.27182202199163613,0.12138075675519121,0.24371138549347623,-1.1216130666765434,-0.18922892527087837,-0.06557779805289948,0.13303180465008624,-0.08901653105787895,-1.621602929136531,1.1075545311000115,-0.1762990963530768,2.0742489350011204,-0.22822783706314861,2.926758881052598,-0.9765735495730256,0.5490010538442374,-0.9456571900557925,4.917788358515364,-4.245456462378821,-11.469286094653787,-22.243320756876976,102.24891525587961,10.130692545916125
1.19,0.020328869219087328,0.04318592411303057,-0.0005424676906161347,0.09242161062507492,-0.26085822730948915,0.12021721042190583,0.2621634311869484,-1.1145268759932192,-0.1604024437670769,-0.0693707028053942,0.13455704160076734,-0.0830761888511013,-1.6244925799236323,1.0964657727056162,-0.11401027300259169,1.8398753809130632,0.7298140193962932,2.8809456024018494,-0.3668300294930988,0.1426160836262907,0.6243038848065375,-0.4271710678157768,-0.981784415355321,6.574765579264323,-23.430748809808243,95.55653572337951,-4.8275869557206255
1.2,0.019611597976858578,0.04450071061948936,-0.0012908686474074529,0.07591359047097859,-0.24962673464027058,0.11970493847463919,0.2785362806825093,-1.0991282740628983,-0.13319176131621313,-0.07178521465794989,0.13137564200287818,-0.07464755304451111,-1.6515062188739709,1.1239869343670024,-0.05000143586852818,1.6325516190153246,1.558825642810244,2.7164617970904654,-0.24171031572616128,-0.3296750979484032,0.8394369261115863,-2.7272210036424704,2.829308324348441,6.2748617472696235,-20.64692892412572,82.57581367789095,-16.74057041627203
1.21,0.018852724494621557,0.04573364360593082,-0.002015577106587205,0.05923140904039512,-0.2380937859619911,0.11936584532089453,0.29322719345855575,-1.0769898609422026,-0.1058298495238465,-0.07600386829861976,0.12306039664688517,-0.07245599242130872,-1.66855703041625,1.1540045866973239,-0.0337420845601115,1.4651507616563468,2.2296322278066425,2.7381708216775387,-0.4276484167041338,-0.844493099310199,0.19998098730775374,-1.6643320024269685,2.9849505300414374,1.5113667670258146,-16.63786263425913,66.67128966995162,2.870746008155798
1.22,0.018070343456045003,0.046858086509690644,-0.0026922817507748897,0.042108461280297264,-0.22576795475145722,0.11875649915078362,0.3062622803043043,-1.048129301490554,-0.08459168928439467,-0.07828307669785636,0.112154401045824,-0.06751837539620656,-1.7136365471675488,1.2349697594225628,-0.06185859849898894,1.2991884672241438,2.9036504371317196,2.103367981723038,-0.22005222022449925,-1.0955217174530407,0.5078701759823782,-4.610101633071716,8.26673108503941,-2.9250117358301435,-16.619159687919804,67.52282583884816,-65.80415948771206
1.23,0.017237137513925166,0.0478271375261409,-0.0034109584000743855,0.024786275510176505,-0.21288686741167026,0.11788822987523648,0.3180571066288995,-1.0142611923816418,-0.06527755283936269,-0.08347591851225586,0.0964639256927934,-0.07203779651927646,-1.7325696276887192,1.2893863388993303,-0.08746448995795618,1.1764052719257994,3.399202200019886,1.929680736299051,-0.5304995735425515,-1.5835169191193692,-0.48581595545896666,-1.7856858786595031,5.317670342502021,-2.527346510854931,-12.132835742122815,48.948064412430554,-15.35514899961355
1.24,0.016279648219848064,0.0486244891667692,-0.0043954020903069525,0.008111716390357883,-0.2004690213134775,0.11686386262565399,0.3287362684469813,-0.9749695670119677,-0.04919503993512769,-0.09612574050271229,0.07925447329137032,-0.0992786544258904,-1.6652881580294994,1.2400533727890424,-0.10283211907363701,1.064829839773821,3.94461803992697,1.5980475949043405,-1.2872571325634117,-1.7233381146676228,-2.7920102759169265,6.989560613061932,-5.248850784766606,-1.5093204665913817,-11.146702311790813,54.810583622234205,-34.031311519304786
1.25,0.015062274794733894,0.04922034493065541,-0.006014867854176195,-0.006399165106655396,-0.19048043181096252,0.11624176571858039,0.3390720980964643,-0.9314448507183156,-0.0335794906458751,-0.12253194891498823,0.05899475748832777,-0.16389976614202906,-1.4443427167356573,0.9911914063897401,-0.06084859478950683,1.0328800693836162,4.364165909549356,1.5614037157186411,-2.6823694541083056,-2.0355698717085793,-6.574563602956212,22.55920412304155,-25.49274711835366,4.381171286177586,-2.9375007505216337,41.509440657980804,-2.588823956920983
1.26,0.01354570691177513,0.049608843344954655,-0.00839771460502985,-0.01828773284229209,-0.1835043685800582,0.116314674482147,0.34920708791680916,-0.8836590614842214,-0.02126321070686992,-0.15255431331648822,0.03823161609106714,-0.24058171167963627,-1.1809695637754618,0.6885377107394405,0.009421755190378304,1.012912585133771,4.791325477258198,1.220913687696835,-3.0100338517028016,-2.0770403693611854,-7.696743214477315,26.431189343179224,-30.382732867416816,7.101670432048588,-1.9822171344862998,42.78296954155534,-35.139123073136986
1.27,0.0117032145458559,0.049769451088460676,-0.01163273423046134,-0.02729795376252738,-0.17983737338374417,0.11743797729184162,0.35962940451143716,-0.8332449702746914,-0.009834212355160667,-0.18500162963756267,0.01553363680793198,-0.3254716637352032,-0.8943765322519757,0.3590603614931221,0.11478915251203362,1.0429480111792926,5.047254288314435,1.1411958057408103,-3.250158920523609,-2.2744463207502963,-8.507391481850748,28.71043887064051,-33.0063405504447,10.618330421539186,3.1233553069332336,25.175609255057715,-7.293230257870699
1.28,0.009717331189646208,0.04971850200443285,-0.015294122274048728,-0.0351866542315467,-0.17730946547031318,0.11916009022665332,0.3690023919773671,-0.7786813209213866,-0.0013956882221256685,-0.19856698478302565,-0.005118143208042565,-0.3660972541379354,-0.7891404674991049,0.2531867437506823,0.17215174570011407,0.9369267837602913,5.457076464207831,0.843455543731575,-1.352435970157404,-2.064927493384039,-4.052688228191384,10.48054106174852,-10.530719636525248,5.722227279537845,-10.6279939053853,41.00416407269916,-29.77706649033012
1.29,0.007897967522139289,0.04947943323134558,-0.018636221692978558,-0.04518329295641551,-0.171688150797252,0.12042713797061613,0.3754153794351362,-0.7184595240173177,0.004029976026292333,-0.1819167049745486,-0.023950733190448294,-0.3341871923052502,-0.9999091619518938,0.5625131671055023,0.12668039935022402,0.6407644378724581,6.023188541187489,0.5424689993911807,1.663087246516366,-1.8834659583413966,3.1856275595706514,-21.051902741151373,30.898413500766413,-4.538576573709206,-29.602224757003903,56.58304214245658,-30.03490340344781
1.3,0.006151471928910029,0.049046130435050427,-0.021919099738068014,-0.0560795707294621,-0.1646268917543368,0.12163528784435261,0.37944006292171284,-0.653515537872293,0.00851035338206762,-0.17467064684724576,-0.04338632820725059,-0.3283937921633355,-1.0893340293860958,0.7057988510283568,0.12094336867398597,0.4017143114667992,6.496514061325865,0.44624244922002954,0.719495328433875,-1.9428042013494033,0.5650028056959294,-8.875564157432446,14.237857072499262,-0.5568111537479798,-23.903159774503123,47.40047429538603,-9.793487585240127
1.31,0.004338536631967284,0.048437982041560655,-0.025533193863896894,-0.06603470352520352,-0.15863360349773836,0.12326650125732984,0.38122508228718444,-0.5822906207418995,0.007230489460131241,-0.1813245224946216,-0.06089154316327027,-0.36155635880984327,-0.9950306648972354,0.598726061954048,0.16337044664335146,0.17783610188670904,7.124351786195948,-0.13096290124516174,-0.6657399539036377,-1.7508724946756555,-3.317116495818938,9.440499422280423,-10.725349946045059,4.251091710532286,-22.35474399858375,62.69015728302468,-57.785428571680484
1.32,0.002468334554797388,0.047647688752856146,-0.029454755598115407,-0.07491070596636472,-0.15405991016933795,0.1255074170055535,0.3814056529491956,-0.5069405080476886,-0.00010546971715952927,-0.1870057673375706,-0.07912501502405522,-0.39220460847544525,-0.8872157615873139,0.4566556109331157,0.22446140510666918,0.017150588943715184,7.5363827359378925,-0.7340180434138238,-0.5626801239637393,-1.8234428305602088,-3.0510818922185097,10.759627757851408,-14.203851221151403,6.115506264315893,-16.0772145518102,41.107435180865245,-59.969423575008015
1.33,0.0006492008082667714,0.046675370357098706,-0.033406941892983065,-0.08313775332809811,-0.15084727836664422,0.12844825458723524,0.37981344215782964,-0.42938624505032935,-0.007339449520536595,-0.18182023544090414,-0.09734051451243292,-0.39507360605456504,-0.822536168345777,0.3204416919693891,0.2944920611116277,-0.16040795027989077,7.75566760015923,-0.7209345368324264,0.5263948867661619,-1.8210084802231936,-0.2659718895160412,6.438101319113907,-13.618477027956539,6.999761839763932,-17.766970825590697,21.78481206967216,1.6145959513024473
1.34,-0.0010075574501669927,0.045533534497956836,-0.0370887940708948,-0.09110718171242006,-0.1490224246030442,0.13202234800785206,0.3763731167427195,-0.3518933052067273,-0.011433481786540948,-0.16552799133260437,-0.11429122732233497,-0.3678981048962915,-0.7967931829986455,0.1813257814037953,0.35780193648164244,-0.3451976215813044,7.748109602170137,-0.40924815144793686,1.6333326390315226,-1.6931686246107964,2.729824545593398,2.5695601345686403,-13.93292575445505,6.3226182379965135,-18.45710362623192,-0.9069917540672428,30.88958586145704
1.35,-0.0024422512642670634,0.044248130760811265,-0.0403204667517096,-0.09891449813667354,-0.14884665070269518,0.13610590444849519,0.3714744386882602,-0.2769840012938613,-0.014347696983128164,-0.14324705636822743,-0.12864332291846406,-0.32267401633696596,-0.7807104329573733,0.016135165599466955,0.4086850672490278,-0.4906712762034828,7.486532940353503,-0.2881092291850227,2.2336788156125253,-1.43319170311527,4.539603030841686,1.5928808087019146,-16.531724649582948,5.076197850667363,-14.493431568346235,-26.47254938926457,12.437671360190564
1.36,-0.0035940913851615114,0.04284757149406233,-0.04291060885898018,-0.10672167328756925,-0.1504655625191597,0.14052310464398315,0.3657767636925117,-0.20828175243656802,-0.013409644430251857,-0.11489776237224682,-0.14013702528794153,-0.2583336438374418,-0.780777498454547,-0.1636173920158992,0.44186623872670433,-0.5700761116321914,6.862571681081279,0.09689338784109128,2.838746607253183,-1.1458253632484467,6.447203203669334,-0.015355377544827726,-17.98652360787641,3.2950771758816186,-7.879330380941634,-62.67723981404092,38.43565270083032
1.37,-0.00441484520654385,0.041370243408962,-0.044704118626171574,-0.11465733765702632,-0.15397531651690644,0.14499785384155844,0.3598269382074427,-0.1487175106157189,-0.00729039771160391,-0.08169529451678723,-0.1477851048193483,-0.1784165285963314,-0.793838304605466,-0.3529235975263483,0.44730625397740253,-0.5950515340385122,5.945331954647119,0.6212584857418517,3.3267398319564743,-0.7609286047000794,8.010326905917259,-1.3272883737331311,-18.93426853219542,0.5098565831980747,-2.4693548069381266,-91.99361234491182,53.04690974269849
1.3800000000000001,-0.0048520972644714245,0.039859294325591293,-0.04554932257295417,-0.12290561332292539,-0.15935327009381803,0.149143736752386,0.353806879894525,-0.10019053431820105,0.004978187327712785,-0.04327567466387724,-0.1510945023683098,-0.08339745147640738,-0.8252736593422476,-0.5397824451146037,0.4138727904837308,-0.6020894609991375,4.840081546376102,1.2272696269159393,3.8453026774505377,-0.3249712810646942,9.51195537998334,-3.1587854058880365,-18.67027159007906,-3.3981087021629928,-0.704609684449093,-110.5706247674559,59.5857894530717
1.3900000000000001,-0.004890288759791833,0.0383636310245493,-0.045399384470711415,-0.1314977727095634,-0.1665714517039034,0.15253761191231532,0.347825311956775,-0.06328275581872057,0.016436201895133846,-0.0033409139721326583,-0.14951736228402002,0.016182851390246215,-0.8595210200310911,-0.7241800392412602,0.3382463865547395,-0.5978791831777914,3.6759918210993923,1.1424161965126445,3.9923133759759932,0.16272437681691015,9.95454694240294,-3.4060814845727925,-18.460216730202767,-7.600019401446508,0.4590941861391708,-116.51721379175044,-8.881100446523154
1.4000000000000001,-0.004570248377846519,0.036919919876554325,-0.04436712092727131,-0.140089920981396,-0.17594790368659566,0.1549600404034591,0.34247624537808663,-0.03912434036782912,0.02418522263754674,0.0324074028244338,-0.14428015091508553,0.10420209183190784,-0.8587289824976118,-0.9409024517385839,0.2409010097397412,-0.533291942108715,2.3979281463516102,0.7682317710697293,3.5630695702471447,0.5276445268341423,8.769876369820457,0.16344014943192767,-21.74477961010313,-9.745641569737284,6.594442384811603,-128.00462714313835,-37.72909129938773
1.41,-0.003971188650587484,0.035555383959337994,-0.042677744159682646,-0.14813766426925182,-0.18789079228466962,0.15625710286811767,0.338583799930457,-0.02861626340686942,0.024913496010817746,0.06024990772436856,-0.13632317823176365,0.16971166266908502,-0.8036826120014781,-1.1980849853293085,0.12792092575493957,-0.38676317572926894,1.0314391942153323,0.05931364090835412,2.774970559270279,0.7990615768392201,6.522521234134145,5.563407893259933,-25.74850671508945,-11.33334072833702,14.729775508775607,-136.6595250961308,-71.5464193293284
1.42,-0.0031481447620755314,0.034287058152001795,-0.04051399392250977,-0.15528406503086545,-0.20256151771718753,0.1562110007500187,0.33655197802728226,-0.031596743302446995,0.016177578409347866,0.08261022022884514,-0.1266799357627299,0.21696675752196984,-0.7130502529659147,-1.4712794211296216,-0.0067846711234279,-0.20018014851369142,-0.3181160806177512,-0.8877659849682422,2.2296045808211185,0.9656746237589623,4.701082761318389,9.106754914364446,-27.33434501304249,-13.497801232516844,18.69408132836208,-134.88740310744785,-94.67823327963372
1.43,-0.0021271123553352382,0.03312019699947557,-0.038001938816867725,-0.16130240532514792,-0.22005092572598764,0.1546279986440433,0.33631236662266484,-0.04697459205914573,-0.0014109204013544512,0.10241604657139576,-0.1165213857924966,0.25169767106191593,-0.5998865332770964,-1.7535533168353934,-0.16094440150383746,-0.021382467497181767,-1.556378115579148,-1.772295359404485,1.9792318397689428,1.0160690961263876,3.4588033264663585,11.342536903232487,-28.240785677449004,-15.449749401907415,17.81572624791922,-123.53803192013878,-88.2817126792123
1.44,-0.0008477355186434337,0.03205623987198344,-0.03506366227877971,-0.1663926219245734,-0.2401684962570361,0.15115710752950917,0.33652181832241945,-0.07110449454961679,-0.025039991546761,0.1284792969236118,-0.106218270525714,0.2947440348529195,-0.5078618620266091,-2.015902126627929,-0.3507051205358492,0.019944879727269313,-2.423708785296934,-2.3697203673752507,2.6279620221163738,1.03057733515022,4.345310385897114,9.1087600446036,-26.157305454196642,-19.059610828509737,3.7468134898670358,-85.80183467406192,-58.97226920421333
1.45,0.0008072690343153894,0.03110872889938957,-0.03151907945471602,-0.17091992657023,-0.2626512716706565,0.1453019072870201,0.33399301893374517,-0.09505126084750774,-0.04802805032036947,0.16626649054061185,-0.0945216447734303,0.35565930338411395,-0.45187524705930077,-2.252483190097352,-0.5902326910203316,-0.2609431186011602,-2.385067899253706,-2.2909921625464724,3.798649092030045,1.173970514612288,6.115430729379545,5.560270121901414,-23.63954724485639,-24.044342501692693,-28.812068058612684,6.027080266831367,9.423867692218677
1.46,0.002799986862279871,0.0303020900088258,-0.027494237559898455,-0.17440694306342164,-0.28795214423829596,0.13670905991184812,0.3283391798109911,-0.11548121183688106,-0.06710198650836717,0.1998030896300067,-0.08037559558344474,0.40315713423413796,-0.34595168851626484,-2.536138970206932,-0.8646996430085463,-0.5695791167063873,-2.0386696410392893,-1.9004478464708874,3.325089365637183,1.4193820767207488,4.688462595725149,10.783152530600574,-28.532391005351638,-27.492537256718485,-30.418600929947985,34.03994981641425,38.92060312163978
1.47,0.005027637669658345,0.0296630647616577,-0.023191355167381914,-0.1761000853599346,-0.31676295180488934,0.12495796514711631,0.32128360153341595,-0.13504083645374534,-0.08121949109235338,0.22318389650520293,-0.06354475429866731,0.43075522292327995,-0.16526728236392374,-2.8885631621214967,-1.1818619379369497,-0.7073907659963898,-1.9559422009699359,-1.4001450888681164,2.323615706523273,1.6887112876035786,2.7349331519520863,18.187605295461875,-35.35767771922031,-31.82528757063011,-13.514752417383267,7.805021606376255,50.47412867963841
1.48,0.007357849988831645,0.02921281341082322,-0.018896365613439433,-0.17502401362403405,-0.34993571080388297,0.10946861878290239,0.31453323800646715,-0.1567005369730556,-0.08544134274546618,0.23311679559386392,-0.04461454100390833,0.4292079741102581,0.11431292020319861,-3.3272091089119735,-1.5572543975230633,-0.6730024689715474,-2.172810648018241,-0.39659975841488526,0.9577778549417755,1.8966510737568687,-0.23536745787229357,28.21190936885901,-44.07948926343374,-37.66663939226765,3.8474329155024924,-22.39534402407244,101.73881768964812
1.49,0.009732409651626214,0.028977680433411406,-0.014730699928971972,-0.1705857651921682,-0.38790519856631644,0.0891968566114623,0.307938602712255,-0.17968918394004368,-0.0805698535196647,0.23755293485395748,-0.023016744842715958,0.4162898746547034,0.45144311105234647,-3.80763647990602,-2.038614977867544,-0.6599625676540765,-2.299804588115346,0.504070886833465,0.44329460714691676,2.1666597906563854,-1.288920762525388,33.774652980992656,-48.07237108624782,-48.41767179274317,1.0325779481716157,-12.05689459848051,89.04821973350971
1.5,0.011850534660940363,0.028944306262685432,-0.011418007441798782,-0.16104788942315532,-0.43164708255936907,0.06314014133826489,0.30386395986015546,-0.20653309366162528,-0.0656585612367022,0.2109371968684482,-0.0028934494814448286,0.3286137240865588,0.9671163343504019,-4.388393690641521,-2.619596816908526,-0.39905652575676065,-2.6965261221005217,1.51654825799278,-2.76241274985618,2.0045956581037196,-9.011949559878605,52.12158492096699,-58.38931748511938,-58.30183599906365,27.01256334572311,-40.82372232690482,102.04654090580928
1.51,0.013602851546296885,0.029108082301153398,-0.009144566900112028,-0.1459001895213281,-0.4809498424725513,0.029512667226615944,0.3024741892525738,-0.23667865605024435,-0.04286276595853145,0.1743623196787317,0.016856301558837036,0.2249359455117792,1.5281366674087449,-4.943162870898179,-3.3822725051020037,-0.13332178056592975,-3.0208537464528935,2.295920586785365,-3.652987402426692,1.9765893661979708,-10.330437661150144,56.04675146803957,-55.27769951417966,-76.78391234137945,26.251934596108068,-31.776119220632513,76.88702207062492
1.52,0.01526821535047219,0.029484102334321093,-0.007102060607837955,-0.12700042624715668,-0.5334470027180346,-0.014219558779547755,0.2995109425385251,-0.26337857484162586,-0.020176299323276914,0.16652266130729004,0.03814404449981189,0.20424489059583797,1.8980409032481478,-5.256115655236302,-4.400039223994912,-0.3031914439951726,-2.6568383942705474,2.2632341954783244,-0.6919165361008823,2.133276025284461,-1.810802361207889,36.38605464077191,-30.570583898018324,-102.44639490022874,-18.303972235503434,38.436701443564054,-5.584313185256773
1.53,0.016925572232330398,0.030051709758230773,-0.005011168376426686,-0.10562484151925113,-0.5864094391220149,-0.07054311155910517,0.2934239436666909,-0.28410817749135686,-0.0006843159786039804,0.1657131851165357,0.05724412436164152,0.20924804436801692,2.14353199291271,-5.2961081011038385,-5.6663921723597435,-0.6170889185590214,-2.0569341462469897,1.9402046697690942,-0.08179847440405565,1.9017344422521383,0.5173299216382372,24.30022361329631,-3.298305073765333,-127.27113457475572,-31.51884187447528,60.233238371137716,-32.65058343763593
1.54,0.018457002251809868,0.0307682895536386,-0.003120692515486247,-0.08245076693833063,-0.6369072780593595,-0.14158769911398006,0.2851831751023443,-0.29977118765382094,0.015295867103451192,0.15273822808137297,0.07204105564490648,0.18836256376425323,2.322003269679146,-5.0417978687671505,-7.145191937944635,-0.8293214753738681,-1.553185794083987,1.5884843905054178,-1.3368773417026802,1.4674348830896689,-2.1763011730006845,17.681378778545238,26.241067073434277,-148.43748984326447,-20.865589467620133,50.011237997063205,-35.19243172080992
1.55,0.019801284385369388,0.03158748106146706,-0.0015398103713170457,-0.05836527889624496,-0.6823133288008525,-0.22861225688649833,0.2752656927971143,-0.310984066969709,0.028965752917997935,0.13388654632409416,0.08218950936723565,0.1571946970187895,2.410752916022309,-4.5253674786838225,-8.747687041017377,-0.9963337240595993,-1.1089847054990236,1.3610517669978366,-1.8977688244693278,1.0017555065934542,-3.13571838253827,8.610602235335202,52.361515258412034,-160.55959406433152,-16.613295380802448,44.28657091940871,-22.335727730344654
1.56,0.020861664865910987,0.0323086282762958,-0.0003174653826793019,-0.03270701194696731,-0.7301059267250515,-0.2949189421778027,0.264875231840713,-0.31988331725372715,0.042306289331525936,0.10518203675864511,0.07176236349237985,0.12117942872303486,2.570667705312636,-4.788910494792103,-6.557687117667131,-1.0400153587626548,-0.88392758875815,1.333719051728639,-2.900927684606284,-1.1079992344171172,-3.6149414832506896,16.255687075166424,-28.979760063799777,231.37099563259005,-3.9780202402332625,21.80965716599018,-2.1331314324466573
1.57,0.021740498226667303,0.03294362216196754,0.000842987277622974,-0.006139550460481152,-0.7814008110906805,-0.3322232474462068,0.2534097893175371,-0.3261989057589597,0.0560191233016616,0.08736625763061115,0.06324939774211137,0.11593432523476313,2.6592882638218396,-5.140051091511779,-3.6423675848393113,-1.149956930487992,-0.6236706560917459,1.3725226875750047,-1.7435605758899624,-0.8394830950309903,-0.4233026507106528,8.607600932622853,-35.17415143956539,292.8315091077843,-11.24302253962683,26.199744935426253,4.044050763334261
1.58,0.022434281200899752,0.033539263980294554,0.0019230955202099997,0.021088943967021375,-0.8351606874123907,-0.3456520995638844,0.24110977412361137,-0.3303077204658493,0.06932152971439388,0.06908688074673568,0.059507557235112876,0.10787701014449258,2.7238759386135913,-5.379699002428607,-1.3062108761596478,-1.2312892478142263,-0.4074418979398833,1.3295370025383821,-1.8297519247874916,-0.36661645880514143,-0.813283614911972,6.4270554486921405,-23.7770235039777,232.62553246508503,-8.081601497708721,21.549917509845848,-4.43451722470064
1.59,0.022892255811512517,0.03416252778695962,0.002717586066926968,0.04925778345001108,-0.8887828060987457,-0.34499930718923477,0.22776577502738132,-0.3313697876038397,0.0821288871883273,0.04576112805498539,0.062334741261274376,0.07939824847213771,2.8170034410212303,-5.362017893816684,0.06660387637850548,-1.3344900916891032,-0.10585900162558867,1.2805570230435352,-2.332761431374733,0.2831695421257321,-2.848802007582177,9.31072313029986,1.7862865056655217,137.20426057674126,-10.313261561474294,30.147472105740853,-4.909488053183878
1.6,0.02311026144671201,0.03484439057797978,0.00317807211451801,0.07818249745174013,-0.9409664289443245,-0.3356996024186053,0.21378951988751932,-0.33007095540907416,0.09373313344186049,0.021754979581880392,0.0682077923824484,0.04598992371974487,2.892512920817737,-5.217607280837698,0.9313009158461031,-1.3978577753463775,0.13052878110947247,1.1601266138789492,-2.3990625814487103,0.5880864528173957,-3.3381392623828097,7.5346507606716635,14.485601718721291,86.37888587768975,-6.3452145930637975,23.645535275379622,-12.043023259684459
1.61,0.023144239418607375,0.03561524857203016,0.003396206386201096,0.10723773240397559,-0.9899078789858266,-0.3213674325961703,0.1989057116813704,-0.3262031283789334,0.10406954945145158,0.0033336373152761042,0.0771230500233661,0.021713111598491312,2.9054612934521957,-4.892451041852388,1.433988321486756,-1.4886098180979919,0.38757035180604876,1.0330116723635703,-1.8421666528584215,0.892260802910844,-2.4295527178386043,1.2824102722746469,32.58134243760463,50.15597919921982,-9.065259841413138,25.692124334700637,-12.733438012813007
1.62,0.023004629677142334,0.0364941686935583,0.0033464945801582016,0.13600718202228157,-1.0338239101091298,-0.3040721392203346,0.18328320408962434,-0.31998031842332963,0.11263270542342564,-0.014006908531327945,0.08794234906990608,-0.0050314153194045705,2.876518355740045,-4.388951983157015,1.7329309262040096,-1.5628021222034614,0.6235731998201691,0.8556403625473491,-1.7302779202637557,1.0821809095646548,-2.6673516302780578,-2.9300821588722923,50.398706932157054,30.14305843995369,-7.445752233791985,23.629119308888605,-17.72320511256494
1.6300000000000001,0.022767119027414573,0.03748964496859129,0.0031656962546620583,0.1636866090218591,-1.071241683546741,-0.28043026520609476,0.1664444215070018,-0.31089984974155077,0.11955813727220371,-0.02379096404177677,0.09962150414164223,-0.018140955693824123,2.766984248760371,-3.7367174515379316,2.3642047517602682,-1.6844909805795596,0.9095060636165273,0.6913109022920809,-0.9767275259257452,1.1691900007964546,-1.3096625008257272,-10.998527828282556,65.41128015823935,62.69983762478089,-12.16255946943728,28.580853571629216,-16.47495574324557
1.6400000000000001,0.02245124260277531,0.03861753388149696,0.002855910812864342,0.1895272735097036,-1.099122915368742,-0.25617418222748406,0.14863829278233898,-0.29937333810133043,0.12409684420747152,-0.03165187030248737,0.11286656011150682,-0.03110599320471715,2.58266577371043,-2.781283847292425,2.427522720183331,-1.780831452760548,1.153634487755239,0.4519962686743834,-0.7878530590609385,1.3235091931742669,-1.3022037465277287,-18.459502183328016,95.63203452053648,6.527347064112929,-9.581840571465838,24.336294940814675,-23.97461571999495
1.6500000000000001,0.022033278013129935,0.03985848326236874,0.0023518391746035713,0.21320186740092933,-1.1164379514310507,-0.22911378129055027,0.13060762883264018,-0.2865128133654256,0.12562959334852172,-0.04187872522421374,0.12416063716862322,-0.050543449096295434,2.3658612825105765,-1.7237343019881288,2.7077163177919945,-1.8029467428828712,1.2865674660288555,0.15078749162354982,-1.0235271302850695,1.126937300389303,-1.9426322265315044,-21.678571438768294,105.74226865101066,27.964336840165775,-2.1731317111984496,13.229312468950805,-30.154378044087466
1.6600000000000001,0.021492343143255908,0.04117680260223762,0.001644731911455231,0.23475781780894012,-1.1232960075779364,-0.20039316989235229,0.11300685062099824,-0.273457478462689,0.1242135391512872,-0.05422716969620387,0.1318709481009262,-0.07092997421207832,2.1538766988977187,-0.6769410691929989,2.8720359717674118,-1.7590670731418587,1.3045005787679902,-0.14314567437989775,-1.239020151748487,0.767370986035483,-2.0453413554817237,-21.18886051138989,104.68539435398483,16.233205215522876,4.478326172864497,1.6263938456423381,-29.26125797641089
1.67,0.02081507122830829,0.04252950363423578,0.0007354765275166723,0.25421916879483963,-1.119869796685195,-0.17193941242011646,0.09641710545255716,-0.26154047008568104,0.12177824757593038,-0.06780461654025946,0.13527511907273135,-0.09098275886603009,1.9440273130014278,0.3517994997768955,2.8445768769819235,-1.6584534544108804,1.1908265076054505,-0.2426275218317733,-1.350311357232525,0.33643280667716496,-1.9858843550886085,-21.00426666810559,102.79873487666444,-2.825489771527739,9.998517519525022,-11.338480520940678,-9.67733668286017
1.68,0.020056826202560253,0.04387203801941405,-0.00023331076649824552,0.27156040768393597,-1.1071884696554988,-0.14465354676669925,0.0803411370544819,-0.2504788388122395,0.12029335098563648,-0.07590635425974415,0.13420862039353304,-0.09693821115425048,1.7321696108416325,1.276717559379484,2.7266610733677186,-1.6071473253356543,1.105430733256935,-0.14751227758974683,-0.8097889847665286,-0.1118498471286292,-0.5951565515817088,-21.14700222317491,92.33072312820707,-11.89921995568236,5.117559918475463,-8.515415649819488,9.509541781531754
1.69,0.019241412897091026,0.045157168535589744,-0.0012115080770809814,0.28702330802443987,-1.0866818238451907,-0.11913788364304292,0.06441233884695478,-0.23968816824296799,0.11949477824004368,-0.08156147318097147,0.12841714388079795,-0.09772987354749477,1.5441396302998118,2.058725891256759,2.549709251391916,-1.59331156534622,1.0796691206721087,-0.07960477296246467,-0.5583351335458686,-0.5839819395548064,-0.06316156562332492,-18.804023881219944,78.06232568029436,-17.669175242631287,1.2881624471827604,-2.4311713847018566,6.7062906503610185
1.7,0.018371375812879454,0.04634131864685435,-0.002210567965855244,0.3008802213671557,-1.0595982286280068,-0.09551267995338271,0.04848889204634295,-0.22882218650144365,0.11886726638965232,-0.087145844673571,0.11825562625471266,-0.10013215590689795,1.3842578854896428,2.715542854261849,2.3596450025037616,-1.5915665588579226,1.0857822591721051,-0.06263982508007988,-0.5708523028844226,-1.0218445238230447,-0.2736653992006527,-15.894833831766903,65.51864127898791,-19.094887700588952,0.30329918880800755,0.45949756054362273,1.6796538220598507
1.71,0.01740052195432511,0.04738410593241869,-0.003366606085937964,0.31358771537172253,-1.0270752996012003,-0.07395783411967428,0.03301862215615471,-0.2183487068464641,0.11826788482410544,-0.09719420072440177,0.10406464396174846,-0.1157657673043299,1.2692205497261173,3.258911576610516,2.153182909113342,-1.5467523759148718,1.047328896385774,-0.06001828173589744,-1.0002206806275764,-1.4234291400273864,-1.554862408700913,-11.501739831076787,54.219216423126426,-20.563216262048005,4.423000772117559,-3.7563188116418598,0.24146300383357613
1.72,0.01632902100381526,0.048257544289705724,-0.0047038439721926745,0.32527462368928134,-0.9897623222964798,-0.055088237950252555,0.017958374126139338,-0.20813033596965827,0.11765562472722618,-0.10733019127315854,0.08708272809037691,-0.13409394643867875,1.1674400948756734,3.737921256773961,1.8813410532064028,-1.5050629434664637,1.0210333133979574,-0.06115950612697556,-1.0201264985902099,-1.7014089293898653,-1.8530761647774798,-10.137633277884008,47.850833001191255,-27.509051582526844,4.237801776943883,-2.710434644541499,-0.09836975686953468
1.73,0.015113438986968541,0.04893763291217362,-0.006360560410160979,0.33620328384060766,-0.9482833589086554,-0.03780615343642123,0.00379815565931261,-0.19875888842480846,0.11721173067521151,-0.12181234657877986,0.06769093774707523,-0.16626990651825593,1.091889168132809,4.1535589338686325,1.7297343268165832,-1.4142400772074966,0.9353474976013308,-0.04392107233577546,-1.454578416101674,-1.9431856917323453,-3.238511726181594,-7.517904393893135,41.41737228444144,-14.382976794164058,9.160092769599999,-8.665435414202534,1.7648593002944444
1.74,0.013768942864532332,0.0494142990942653,-0.00832718268199165,0.3462758637427388,-0.9026732236040422,-0.02361353001259752,-0.009613878450372789,-0.18999163005818648,0.11695997899048821,-0.13460221458010974,0.047338633912136274,-0.19704239543754842,1.0054989017548273,4.568507189858263,1.4076152668624633,-1.3406395618278704,0.8766464821853035,-0.025041647136497508,-1.2668089592002256,-2.034150728418789,-3.050743970004413,-8.713285690817214,41.646156042492024,-33.58220427564593,7.222426980901041,-5.680749722624363,1.8502520785528678
1.75,0.01229708083719553,0.049679101779111036,-0.010626720564241979,0.35555442723357294,-0.8533303074562714,-0.013364079508272729,-0.022285310860760493,-0.18178228458134146,0.11699408193471734,-0.14745924633086788,0.026094648482356417,-0.2306847884238008,0.9269011710954144,4.93949975074601,1.0228938799616234,-1.26525638426687,0.8191936975100369,0.004216362409922922,-1.297183793351868,-2.1282966152996248,-3.3980838047482966,-7.765757428929296,36.81636762904132,-37.408443099974185,7.671391497005601,-5.916334245190664,2.9944068963612085
1.76,0.01067559663809553,0.04972784839103421,-0.013347598624947894,0.3640575788859109,-0.8005257420974135,-0.004858449415783986,-0.03384085725990977,-0.17467131938712405,0.11754984749884051,-0.162412490130636,0.004486286013800501,-0.27286231436108566,0.8485719379596273,5.287469642772054,0.8465636942619478,-1.1534633755761534,0.7089432148130035,0.05661613108943062,-1.492786520050403,-2.158844996851379,-4.2179309511800875,-7.908653941758904,34.95262039446092,-17.8220632570209,11.18927121253836,-11.057361476477297,5.259329927481546
1.77,0.008940316638587298,0.049566890792320524,-0.01643291062305729,0.37145752358544926,-0.744071339374268,0.002489047927407002,-0.04454476707333074,-0.1683305005383989,0.1185878146758422,-0.17370879046166496,-0.016499341637784656,-0.3091612015701783,0.737656368760463,5.652282758560679,0.7338499147690973,-1.0691203710876513,0.633120729647835,0.10461971210499395,-1.1195571191443852,-2.0979648280109533,-3.610644580996643,-11.143247430880962,36.424545074129156,-10.929023811391845,8.337892255662346,-7.447136421383124,4.772192524648895
1.78,0.007137854993859318,0.04921237324496385,-0.019800892656384617,0.37713921176841847,-0.682945093119642,0.007862820935123872,-0.05467871781194473,-0.16245511208558042,0.11997901747787856,-0.1803509777893618,-0.035827475939295014,-0.33732136126671913,0.5640511411542302,6.123515277805475,0.5315247391904347,-1.0123404034528465,0.5866295520704267,0.13975158500835017,-0.6554164790668365,-1.9277994273911687,-2.8016476489013376,-17.531884600339595,47.504994542671014,-20.73913176596491,5.648971412838773,-4.638672624976431,3.489036392880948
1.79,0.0052877647474829,0.04868326117761177,-0.023435249152947236,0.38056132179144087,-0.6157750145889715,0.007988925462390606,-0.06415897973999729,-0.15725662462904152,0.12169871570497616,-0.18510634473243295,-0.05327262446086834,-0.36401455258482557,0.3371245397168,6.730680561230132,-0.0012400262828900542,-0.9464796975029975,0.5181469319702322,0.17269134179565063,-0.47423499531777424,-1.7411452343552498,-2.6724394301800043,-22.771945688748193,60.94891765134863,-54.07279312347131,6.631539387221078,-6.9255105268825154,3.300110193857117
1.8,0.003404496223325983,0.04798422994421213,-0.02732859737589702,0.381537702159452,-0.5423026956652225,0.0032119798126615477,-0.07283445120827704,-0.1530697809758997,0.12384713989606178,-0.18838831114872562,-0.0702832391880585,-0.38990082437562484,0.09211169902307784,7.361202439568549,-0.48703037421903383,-0.8656679375473946,0.41620660693362477,0.215892325769143,-0.32402643570210377,-1.7012560881562588,-2.5845145158163274,-24.522270299394478,63.01726646762098,-48.0463592275845,8.108101085884497,-10.265975938705926,4.350539363844979
1.81,0.0014897592898339958,0.04711053659968024,-0.031484468395298774,0.3806486947316464,-0.46425235105329615,-0.0066377099564580875,-0.08053711170992618,-0.15024962146946721,0.1266469654562732,-0.19155073674322937,-0.0877809109180277,-0.41620790527668305,-0.09269290495308428,7.814173369365124,-0.9976235426959286,-0.7678758158667427,0.27859117560823915,0.2816688281049807,-0.3175696239860708,-1.751270925158933,-2.6337686074114828,-18.276039026630627,44.73409595911676,-51.35913540680804,9.823351323997956,-13.847952023316981,6.63853730651512
1.82,-0.0003737014500660161,0.04605594269026548,-0.03567120436497842,0.3784928173861186,-0.385599010804635,-0.014703271410647385,-0.08754067855070372,-0.14888898490769906,0.13020130399088145,-0.1861522621012525,-0.10590303322987357,-0.4185558337917451,-0.21837492897446198,7.8640837351049395,-0.7963080476672094,-0.6989232034269512,0.13252089577023415,0.35729489682305615,0.5681523279974324,-1.8137144645419392,-0.1558064409576889,-12.447773296791363,3.878172704343684,22.551900828125127,6.785970997779652,-14.604160303046285,7.573242139001836
1.83,-0.002080206398071524,0.04483636838845111,-0.03958169475068318,0.37542700520466904,-0.30986387234284835,-0.01907773995749457,-0.09423867828852392,-0.14902317855094924,0.13442602112569316,-0.1701975092170063,-0.12236251012716419,-0.3901856174785277,-0.3087145958640305,7.56439469563538,-0.428479566103063,-0.6692309201088407,-0.017230923441767805,0.4241004246377628,1.6214185232685685,-1.6400960880715705,2.913515795149432,-8.954710818881672,-30.776108200081552,36.60740626121113,2.873932513917775,-14.988003057262233,6.6487197135090215
1.84,-0.00344000819487567,0.04348082278147864,-0.0427073043508097,0.3706884139415712,-0.23895979353906896,-0.012489404346045101,-0.10150108230111943,-0.15027868873177908,0.1389439334400295,-0.1349639067176364,-0.13589732376526087,-0.31022051460458566,-0.47877526377749774,7.07693560983144,0.692282471555033,-0.7282153696995818,-0.1282621324254598,0.45234502671906573,3.5796862426785334,-1.3454066294821365,8.145519144578637,-17.284752270847758,-49.15844629367276,114.56766107872511,-6.163424383999922,-10.974062277789747,2.706877372259828
1.85,-0.004366439132274045,0.04204021215898748,-0.04478544386854414,0.36407309209092137,-0.17373315106065285,-0.005539051583158368,-0.10959997689400532,-0.1527287534055984,0.14335062966056117,-0.09143543557680515,-0.14426968717960248,-0.20487201311154382,-0.6666598187454175,6.506874581657254,0.6895775233584285,-0.8122178238894292,-0.24835317404431043,0.4401981151811269,4.368647707127791,-0.8220506573567058,10.587835015543764,-18.791135351762748,-57.19287853393464,-4.4180248011985395,-8.429038028917976,-12.06416539222309,-1.3227135357913324
1.86,-0.0049121287733531185,0.0405508049276255,-0.04591911210423824,0.3570913632240948,-0.1181643129023063,0.001290830518821407,-0.11808711120866441,-0.1569153164724509,0.14753970395708538,-0.05351777848637788,-0.1490671133846846,-0.11075091476021778,-0.6985707323756627,5.5279222009161835,0.6834412046933579,-0.8496155382435038,-0.4237851031324304,0.418272739855673,3.771074706089295,-0.47046795855461854,9.367399306182401,-2.68347707023582,-99.19597342140426,0.0171582287552724,-3.5837643677581372,-17.71462958166075,-2.207615875005855
1.87,-0.0050984599599099446,0.039050161598148295,-0.04615410358517305,0.350654746684672,-0.07509720947825259,0.011617608506365017,-0.126743079671954,-0.1630701508770428,0.1512473895162995,-0.01758464951222921,-0.15008643076591963,-0.02087568561656881,-0.6418435866073573,4.269365847837121,1.0439973469654427,-0.866042795453924,-0.6212979324130627,0.36927567879444867,3.5892235891114983,-0.09070565081087796,8.978824443753746,5.902953143667397,-126.61624450413449,37.17596440937157,-1.5923579266422956,-19.80349874005227,-4.9860158143678035
1.8800000000000001,-0.0049332699716736605,0.03758259258159759,-0.04550844910080792,0.3450862290655575,-0.04547711626383554,0.02132342579109895,-0.13540427070308403,-0.17137826890338434,0.15414123333356972,0.017581900226035972,-0.14664765973932256,0.06722851985489707,-0.5541678960964117,2.921137998160302,0.9676967747345854,-0.8661019806299838,-0.8373692281810508,0.28685208086088654,3.5144749423105965,0.3575154877485475,8.805326752478258,8.8506001379626,-135.05621126782154,-9.13632232896138,0.043455528838905376,-21.66348507760169,-8.344456347635274
1.8900000000000001,-0.004446937438953502,0.036184835134425206,-0.04407819053376548,0.3407828151137271,-0.030003781257336794,0.026177143946275516,-0.14371668668309817,-0.1822346098032071,0.15598668957123257,0.04889743388987415,-0.13971514094353213,0.14366836324573312,-0.4292475227350883,1.535491111295462,0.4810311892414613,-0.8309178207648199,-1.087786971371143,0.18365114019312642,3.1281264361190244,0.6960732283798345,7.633544649733262,12.524037718307333,-138.59324950286046,-49.001091004791604,3.548757618875509,-25.070344236407518,-10.337166953795345
1.9000000000000001,-0.003702209251354244,0.03487897756340474,-0.04206011269676323,0.3381851328178393,-0.028523692139040668,0.023084227874916187,-0.15128083997929814,-0.1958305851137735,0.1565653620512921,0.07451181724337981,-0.13056785333805854,0.20188655458686905,-0.2594719754914439,0.14578195594550417,-0.31115827749659747,-0.7562502593206348,-1.3600742088463378,0.05760820874737052,2.5608576237759455,0.9149558828941731,5.819421192035412,16.977831980695484,-138.95154692722255,-79.27315368346545,7.470677620949806,-27.22933700640068,-12.608770442142061
1.9100000000000001,-0.0027329885049856744,0.03367656160236134,-0.03959437055486673,0.33726540668227584,-0.0397602656640647,0.009331561561541022,-0.15787577387990026,-0.21219127393075352,0.15563557687187957,0.09698114291751309,-0.12021324830221154,0.2466747393132838,-0.09161307392125596,-1.1266963038600808,-1.377815388293299,-0.6591815946348504,-1.6368582935929663,-0.09342715851114769,2.246696203309539,1.0354789994409055,4.4764016068722,16.774886947799388,-127.19983559255243,-106.6256354956018,9.712244337816005,-27.682480657615535,-15.10777894922848
1.92,5e-06,0.03175661824323571,-0.033207279738741075,0.33339102356631667,-0.07848954718192766,-0.039165973765615335,-0.1689249760905069,-0.24865678028545551,0.14865494624405692,0.17590907711186135,-0.09815116876908637,0.40411420466950265,-0.42374951533853866,-2.076807032002724,-3.001367686289416,-0.6335501661981179,-2.0423782553797105,-0.5042901946406362,6.173008215233684,1.3294145641280477,12.89230556228401,-46.324091210499375,3.5840634602155754,-82.35223265979916,-7.786342652308529,-15.45657742015091,-27.41066497730633
1.93,0.0018984965256655197,0.030880400075448382,-0.029235359898835717,0.3280990723050614,-0.09879768521976698,-0.061575094571587254,-0.17325015383784287,-0.27246964515577277,0.14154533065157773,0.18936620854404995,-0.08760791839736241,0.3971987014524035,-0.5292802223774804,-2.030787161056703,-2.240357138248967,-0.43232070141753115,-2.3816335665411854,-0.711226501365391,1.3460551310000184,1.0546918182355358,-0.6901029443623468,-10.550983314331818,4.599960811627991,76.07974475631903,20.122677672652312,-33.92665897308075,-20.69999369410415
1.94,0.003947541264083699,0.03014487285404764,-0.025220706410576086,0.3221191305058374,-0.11911554708494458,-0.07811347491387442,-0.17552182098853117,-0.29983191732582615,0.13174994117390978,0.20490116589277166,-0.07352261156912186,0.4013977385187859,-0.5976145762383741,-2.032637045789963,-1.6518129573851,-0.22654944894632084,-2.7370958992329015,-0.9801251561864638,1.549735327595381,1.408769625953922,0.4115356328685986,-6.776668075987717,-0.27834280913871395,58.9489133191515,20.60016270154314,-35.56425307405788,-26.895681108438662
1.95,0.005987883055860821,0.029564542666332762,-0.0215221425747108,0.31795250290228083,-0.14362012070242902,-0.08423042395987676,-0.1747016964908091,-0.3315706632408514,0.11890510440470539,0.20405508948515355,-0.057976264495417075,0.3698342854873518,-0.4164131561083444,-2.451414455947088,-0.6079311802672667,0.08288398595594113,-3.175183630678213,-1.285679543121901,-0.08193627882724641,1.5558312429816272,-3.148155633849915,18.087121907485002,-41.84478351820757,104.46314980317858,30.937730384296927,-43.80939425584142,-30.588123447440243
1.96,0.008123935927890033,0.029181737253848823,-0.017831599129655186,0.31415404984235834,-0.17048667093862224,-0.07886188370551124,-0.17105861820028923,-0.3676231193746947,0.10184771312862652,0.21371611932897627,-0.03818215333995019,0.369240050032508,-0.38104026190025214,-2.685162997380254,0.5381314102339968,0.3651348044375276,-3.606727244357084,-1.7079764771896995,0.974667901246517,1.9817565444495295,-0.03720688908307571,3.3795452558425207,-23.089037411838365,114.22000282490953,28.190484961872833,-43.12712819805538,-42.29607002486942
1.97,0.010488543806196012,0.02904408844751989,-0.013794486038091284,0.30777018085801,-0.19409831611571168,-0.06995057457213623,-0.16503782755534155,-0.4075842584119877,0.0790221967016683,0.2364350576950635,-0.013650285385435435,0.4035498704120401,-0.6385036314259092,-2.360931790926693,0.893788918048714,0.6040734332687373,-3.998544727453253,-2.285785897941263,2.2549326283224516,2.452320611543249,3.3903451545809378,-25.60416308353458,32.25458203188664,35.67532924759537,23.993051704243545,-39.24150889394866,-57.82612180187909
1.98,0.012711099003396469,0.029127613236685147,-0.01029471871289821,0.30204671821910994,-0.21847221371160885,-0.05467606085397327,-0.15455618824289036,-0.45261858671816735,0.04946500004494521,0.22193125495148966,0.008458565358976078,0.34909313443741835,-0.5695741634341976,-2.4411136575490477,1.5339220689231845,1.0519991967290545,-4.506924112648786,-2.960305413315126,-1.4806731849839556,2.207640258809656,-5.5169040991617795,7.193634753553101,-8.431521316958587,64.35209378469823,44.941467840108416,-50.89723535968967,-67.52470704094763
1.99,0.014480470310198593,0.029395182709357124,-0.00802869089643107,0.29964085028157755,-0.24690946094310715,-0.031232983510262238,-0.13821124897120887,-0.5028524906846765,0.011685808745327382,0.17685519594076965,0.026900096848750932,0.22638326556081317,-0.24169637246740977,-2.840955106466641,2.3430983389093547,1.6370994481358168,-5.025313968979748,-3.7849736611287823,-4.477004726913528,1.846154376992734,-12.187213669313321,32.339284573531124,-39.24959442079685,80.0132915545526,58.3170520783961,-51.61703650614692,-82.642816726511
2.0,0.01613856513108184,0.029861157007322954,-0.006037973299883659,0.2954345776354555,-0.2710354023107155,-0.010143218606693441,-0.11833723153271984,-0.5553140226863992,-0.0369393784103406,0.16573735096786385,0.046736423900433345,0.19895270366822845,-0.4225584112054879,-2.4083678520820273,2.1056003345902967,1.9896645970227778,-5.246595321852739,-4.872843268000587,-1.1095636955557167,1.9810920170270496,-2.729445598772482,-18.15466568638146,43.36827652794491,-23.9556834765365,35.18270167817465,-21.946799590009277,-109.02054017833335
2.0100000000000002,0.017690827085158053,0.0304931288376536,-0.0042218568508955254,0.28889792542562875,-0.28991670888393667,0.006928125801511616,-0.09591519993851746,-0.6074053414155703,-0.09915771642555084,0.15509620215073472,0.06332430391433912,0.18139734790716502,-0.6555096542411579,-1.8836238160656096,1.7040910081262661,2.2437704675758545,-5.206615341781212,-6.235382872038657,-1.0691582934285364,1.6557678901680999,-1.7638328460737798,-23.261246745338774,52.448825092329955,-40.07300412402552,25.309565290192133,4.309190573734272,-136.45364417093458
2.02,0.019083219394720553,0.031253079783850266,-0.0026660609714270083,0.2804383445858184,-0.3039916637932348,0.021030586944613527,-0.07202934423403118,-0.6559030649647211,-0.17684085700550248,0.13904798472374474,0.07608990489509827,0.15527481267270687,-0.847548400683533,-1.403259326328582,1.40828559119131,2.3893835286818152,-4.844448371275249,-7.784350977232348,-1.6096548856345128,1.2717655240716053,-2.6191370611194524,-19.156476522255996,47.95679670457454,-29.4338137503388,14.463888502788308,36.47770096015511,-154.99824473901293
2.0300000000000002,0.020263828380016106,0.032036453254204844,-0.0013938538830710531,0.2706714640415375,-0.31442219807850336,0.0339454703563974,-0.04712982336454378,-0.7018964284089081,-0.2570744957651705,0.1177882133871566,0.07820728733867208,0.12696147275130545,-0.9774799198247288,-1.0404168777202418,1.2918910570120112,2.491512637140363,-4.602773289159262,-7.996774252063019,-2.1324111967096195,0.18754120112962155,-2.823485104273189,-12.894290022451164,36.07534264490243,-11.375201920936684,10.283410789314413,23.207955249152075,-16.675474864383506
2.04,0.021227302079485446,0.03271408671221355,-0.00027141840716170555,0.25999936123540657,-0.322332567134245,0.047230276890752695,-0.02104353622371903,-0.7511461665377689,-0.3111111270204728,0.09615571461630497,0.06766486049307632,0.11224557438596275,-1.068660021151686,-0.7878157185536747,1.3289238379802286,2.6095438354463454,-4.929079046579808,-5.368637348299482,-2.1523238328071503,-1.0497615183262268,-1.4421806047382282,-9.178504036882918,25.29573262039541,3.7036764621510163,11.721829966546407,-32.66731681028882,263.4351543234637
2.05,0.022042712221978067,0.033328596802519594,0.0008775218861007284,0.24806973999761484,-0.3275698491856075,0.060772276799093736,0.005652837646674929,-0.8033832295132555,-0.33808898321242925,0.08137500051216263,0.06140784421410156,0.11497688060298147,-1.1946650919360882,-0.5203378414142237,1.354306858302501,2.6701150017072224,-5.226663366717306,-2.6674473857436487,-1.4737748065448728,-0.6191421849591908,0.28145846469000807,-12.61417924599305,26.73753940334055,2.499763375797503,6.004069276588527,-29.60455917207581,269.33362582687795
2.06,0.02268508194566379,0.03393462129102722,0.0019435986620087355,0.2349412751541133,-0.33001192282649966,0.07418383970655122,0.03296508752602913,-0.8569795395025696,-0.3450896762781512,0.06391374220386234,0.06063711283563387,0.10621870880316334,-1.3142884603605898,-0.24000827788013654,1.340577979068276,2.7325387747249645,-5.3597855887880135,-0.6788685989224942,-1.7610401589972062,-0.06869439568127426,-0.925191518487659,-11.92186319856887,28.089530638072716,-1.4444827249113161,6.324920177276668,-12.999374713523206,197.67345258578754
2.07,0.023079714160556153,0.034579425077192985,0.0026759841892981836,0.22104700591114232,-0.3298144207663216,0.08679889021859881,0.061228209333277585,-0.910061375695898,-0.3402301996804974,0.03906747604115119,0.06456252701082815,0.07264665611707816,-1.3900887699430493,0.023009232387984566,1.2596482262337148,2.8277383794956346,-5.306314616968057,0.497632488364637,-2.489730087649755,0.3971882681169639,-3.375289289706685,-7.488846356150919,26.173719320209077,-8.220719022456107,9.521877880553811,5.557176907369478,116.51121883046407
2.08,0.023238937147012233,0.03529438592340313,0.0030629766575377445,0.20653895458876087,-0.32727669559514455,0.09810974845962384,0.09012382473686163,-0.9610235512476284,-0.32904648550494664,0.015598755153357085,0.0716324839362029,0.038237115777209896,-1.4520618995490415,0.2577428555281097,1.1289185101396868,2.8900255302782005,-5.091412075037483,1.1258871829422765,-2.336693009104742,0.7120316207848275,-3.4234812263906162,-6.254183940754503,23.524373229554254,-13.092248798379101,6.119548085020583,21.780585702322444,62.3145740638931
2.09,0.023204938711466266,0.036106504197787076,0.0031582548424786863,0.19127316849269882,-0.32228386916691104,0.10782952318515875,0.11907012953181942,-1.0080028599065973,-0.31438782146873123,-0.0037096390881494416,0.08139348421415141,0.009034180167384541,-1.5278053503032385,0.5033574291740679,0.9689372551943882,2.8943385184656765,-4.689710242085221,1.469767102427614,-1.9273320187901848,0.9798929855367334,-2.9205644796954924,-7.56313452851703,24.546620272147432,-16.07426815017428,0.3502512686308347,40.491792210324604,33.966228684889096
2.1,0.023000679692272683,0.03702735441949527,0.0029708831153967626,0.17530746130962552,-0.31494933916603296,0.1156037858748032,0.14759363562171532,-1.0496198331361157,-0.29489461522814087,-0.020710731540264246,0.09228096350061213,-0.019227941587217523,-1.597782223763676,0.7375318780661164,0.7737379801789148,2.8512290943309817,-4.151393465540539,1.9616568501618932,-1.6956498835152833,1.089119663344384,-2.822917709221335,-6.988663491692769,23.393118588145484,-19.56837687618005,-4.394822070809245,53.99684625229415,50.03626695915274
2.11,0.02266627959025946,0.0380717963791547,0.0025534569731799333,0.15869795757269198,-0.3055110299755738,0.12109713006769958,0.1748524945096417,-1.0832912158805632,-0.2718825892875097,-0.03364559774242328,0.10469639368278115,-0.04211576599561207,-1.662118303353948,0.9475557991502164,0.5447351038361484,2.722630308168988,-3.3491726909659914,2.303220358257449,-1.2836708873480234,1.2462276464323438,-2.2738231050423416,-6.422159225367754,20.942443871719362,-22.973195994817633,-13.07379157538066,80.95405956682731,33.02018754665961
2.12,0.022239428219077522,0.039248049806011764,0.0019755096730129326,0.1416274950437629,-0.29439729922306773,0.12364342258330242,0.19993253315293755,-1.1063903641349848,-0.24661950529060478,-0.042847791706223555,0.11788470458311882,-0.058066274831082974,-1.7077613496738564,1.1143212872451855,0.2481327972891085,2.5031037146926085,-2.287593420437869,2.532274222620822,-0.9146692646445911,1.318200254422128,-1.5825319562505404,-4.511201919760708,16.576114275344484,-29.831119616639665,-22.104772275499236,106.51004309944148,23.30206556990684
2.13,0.021686157756923393,0.04052111680489102,0.001189887774571471,0.1248968607800934,-0.2828985154916483,0.12314412951735926,0.22292730926464113,-1.1190951117788832,-0.2184799859565296,-0.05564256405018687,0.12746911878496206,-0.07907795327194238,-1.6715381738562518,1.1493981383630711,-0.056015732182208774,2.2955760098601106,-1.249789948077234,2.8198001084718425,-1.2944209247157001,0.9470928453850487,-2.124981985801993,3.857329496287932,3.138471305588321,-30.338978192400386,-20.624371070046475,103.49613017354156,28.709642126620082
2.14,0.021032043598374472,0.04185043716990526,0.00030045744410918016,0.10867218773956948,-0.2718120219916362,0.12139075675519122,0.24372138549347624,-1.1216030666765433,-0.18921892527087836,-0.06557779805289948,0.13303180465008624,-0.08901653105787895,-1.621602929136531,1.1075545311000115,-0.1762990963530768,2.0742489350011204,-0.22822783706314861,2.926758881052598,-0.9765735495730256,0.5490010538442374,-0.9456571900557925,4.917788358515364,-4.245456462378821,-11.469286094653787,-22.243320756876976,102.24891525587961,10.130692545916125
2.15,0.02033886921908733,0.04319592411303057,-0.0005324676906161347,0.09243161062507493,-0.2608482273094892,0.12022721042190584,0.26217343118694836,-1.1145168759932191,-0.1603924437670769,-0.0693707028053942,0.13455704160076734,-0.0830761888511013,-1.6244925799236323,1.0964657727056162,-0.11401027300259169,1.8398753809130632,0.7298140193962932,2.8809456024018494,-0.3668300294930988,0.1426160836262907,0.6243038848065375,-0.4271710678157768,-0.981784415355321,6.574765579264323,-23.430748809808243,95.55653572337951,-4.8275869557206255
2.16,0.01962159797685858,0.04451071061948936,-0.0012808686474074528,0.0759235904709786,-0.24961673464027057,0.1197149384746392,0.27854628068250925,-1.0991182740628982,-0.13318176131621312,-0.07178521465794989,0.13137564200287818,-0.07464755304451111,-1.6515062188739709,1.1239869343670024,-0.05000143586852818,1.6325516190153246,1.558825642810244,2.7164617970904654,-0.24171031572616128,-0.3296750979484032,0.8394369261115863,-2.7272210036424704,2.829308324348441,6.2748617472696235,-20.64692892412572,82.57581367789095,-16.74057041627203
2.17,0.01886272449462156,0.04574364360593081,-0.0020055771065872053,0.05924140904039511,-0.2380837859619911,0.11937584532089454,0.2932371934585557,-1.0769798609422025,-0.10581984952384649,-0.07600386829861976,0.12306039664688517,-0.07245599242130872,-1.66855703041625,1.1540045866973239,-0.0337420845601115,1.4651507616563468,2.2296322278066425,2.7381708216775387,-0.4276484167041338,-0.844493099310199,0.19998098730775374,-1.6643320024269685,2.9849505300414374,1.5113667670258146,-16.63786263425913,66.67128966995162,2.870746008155798
2.18,0.018080343456045006,0.04686808650969064,-0.00268228175077489,0.04211846128029726,-0.2257579547514572,0.11876649915078363,0.30627228030430426,-1.0481193014905539,-0.08458168928439466,-0.07828307669785636,0.112154401045824,-0.06751837539620656,-1.7136365471675488,1.2349697594225628,-0.06185859849898894,1.2991884672241438,2.9036504371317196,2.103367981723038,-0.22005222022449925,-1.0955217174530407,0.5078701759823782,-4.610101633071716,8.26673108503941,-2.9250117358301435,-16.619159687919804,67.52282583884816,-65.80415948771206
2.19,0.01724713751392517,0.0478371375261409,-0.003400958400074386,0.024796275510176508,-0.21287686741167025,0.11789822987523649,0.3180671066288995,-1.0142511923816417,-0.06526755283936268,-0.08347591851225586,0.0964639256927934,-0.07203779651927646,-1.7325696276887192,1.2893863388993303,-0.08746448995795618,1.1764052719257994,3.399202200019886,1.929680736299051,-0.5304995735425515,-1.5835169191193692,-0.48581595545896666,-1.7856858786595031,5.317670342502021,-2.527346510854931,-12.132835742122815,48.948064412430554,-15.35514899961355
2.2,0.016289648219848067,0.0486344891667692,-0.004385402090306953,0.008121716390357882,-0.20045902131347748,0.116873862625654,0.32874626844698124,-0.9749595670119676,-0.0491850399351277,-0.09612574050271229,0.07925447329137032,-0.0992786544258904,-1.6652881580294994,1.2400533727890424,-0.10283211907363701,1.064829839773821,3.94461803992697,1.5980475949043405,-1.2872571325634117,-1.7233381146676228,-2.7920102759169265,6.989560613061932,-5.248850784766606,-1.5093204665913817,-11.146702311790813,54.810583622234205,-34.031311519304786
2.21,0.015072274794733893,0.04923034493065541,-0.006004867854176196,-0.006389165106655397,-0.19047043181096251,0.1162517657185804,0.3390820980964643,-0.9314348507183156,-0.033569490645875104,-0.12253194891498823,0.05899475748832777,-0.16389976614202906,-1.4443427167356573,0.9911914063897401,-0.06084859478950683,1.0328800693836162,4.364165909549356,1.5614037157186411,-2.6823694541083056,-2.0355698717085793,-6.574563602956212,22.55920412304155,-25.49274711835366,4.381171286177586,-2.9375007505216337,41.509440657980804,-2.588823956920983
2.22,0.01355570691177513,0.04961884334495465,-0.00838771460502985,-0.018277732842292088,-0.1834943685800582,0.116324674482147,0.3492170879168091,-0.8836490614842213,-0.02125321070686992,-0.15255431331648822,0.03823161609106714,-0.24058171167963627,-1.1809695637754618,0.6885377107394405,0.009421755190378304,1.012912585133771,4.791325477258198,1.220913687696835,-3.0100338517028016,-2.0770403693611854,-7.696743214477315,26.431189343179224,-30.382732867416816,7.101670432048588,-1.9822171344862998,42.78296954155534,-35.139123073136986
2.23,0.0117132145458559,0.04977945108846067,-0.01162273423046134,-0.027287953762527378,-0.17982737338374416,0.11744797729184163,0.3596394045114371,-0.8332349702746913,-0.009824212355160667,-0.18500162963756267,0.01553363680793198,-0.3254716637352032,-0.8943765322519757,0.3590603614931221,0.11478915251203362,1.0429480111792926,5.047254288314435,1.1411958057408103,-3.250158920523609,-2.2744463207502963,-8.507391481850748,28.71043887064051,-33.0063405504447,10.618330421539186,3.1233553069332336,25.175609255057715,-7.293230257870699
2.24,0.009727331189646207,0.049728502004432844,-0.015284122274048729,-0.03517665423154671,-0.17729946547031317,0.11917009022665333,0.36901239197736707,-0.7786713209213866,-0.0013856882221256685,-0.19856698478302565,-0.005118143208042565,-0.3660972541379354,-0.7891404674991049,0.2531867437506823,0.17215174570011407,0.9369267837602913,5.457076464207831,0.843455543731575,-1.352435970157404,-2.064927493384039,-4.052688228191384,10.48054106174852,-10.530719636525248,5.722227279537845,-10.6279939053853,41.00416407269916,-29.77706649033012
2.25,0.007907967522139289,0.049489433231345574,-0.018626221692978555,-0.04517329295641551,-0.171678150797252,0.12043713797061614,0.37542537943513615,-0.7184495240173177,0.004039976026292333,-0.1819167049745486,-0.023950733190448294,-0.3341871923052502,-0.9999091619518938,0.5625131671055023,0.12668039935022402,0.6407644378724581,6.023188541187489,0.5424689993911807,1.663087246516366,-1.8834659583413966,3.1856275595706514,-21.051902741151373,30.898413500766413,-4.538576573709206,-29.602224757003903,56.58304214245658,-30.03490340344781
2.2600000000000002,0.006161471928910029,0.04905613043505042,-0.02190909973806801,-0.0560695707294621,-0.1646168917543368,0.12164528784435262,0.3794500629217128,-0.6535055378722929,0.00852035338206762,-0.17467064684724576,-0.04338632820725059,-0.3283937921633355,-1.0893340293860958,0.7057988510283568,0.12094336867398597,0.4017143114667992,6.496514061325865,0.44624244922002954,0.719495328433875,-1.9428042013494033,0.5650028056959294,-8.875564157432446,14.237857072499262,-0.5568111537479798,-23.903159774503123,47.40047429538603,-9.793487585240127
2.27,0.004348536631967283,0.04844798204156065,-0.02552319386389689,-0.06602470352520351,-0.15862360349773835,0.12327650125732985,0.3812350822871844,-0.5822806207418995,0.0072404894601312405,-0.1813245224946216,-0.06089154316327027,-0.36155635880984327,-0.9950306648972354,0.598726061954048,0.16337044664335146,0.17783610188670904,7.124351786195948,-0.13096290124516174,-0.6657399539036377,-1.7508724946756555,-3.317116495818938,9.440499422280423,-10.725349946045059,4.251091710532286,-22.35474399858375,62.69015728302468,-57.785428571680484
2.2800000000000002,0.0024783345547973877,0.04765768875285614,-0.029444755598115404,-0.07490070596636471,-0.15404991016933794,0.12551741700555352,0.38141565294919555,-0.5069305080476886,-9.546971715952928e-05,-0.1870057673375706,-0.07912501502405522,-0.39220460847544525,-0.8872157615873139,0.4566556109331157,0.22446140510666918,0.017150588943715184,7.5363827359378925,-0.7340180434138238,-0.5626801239637393,-1.8234428305602088,-3.0510818922185097,10.759627757851408,-14.203851221151403,6.115506264315893,-16.0772145518102,41.107435180865245,-59.969423575008015
2.29,0.0006592008082667714,0.0466853703570987,-0.03339694189298307,-0.0831277533280981,-0.1508372783666442,0.12845825458723525,0.3798234421578296,-0.4293762450503294,-0.007329449520536596,-0.18182023544090414,-0.09734051451243292,-0.39507360605456504,-0.822536168345777,0.3204416919693891,0.2944920611116277,-0.16040795027989077,7.75566760015923,-0.7209345368324264,0.5263948867661619,-1.8210084802231936,-0.2659718895160412,6.438101319113907,-13.618477027956539,6.999761839763932,-17.766970825590697,21.78481206967216,1.6145959513024473
2.3000000000000003,-0.0009975574501669927,0.04554353449795683,-0.0370787940708948,-0.09109718171242005,-0.1490124246030442,0.13203234800785207,0.37638311674271946,-0.35188330520672734,-0.011423481786540948,-0.16552799133260437,-0.11429122732233497,-0.3678981048962915,-0.7967931829986455,0.1813257814037953,0.35780193648164244,-0.3451976215813044,7.748109602170137,-0.40924815144793686,1.6333326390315226,-1.6931686246107964,2.729824545593398,2.5695601345686403,-13.93292575445505,6.3226182379965135,-18.45710362623192,-0.9069917540672428,30.88958586145704
2.31,-0.002432251264267064,0.04425813076081126,-0.0403104667517096,-0.09890449813667353,-0.14883665070269517,0.1361159044484952,0.37148443868826014,-0.27697400129386135,-0.014337696983128164,-0.14324705636822743,-0.12864332291846406,-0.32267401633696596,-0.7807104329573733,0.016135165599466955,0.4086850672490278,-0.4906712762034828,7.486532940353503,-0.2881092291850227,2.2336788156125253,-1.43319170311527,4.539603030841686,1.5928808087019146,-16.531724649582948,5.076197850667363,-14.493431568346235,-26.47254938926457,12.437671360190564
2.32,-0.003584091385161512,0.04285757149406232,-0.042900608858980185,-0.10671167328756924,-0.1504555625191597,0.14053310464398316,0.3657867636925117,-0.208271752436568,-0.013399644430251857,-0.11489776237224682,-0.14013702528794153,-0.2583336438374418,-0.780777498454547,-0.1636173920158992,0.44186623872670433,-0.5700761116321914,6.862571681081279,0.09689338784109128,2.838746607253183,-1.1458253632484467,6.447203203669334,-0.015355377544827726,-17.98652360787641,3.2950771758816186,-7.879330380941634,-62.67723981404092,38.43565270083032
2.33,-0.004404845206543851,0.04138024340896199,-0.04469411862617158,-0.11464733765702631,-0.15396531651690643,0.14500785384155845,0.35983693820744267,-0.14870751061571888,-0.00728039771160391,-0.08169529451678723,-0.1477851048193483,-0.1784165285963314,-0.793838304605466,-0.3529235975263483,0.44730625397740253,-0.5950515340385122,5.945331954647119,0.6212584857418517,3.3267398319564743,-0.7609286047000794,8.010326905917259,-1.3272883737331311,-18.93426853219542,0.5098565831980747,-2.4693548069381266,-91.99361234491182,53.04690974269849
2.34,-0.004842097264471425,0.03986929432559129,-0.04553932257295418,-0.12289561332292538,-0.15934327009381802,0.14915373675238602,0.3538168798945249,-0.10018053431820104,0.004988187327712785,-0.04327567466387724,-0.1510945023683098,-0.08339745147640738,-0.8252736593422476,-0.5397824451146037,0.4138727904837308,-0.6020894609991375,4.840081546376102,1.2272696269159393,3.8453026774505377,-0.3249712810646942,9.51195537998334,-3.1587854058880365,-18.67027159007906,-3.3981087021629928,-0.704609684449093,-110.5706247674559,59.5857894530717
2.35,-0.004880288759791834,0.0383736310245493,-0.04538938447071142,-0.13148777270956338,-0.16656145170390338,0.15254761191231533,0.347835311956775,-0.06327275581872056,0.01644620189513385,-0.0033409139721326583,-0.14951736228402002,0.016182851390246215,-0.8595210200310911,-0.7241800392412602,0.3382463865547395,-0.5978791831777914,3.6759918210993923,1.1424161965126445,3.9923133759759932,0.16272437681691015,9.95454694240294,-3.4060814845727925,-18.460216730202767,-7.600019401446508,0.4590941861391708,-116.51721379175044,-8.881100446523154
2.36,-0.004560248377846519,0.03692991987655432,-0.044357120927271315,-0.140079920981396,-0.17593790368659565,0.1549700404034591,0.3424862453780866,-0.039114340367829126,0.024195222637546743,0.0324074028244338,-0.14428015091508553,0.10420209183190784,-0.8587289824976118,-0.9409024517385839,0.2409010097397412,-0.533291942108715,2.3979281463516102,0.7682317710697293,3.5630695702471447,0.5276445268341423,8.769876369820457,0.16344014943192767,-21.74477961010313,-9.745641569737284,6.594442384811603,-128.00462714313835,-37.72909129938773
2.37,-0.003961188650587484,0.03556538395933799,-0.04266774415968265,-0.1481276642692518,-0.1878807922846696,0.15626710286811768,0.33859379993045696,-0.028606263406869416,0.02492349601081775,0.06024990772436856,-0.13632317823176365,0.16971166266908502,-0.8036826120014781,-1.1980849853293085,0.12792092575493957,-0.38676317572926894,1.0314391942153323,0.05931364090835412,2.774970559270279,0.7990615768392201,6.522521234134145,5.563407893259933,-25.74850671508945,-11.33334072833702,14.729775508775607,-136.6595250961308,-71.5464193293284
2.38,-0.003138144762075532,0.03429705815200179,-0.04050399392250977,-0.15527406503086544,-0.20255151771718752,0.1562210007500187,0.3365619780272822,-0.031586743302447,0.01618757840934787,0.08261022022884514,-0.1266799357627299,0.21696675752196984,-0.7130502529659147,-1.4712794211296216,-0.0067846711234279,-0.20018014851369142,-0.3181160806177512,-0.8877659849682422,2.2296045808211185,0.9656746237589623,4.701082761318389,9.106754914364446,-27.33434501304249,-13.497801232516844,18.69408132836208,-134.88740310744785,-94.67823327963372
2.39,-0.0021171123553352387,0.033130196999475565,-0.03799193881686773,-0.1612924053251479,-0.22004092572598763,0.15463799864404332,0.3363223666226648,-0.046964592059145736,-0.0014009204013544511,0.10241604657139576,-0.1165213857924966,0.25169767106191593,-0.5998865332770964,-1.7535533168353934,-0.16094440150383746,-0.021382467497181767,-1.556378115579148,-1.772295359404485,1.9792318397689428,1.0160690961263876,3.4588033264663585,11.342536903232487,-28.240785677449004,-15.449749401907415,17.81572624791922,-123.53803192013878,-88.2817126792123
2.4,-0.0008377355186434337,0.03206623987198343,-0.035053662278779714,-0.1663826219245734,-0.24015849625703609,0.15116710752950918,0.3365318183224194,-0.07109449454961678,-0.025029991546760996,0.1284792969236118,-0.106218270525714,0.2947440348529195,-0.5078618620266091,-2.015902126627929,-0.3507051205358492,0.019944879727269313,-2.423708785296934,-2.3697203673752507,2.6279620221163738,1.03057733515022,4.345310385897114,9.1087600446036,-26.157305454196642,-19.059610828509737,3.7468134898670358,-85.80183467406192,-58.97226920421333
2.41,0.0008172690343153894,0.03111872889938957,-0.031509079454716024,-0.17090992657023,-0.26264127167065654,0.14531190728702012,0.3340030189337451,-0.09504126084750773,-0.048018050320369474,0.16626649054061185,-0.0945216447734303,0.35565930338411395,-0.45187524705930077,-2.252483190097352,-0.5902326910203316,-0.2609431186011602,-2.385067899253706,-2.2909921625464724,3.798649092030045,1.173970514612288,6.115430729379545,5.560270121901414,-23.63954724485639,-24.044342501692693,-28.812068058612684,6.027080266831367,9.423867692218677
2.42,0.0028099868622798708,0.030312090008825805,-0.027484237559898452,-0.17439694306342163,-0.287942144238296,0.13671905991184813,0.32834917981099104,-0.11547121183688105,-0.06709198650836716,0.1998030896300067,-0.08037559558344474,0.40315713423413796,-0.34595168851626484,-2.536138970206932,-0.8646996430085463,-0.5695791167063873,-2.0386696410392893,-1.9004478464708874,3.325089365637183,1.4193820767207488,4.688462595725149,10.783152530600574,-28.532391005351638,-27.492537256718485,-30.418600929947985,34.03994981641425,38.92060312163978
2.43,0.005037637669658345,0.029673064761657705,-0.02318135516738191,-0.1760900853599346,-0.3167529518048894,0.12496796514711632,0.3212936015334159,-0.13503083645374533,-0.08120949109235337,0.22318389650520293,-0.06354475429866731,0.43075522292327995,-0.16526728236392374,-2.8885631621214967,-1.1818619379369497,-0.7073907659963898,-1.9559422009699359,-1.4001450888681164,2.323615706523273,1.6887112876035786,2.7349331519520863,18.187605295461875,-35.35767771922031,-31.82528757063011,-13.514752417383267,7.805021606376255,50.47412867963841
2.44,0.007367849988831644,0.029222813410823223,-0.01888636561343943,-0.17501401362403404,-0.349925710803883,0.1094786187829024,0.3145432380064671,-0.1566905369730556,-0.08543134274546617,0.23311679559386392,-0.04461454100390833,0.4292079741102581,0.11431292020319861,-3.3272091089119735,-1.5572543975230633,-0.6730024689715474,-2.172810648018241,-0.39659975841488526,0.9577778549417755,1.8966510737568687,-0.23536745787229357,28.21190936885901,-44.07948926343374,-37.66663939226765,3.8474329155024924,-22.39534402407244,101.73881768964812
2.45,0.009742409651626214,0.02898768043341141,-0.014720699928971973,-0.1705757651921682,-0.3878951985663165,0.08920685661146231,0.30794860271225494,-0.17967918394004367,-0.08055985351966469,0.23755293485395748,-0.023016744842715958,0.4162898746547034,0.45144311105234647,-3.80763647990602,-2.038614977867544,-0.6599625676540765,-2.299804588115346,0.504070886833465,0.44329460714691676,2.1666597906563854,-1.288920762525388,33.774652980992656,-48.07237108624782,-48.41767179274317,1.0325779481716157,-12.05689459848051,89.04821973350971
2.46,0.011860534660940362,0.028954306262685435,-0.011408007441798783,-0.1610378894231553,-0.4316370825593691,0.0631501413382649,0.3038739598601554,-0.20652309366162527,-0.0656485612367022,0.2109371968684482,-0.0028934494814448286,0.3286137240865588,0.9671163343504019,-4.388393690641521,-2.619596816908526,-0.39905652575676065,-2.6965261221005217,1.51654825799278,-2.76241274985618,2.0045956581037196,-9.011949559878605,52.12158492096699,-58.38931748511938,-58.30183599906365,27.01256334572311,-40.82372232690482,102.04654090580928
2.47,0.013612851546296885,0.0291180823011534,-0.009134566900112029,-0.1458901895213281,-0.48093984247255134,0.029522667226615947,0.30248418925257375,-0.23666865605024434,-0.04285276595853146,0.1743623196787317,0.016856301558837036,0.2249359455117792,1.5281366674087449,-4.943162870898179,-3.3822725051020037,-0.13332178056592975,-3.0208537464528935,2.295920586785365,-3.652987402426692,1.9765893661979708,-10.330437661150144,56.04675146803957,-55.27769951417966,-76.78391234137945,26.251934596108068,-31.776119220632513,76.88702207062492
2.48,0.015278215350472189,0.029494102334321096,-0.007092060607837955,-0.12699042624715667,-0.5334370027180345,-0.014209558779547755,0.29952094253852507,-0.2633685748416259,-0.02016629932327691,0.16652266130729004,0.03814404449981189,0.20424489059583797,1.8980409032481478,-5.256115655236302,-4.400039223994912,-0.3031914439951726,-2.6568383942705474,2.2632341954783244,-0.6919165361008823,2.133276025284461,-1.810802361207889,36.38605464077191,-30.570583898018324,-102.44639490022874,-18.303972235503434,38.436701443564054,-5.584313185256773
2.49,0.0169355722323304,0.030061709758230776,-0.005001168376426686,-0.10561484151925112,-0.5863994391220149,-0.07053311155910516,0.29343394366669084,-0.2840981774913569,-0.0006743159786039804,0.1657131851165357,0.05724412436164152,0.20924804436801692,2.14353199291271,-5.2961081011038385,-5.6663921723597435,-0.6170889185590214,-2.0569341462469897,1.9402046697690942,-0.08179847440405565,1.9017344422521383,0.5173299216382372,24.30022361329631,-3.298305073765333,-127.27113457475572,-31.51884187447528,60.233238371137716,-32.65058343763593
2.5,0.01846700225180987,0.030778289553638604,-0.0031106925154862474,-0.08244076693833062,-0.6368972780593595,-0.14157769911398005,0.28519317510234427,-0.299761187653821,0.015305867103451191,0.15273822808137297,0.07204105564490648,0.18836256376425323,2.322003269679146,-5.0417978687671505,-7.145191937944635,-0.8293214753738681,-1.553185794083987,1.5884843905054178,-1.3368773417026802,1.4674348830896689,-2.1763011730006845,17.681378778545238,26.241067073434277,-148.43748984326447,-20.865589467620133,50.011237997063205,-35.19243172080992
2.5100000000000002,0.01981128438536939,0.03159748106146706,-0.0015298103713170456,-0.058355278896244964,-0.6823033288008524,-0.22860225688649832,0.2752756927971143,-0.31097406696970903,0.02897575291799794,0.13388654632409416,0.08218950936723565,0.1571946970187895,2.410752916022309,-4.5253674786838225,-8.747687041017377,-0.9963337240595993,-1.1089847054990236,1.3610517669978366,-1.8977688244693278,1.0017555065934542,-3.13571838253827,8.610602235335202,52.361515258412034,-160.55959406433152,-16.613295380802448,44.28657091940871,-22.335727730344654
2.52,0.02087166486591099,0.032318628276295794,-0.00030746538267930186,-0.032697011946967315,-0.7300959267250514,-0.2949089421778027,0.26488523184071294,-0.3198733172537272,0.04231628933152593,0.10518203675864511,0.07176236349237985,0.12117942872303486,2.570667705312636,-4.788910494792103,-6.557687117667131,-1.0400153587626548,-0.88392758875815,1.333719051728639,-2.900927684606284,-1.1079992344171172,-3.6149414832506896,16.255687075166424,-28.979760063799777,231.37099563259005,-3.9780202402332625,21.80965716599018,-2.1331314324466573
2.5300000000000002,0.021750498226667307,0.03295362216196754,0.000852987277622974,-0.0061295504604811524,-0.7813908110906804,-0.33221324744620684,0.25341978931753706,-0.32618890575895976,0.0560291233016616,0.08736625763061115,0.06324939774211137,0.11593432523476313,2.6592882638218396,-5.140051091511779,-3.6423675848393113,-1.149956930487992,-0.6236706560917459,1.3725226875750047,-1.7435605758899624,-0.8394830950309903,-0.4233026507106528,8.607600932622853,-35.17415143956539,292.8315091077843,-11.24302253962683,26.199744935426253,4.044050763334261
2.54,0.022444281200899755,0.03354926398029455,0.0019330955202099998,0.021098943967021378,-0.8351506874123906,-0.3456420995638844,0.24111977412361138,-0.3302977204658493,0.0693315297143939,0.06908688074673568,0.059507557235112876,0.10787701014449258,2.7238759386135913,-5.379699002428607,-1.3062108761596478,-1.2312892478142263,-0.4074418979398833,1.3295370025383821,-1.8297519247874916,-0.36661645880514143,-0.813283614911972,6.4270554486921405,-23.7770235039777,232.62553246508503,-8.081601497708721,21.549917509845848,-4.43451722470064
2.5500000000000003,0.02290225581151252,0.03417252778695962,0.0027275860669269676,0.04926778345001108,-0.8887728060987456,-0.3449893071892348,0.22777577502738133,-0.3313597876038398,0.0821388871883273,0.04576112805498539,0.062334741261274376,0.07939824847213771,2.8170034410212303,-5.362017893816684,0.06660387637850548,-1.3344900916891032,-0.10585900162558867,1.2805570230435352,-2.332761431374733,0.2831695421257321,-2.848802007582177,9.31072313029986,1.7862865056655217,137.20426057674126,-10.313261561474294,30.147472105740853,-4.909488053183878
2.56,0.023120261446712014,0.034854390577979774,0.00318807211451801,0.07819249745174014,-0.9409564289443244,-0.33568960241860535,0.21379951988751933,-0.3300609554090742,0.0937431334418605,0.021754979581880392,0.0682077923824484,0.04598992371974487,2.892512920817737,-5.217607280837698,0.9313009158461031,-1.3978577753463775,0.13052878110947247,1.1601266138789492,-2.3990625814487103,0.5880864528173957,-3.3381392623828097,7.5346507606716635,14.485601718721291,86.37888587768975,-6.3452145930637975,23.645535275379622,-12.043023259684459
2.57,0.023154239418607378,0.03562524857203016,0.0034062063862010956,0.1072477324039756,-0.9898978789858265,-0.32135743259617033,0.1989157116813704,-0.32619312837893344,0.10407954945145159,0.0033336373152761042,0.0771230500233661,0.021713111598491312,2.9054612934521957,-4.892451041852388,1.433988321486756,-1.4886098180979919,0.38757035180604876,1.0330116723635703,-1.8421666528584215,0.892260802910844,-2.4295527178386043,1.2824102722746469,32.58134243760463,50.15597919921982,-9.065259841413138,25.692124334700637,-12.733438012813007
2.58,0.023014629677142337,0.0365041686935583,0.0033564945801582012,0.13601718202228158,-1.0338139101091297,-0.30406213922033465,0.18329320408962435,-0.3199703184233297,0.11264270542342565,-0.014006908531327945,0.08794234906990608,-0.0050314153194045705,2.876518355740045,-4.388951983157015,1.7329309262040096,-1.5628021222034614,0.6235731998201691,0.8556403625473491,-1.7302779202637557,1.0821809095646548,-2.6673516302780578,-2.9300821588722923,50.398706932157054,30.14305843995369,-7.445752233791985,23.629119308888605,-17.72320511256494
2.59,0.022777119027414576,0.03749964496859129,0.003175696254662058,0.16369660902185912,-1.071231683546741,-0.2804202652060948,0.16645442150700182,-0.3108898497415508,0.11956813727220372,-0.02379096404177677,0.09962150414164223,-0.018140955693824123,2.766984248760371,-3.7367174515379316,2.3642047517602682,-1.6844909805795596,0.9095060636165273,0.6913109022920809,-0.9767275259257452,1.1691900007964546,-1.3096625008257272,-10.998527828282556,65.41128015823935,62.69983762478089,-12.16255946943728,28.580853571629216,-16.47495574324557
2.6,0.02246124260277531,0.03862753388149696,0.0028659108128643415,0.18953727350970362,-1.099112915368742,-0.2561641822274841,0.148648292782339,-0.2993633381013305,0.12410684420747153,-0.03165187030248737,0.11286656011150682,-0.03110599320471715,2.58266577371043,-2.781283847292425,2.427522720183331,-1.780831452760548,1.153634487755239,0.4519962686743834,-0.7878530590609385,1.3235091931742669,-1.3022037465277287,-18.459502183328016,95.63203452053648,6.527347064112929,-9.581840571465838,24.336294940814675,-23.97461571999495
2.61,0.022043278013129938,0.039868483262368734,0.002361839174603571,0.21321186740092934,-1.1164279514310507,-0.22910378129055026,0.1306176288326402,-0.28650281336542566,0.12563959334852173,-0.04187872522421374,0.12416063716862322,-0.050543449096295434,2.3658612825105765,-1.7237343019881288,2.7077163177919945,-1.8029467428828712,1.2865674660288555,0.15078749162354982,-1.0235271302850695,1.126937300389303,-1.9426322265315044,-21.678571438768294,105.74226865101066,27.964336840165775,-2.1731317111984496,13.229312468950805,-30.154378044087466
2.62,0.02150234314325591,0.041186802602237615,0.001654731911455231,0.23476781780894013,-1.1232860075779363,-0.20038316989235228,0.11301685062099825,-0.273447478462689,0.12422353915128721,-0.05422716969620387,0.1318709481009262,-0.07092997421207832,2.1538766988977187,-0.6769410691929989,2.8720359717674118,-1.7590670731418587,1.3045005787679902,-0.14314567437989775,-1.239020151748487,0.767370986035483,-2.0453413554817237,-21.18886051138989,104.68539435398483,16.233205215522876,4.478326172864497,1.6263938456423381,-29.26125797641089
2.63,0.020825071228308293,0.042539503634235774,0.0007454765275166723,0.2542291687948396,-1.1198597966851949,-0.17192941242011645,0.09642710545255717,-0.2615304700856811,0.12178824757593039,-0.06780461654025946,0.13527511907273135,-0.09098275886603009,1.9440273130014278,0.3517994997768955,2.8445768769819235,-1.6584534544108804,1.1908265076054505,-0.2426275218317733,-1.350311357232525,0.33643280667716496,-1.9858843550886085,-21.00426666810559,102.79873487666444,-2.825489771527739,9.998517519525022,-11.338480520940678,-9.67733668286017
2.64,0.020066826202560256,0.043882038019414045,-0.0002233107664982455,0.2715704076839359,-1.1071784696554987,-0.14464354676669924,0.08035113705448191,-0.2504688388122395,0.12030335098563649,-0.07590635425974415,0.13420862039353304,-0.09693821115425048,1.7321696108416325,1.276717559379484,2.7266610733677186,-1.6071473253356543,1.105430733256935,-0.14751227758974683,-0.8097889847665286,-0.1118498471286292,-0.5951565515817088,-21.14700222317491,92.33072312820707,-11.89921995568236,5.117559918475463,-8.515415649819488,9.509541781531754
2.65,0.01925141289709103,0.04516716853558974,-0.0012015080770809814,0.2870333080244398,-1.0866718238451907,-0.11912788364304291,0.0644223388469548,-0.23967816824296798,0.11950477824004369,-0.08156147318097147,0.12841714388079795,-0.09772987354749477,1.5441396302998118,2.058725891256759,2.549709251391916,-1.59331156534622,1.0796691206721087,-0.07960477296246467,-0.5583351335458686,-0.5839819395548064,-0.06316156562332492,-18.804023881219944,78.06232568029436,-17.669175242631287,1.2881624471827604,-2.4311713847018566,6.7062906503610185
2.66,0.018381375812879457,0.04635131864685434,-0.0022005679658552444,0.30089022136715565,-1.0595882286280067,-0.0955026799533827,0.048498892046342945,-0.22881218650144364,0.11887726638965233,-0.087145844673571,0.11825562625471266,-0.10013215590689795,1.3842578854896428,2.715542854261849,2.3596450025037616,-1.5915665588579226,1.0857822591721051,-0.06263982508007988,-0.5708523028844226,-1.0218445238230447,-0.2736653992006527,-15.894833831766903,65.51864127898791,-19.094887700588952,0.30329918880800755,0.45949756054362273,1.6796538220598507
2.67,0.017410521954325114,0.04739410593241868,-0.0033566060859379645,0.3135977153717225,-1.0270652996012002,-0.07394783411967427,0.03302862215615471,-0.2183387068464641,0.11827788482410545,-0.09719420072440177,0.10406464396174846,-0.1157657673043299,1.2692205497261173,3.258911576610516,2.153182909113342,-1.5467523759148718,1.047328896385774,-0.06001828173589744,-1.0002206806275764,-1.4234291400273864,-1.554862408700913,-11.501739831076787,54.219216423126426,-20.563216262048005,4.423000772117559,-3.7563188116418598,0.24146300383357613
2.68,0.016339021003815263,0.04826754428970572,-0.004693843972192675,0.3252846236892813,-0.9897523222964797,-0.05507823795025256,0.01796837412613934,-0.20812033596965826,0.11766562472722619,-0.10733019127315854,0.08708272809037691,-0.13409394643867875,1.1674400948756734,3.737921256773961,1.8813410532064028,-1.5050629434664637,1.0210333133979574,-0.06115950612697556,-1.0201264985902099,-1.7014089293898653,-1.8530761647774798,-10.137633277884008,47.850833001191255,-27.509051582526844,4.237801776943883,-2.710434644541499,-0.09836975686953468
2.69,0.015123438986968541,0.04894763291217362,-0.00635056041016098,0.3362132838406076,-0.9482733589086554,-0.03779615343642123,0.0038081556593126094,-0.19874888842480845,0.11722173067521152,-0.12181234657877986,0.06769093774707523,-0.16626990651825593,1.091889168132809,4.1535589338686325,1.7297343268165832,-1.4142400772074966,0.9353474976013308,-0.04392107233577546,-1.454578416101674,-1.9431856917323453,-3.238511726181594,-7.517904393893135,41.41737228444144,-14.382976794164058,9.160092769599999,-8.665435414202534,1.7648593002944444
2.7,0.013778942864532332,0.049424299094265295,-0.00831718268199165,0.34628586374273873,-0.9026632236040422,-0.023603530012597518,-0.009603878450372789,-0.18998163005818647,0.11696997899048822,-0.13460221458010974,0.047338633912136274,-0.19704239543754842,1.0054989017548273,4.568507189858263,1.4076152668624633,-1.3406395618278704,0.8766464821853035,-0.025041647136497508,-1.2668089592002256,-2.034150728418789,-3.050743970004413,-8.713285690817214,41.646156042492024,-33.58220427564593,7.222426980901041,-5.680749722624363,1.8502520785528678
2.71,0.01230708083719553,0.04968910177911103,-0.01061672056424198,0.3555644272335729,-0.8533203074562713,-0.013354079508272729,-0.02227531086076049,-0.18177228458134145,0.11700408193471735,-0.14745924633086788,0.026094648482356417,-0.2306847884238008,0.9269011710954144,4.93949975074601,1.0228938799616234,-1.26525638426687,0.8191936975100369,0.004216362409922922,-1.297183793351868,-2.1282966152996248,-3.3980838047482966,-7.765757428929296,36.81636762904132,-37.408443099974185,7.671391497005601,-5.916334245190664,2.9944068963612085
2.72,0.01068559663809553,0.049737848391034206,-0.013337598624947895,0.36406757888591085,-0.8005157420974134,-0.004848449415783987,-0.03383085725990977,-0.17466131938712404,0.11755984749884052,-0.162412490130636,0.004486286013800501,-0.27286231436108566,0.8485719379596273,5.287469642772054,0.8465636942619478,-1.1534633755761534,0.7089432148130035,0.05661613108943062,-1.492786520050403,-2.158844996851379,-4.2179309511800875,-7.908653941758904,34.95262039446092,-17.8220632570209,11.18927121253836,-11.057361476477297,5.259329927481546
2.73,0.008950316638587297,0.04957689079232052,-0.016422910623057285,0.3714675235854492,-0.7440613393742679,0.002499047927407002,-0.04453476707333075,-0.1683205005383989,0.11859781467584221,-0.17370879046166496,-0.016499341637784656,-0.3091612015701783,0.737656368760463,5.652282758560679,0.7338499147690973,-1.0691203710876513,0.633120729647835,0.10461971210499395,-1.1195571191443852,-2.0979648280109533,-3.610644580996643,-11.143247430880962,36.424545074129156,-10.929023811391845,8.337892255662346,-7.447136421383124,4.772192524648895
2.74,0.007147854993859317,0.04922237324496385,-0.019790892656384614,0.3771492117684184,-0.682935093119642,0.007872820935123872,-0.05466871781194473,-0.1624451120855804,0.11998901747787857,-0.1803509777893618,-0.035827475939295014,-0.33732136126671913,0.5640511411542302,6.123515277805475,0.5315247391904347,-1.0123404034528465,0.5866295520704267,0.13975158500835017,-0.6554164790668365,-1.9277994273911687,-2.8016476489013376,-17.531884600339595,47.504994542671014,-20.73913176596491,5.648971412838773,-4.638672624976431,3.489036392880948
2.75,0.005297764747482899,0.04869326117761177,-0.023425249152947233,0.3805713217914408,-0.6157650145889715,0.007998925462390605,-0.06414897973999728,-0.15724662462904151,0.12170871570497617,-0.18510634473243295,-0.05327262446086834,-0.36401455258482557,0.3371245397168,6.730680561230132,-0.0012400262828900542,-0.9464796975029975,0.5181469319702322,0.17269134179565063,-0.47423499531777424,-1.7411452343552498,-2.6724394301800043,-22.771945688748193,60.94891765134863,-54.07279312347131,6.631539387221078,-6.9255105268825154,3.300110193857117
2.7600000000000002,0.0034144962233259826,0.047994229944212125,-0.02731859737589702,0.38154770215945194,-0.5422926956652224,0.0032219798126615472,-0.07282445120827703,-0.1530597809758997,0.12385713989606179,-0.18838831114872562,-0.0702832391880585,-0.38990082437562484,0.09211169902307784,7.361202439568549,-0.48703037421903383,-0.8656679375473946,0.41620660693362477,0.215892325769143,-0.32402643570210377,-1.7012560881562588,-2.5845145158163274,-24.522270299394478,63.01726646762098,-48.0463592275845,8.108101085884497,-10.265975938705926,4.350539363844979
2.77,0.0014997592898339958,0.047120536599680234,-0.03147446839529878,0.3806586947316464,-0.4642423510532962,-0.006627709956458088,-0.08052711170992617,-0.1502396214694672,0.1266569654562732,-0.19155073674322937,-0.0877809109180277,-0.41620790527668305,-0.09269290495308428,7.814173369365124,-0.9976235426959286,-0.7678758158667427,0.27859117560823915,0.2816688281049807,-0.3175696239860708,-1.751270925158933,-2.6337686074114828,-18.276039026630627,44.73409595911676,-51.35913540680804,9.823351323997956,-13.847952023316981,6.63853730651512
2.7800000000000002,-0.00036370145006601605,0.046065942690265475,-0.035661204364978424,0.3785028173861186,-0.38558901080463504,-0.014693271410647385,-0.0875306785507037,-0.14887898490769905,0.13021130399088146,-0.1861522621012525,-0.10590303322987357,-0.4185558337917451,-0.21837492897446198,7.8640837351049395,-0.7963080476672094,-0.6989232034269512,0.13252089577023415,0.35729489682305615,0.5681523279974324,-1.8137144645419392,-0.1558064409576889,-12.447773296791363,3.878172704343684,22.551900828125127,6.785970997779652,-14.604160303046285,7.573242139001836
2.79,-0.0020702063980715243,0.04484636838845111,-0.03957169475068319,0.375437005204669,-0.3098538723428484,-0.019067739957494566,-0.09422867828852391,-0.14901317855094923,0.13443602112569317,-0.1701975092170063,-0.12236251012716419,-0.3901856174785277,-0.3087145958640305,7.56439469563538,-0.428479566103063,-0.6692309201088407,-0.017230923441767805,0.4241004246377628,1.6214185232685685,-1.6400960880715705,2.913515795149432,-8.954710818881672,-30.776108200081552,36.60740626121113,2.873932513917775,-14.988003057262233,6.6487197135090215
2.8000000000000003,-0.0034300081948756703,0.04349082278147864,-0.042697304350809706,0.37069841394157116,-0.23894979353906895,-0.012479404346045102,-0.10149108230111942,-0.15026868873177907,0.13895393344002951,-0.1349639067176364,-0.13589732376526087,-0.31022051460458566,-0.47877526377749774,7.07693560983144,0.692282471555033,-0.7282153696995818,-0.1282621324254598,0.45234502671906573,3.5796862426785334,-1.3454066294821365,8.145519144578637,-17.284752270847758,-49.15844629367276,114.56766107872511,-6.163424383999922,-10.974062277789747,2.706877372259828
2.81,-0.004356439132274045,0.04205021215898748,-0.044775443868544144,0.3640830920909213,-0.17372315106065284,-0.005529051583158368,-0.1095899768940053,-0.1527187534055984,0.14336062966056118,-0.09143543557680515,-0.14426968717960248,-0.20487201311154382,-0.6666598187454175,6.506874581657254,0.6895775233584285,-0.8122178238894292,-0.24835317404431043,0.4401981151811269,4.368647707127791,-0.8220506573567058,10.587835015543764,-18.791135351762748,-57.19287853393464,-4.4180248011985395,-8.429038028917976,-12.06416539222309,-1.3227135357913324
2.82,-0.004902128773353119,0.040560804927625496,-0.045909112104238245,0.35710136322409475,-0.1181543129023063,0.001300830518821407,-0.1180771112086644,-0.1569053164724509,0.1475497039570854,-0.05351777848637788,-0.1490671133846846,-0.11075091476021778,-0.6985707323756627,5.5279222009161835,0.6834412046933579,-0.8496155382435038,-0.4237851031324304,0.418272739855673,3.771074706089295,-0.47046795855461854,9.367399306182401,-2.68347707023582,-99.19597342140426,0.0171582287552724,-3.5837643677581372,-17.71462958166075,-2.207615875005855
2.83,-0.005088459959909945,0.03906016159814829,-0.046144103585173055,0.35066474668467196,-0.07508720947825258,0.011627608506365017,-0.126733079671954,-0.1630601508770428,0.15125738951629952,-0.01758464951222921,-0.15008643076591963,-0.02087568561656881,-0.6418435866073573,4.269365847837121,1.0439973469654427,-0.866042795453924,-0.6212979324130627,0.36927567879444867,3.5892235891114983,-0.09070565081087796,8.978824443753746,5.902953143667397,-126.61624450413449,37.17596440937157,-1.5923579266422956,-19.80349874005227,-4.9860158143678035
2.84,-0.004923269971673661,0.037592592581597584,-0.04549844910080792,0.3450962290655575,-0.045467116263835546,0.021333425791098953,-0.13539427070308402,-0.17136826890338433,0.15415123333356973,0.017581900226035972,-0.14664765973932256,0.06722851985489707,-0.5541678960964117,2.921137998160302,0.9676967747345854,-0.8661019806299838,-0.8373692281810508,0.28685208086088654,3.5144749423105965,0.3575154877485475,8.805326752478258,8.8506001379626,-135.05621126782154,-9.13632232896138,0.043455528838905376,-21.66348507760169,-8.344456347635274
2.85,-0.004436937438953502,0.0361948351344252,-0.04406819053376548,0.34079281511372705,-0.02999378125733679,0.02618714394627552,-0.14370668668309816,-0.1822246098032071,0.15599668957123258,0.04889743388987415,-0.13971514094353213,0.14366836324573312,-0.4292475227350883,1.535491111295462,0.4810311892414613,-0.8309178207648199,-1.087786971371143,0.18365114019312642,3.1281264361190244,0.6960732283798345,7.633544649733262,12.524037718307333,-138.59324950286046,-49.001091004791604,3.548757618875509,-25.070344236407518,-10.337166953795345
2.86,-0.0036922092513542444,0.034888977563404734,-0.04205011269676323,0.33819513281783925,-0.028513692139040665,0.02309422787491619,-0.15127083997929813,-0.19582058511377348,0.1565753620512921,0.07451181724337981,-0.13056785333805854,0.20188655458686905,-0.2594719754914439,0.14578195594550417,-0.31115827749659747,-0.7562502593206348,-1.3600742088463378,0.05760820874737052,2.5608576237759455,0.9149558828941731,5.819421192035412,16.977831980695484,-138.95154692722255,-79.27315368346545,7.470677620949806,-27.22933700640068,-12.608770442142061
2.87,-0.0027229885049856748,0.03368656160236134,-0.03958437055486674,0.3372754066822758,-0.039750265664064706,0.009341561561541022,-0.15786577387990025,-0.2121812739307535,0.15564557687187958,0.09698114291751309,-0.12021324830221154,0.2466747393132838,-0.09161307392125596,-1.1266963038600808,-1.377815388293299,-0.6591815946348504,-1.6368582935929663,-0.09342715851114769,2.246696203309539,1.0354789994409055,4.4764016068722,16.774886947799388,-127.19983559255243,-106.6256354956018,9.712244337816005,-27.682480657615535,-15.10777894922848
2.88,1.5000000000000002e-05,0.03176661824323571,-0.03319727973874107,0.3334010235663167,-0.07847954718192766,-0.03915597376561533,-0.16891497609050693,-0.24864678028545553,0.1486649462440569,0.17590907711186135,-0.09815116876908637,0.40411420466950265,-0.42374951533853866,-2.076807032002724,-3.001367686289416,-0.6335501661981179,-2.0423782553797105,-0.5042901946406362,6.173008215233684,1.3294145641280477,12.89230556228401,-46.324091210499375,3.5840634602155754,-82.35223265979916,-7.786342652308529,-15.45657742015091,-27.41066497730633
2.89,0.0019084965256655198,0.030890400075448382,-0.029225359898835717,0.3281090723050614,-0.09878768521976698,-0.06156509457158725,-0.1732401538378429,-0.27245964515577276,0.14155533065157772,0.18936620854404995,-0.08760791839736241,0.3971987014524035,-0.5292802223774804,-2.030787161056703,-2.240357138248967,-0.43232070141753115,-2.3816335665411854,-0.711226501365391,1.3460551310000184,1.0546918182355358,-0.6901029443623468,-10.550983314331818,4.599960811627991,76.07974475631903,20.122677672652312,-33.92665897308075,-20.69999369410415
2.9,0.0039575412640836995,0.03015487285404764,-0.025210706410576086,0.3221291305058374,-0.11910554708494459,-0.07810347491387443,-0.1755118209885312,-0.29982191732582614,0.13175994117390977,0.20490116589277166,-0.07352261156912186,0.4013977385187859,-0.5976145762383741,-2.032637045789963,-1.6518129573851,-0.22654944894632084,-2.7370958992329015,-0.9801251561864638,1.549735327595381,1.408769625953922,0.4115356328685986,-6.776668075987717,-0.27834280913871395,58.9489133191515,20.60016270154314,-35.56425307405788,-26.895681108438662
2.91,0.005997883055860821,0.029574542666332762,-0.0215121425747108,0.31796250290228084,-0.14361012070242904,-0.08422042395987676,-0.17469169649080912,-0.33156066324085137,0.11891510440470539,0.20405508948515355,-0.057976264495417075,0.3698342854873518,-0.4164131561083444,-2.451414455947088,-0.6079311802672667,0.08288398595594113,-3.175183630678213,-1.285679543121901,-0.08193627882724641,1.5558312429816272,-3.148155633849915,18.087121907485002,-41.84478351820757,104.46314980317858,30.937730384296927,-43.80939425584142,-30.588123447440243
2.92,0.008133935927890032,0.029191737253848823,-0.017821599129655186,0.31416404984235835,-0.17047667093862226,-0.07885188370551124,-0.17104861820028924,-0.3676131193746947,0.10185771312862651,0.21371611932897627,-0.03818215333995019,0.369240050032508,-0.38104026190025214,-2.685162997380254,0.5381314102339968,0.3651348044375276,-3.606727244357084,-1.7079764771896995,0.974667901246517,1.9817565444495295,-0.03720688908307571,3.3795452558425207,-23.089037411838365,114.22000282490953,28.190484961872833,-43.12712819805538,-42.29607002486942
2.93,0.010498543806196012,0.029054088447519888,-0.013784486038091284,0.30778018085801,-0.1940883161157117,-0.06994057457213623,-0.16502782755534157,-0.4075742584119877,0.07903219670166829,0.2364350576950635,-0.013650285385435435,0.4035498704120401,-0.6385036314259092,-2.360931790926693,0.893788918048714,0.6040734332687373,-3.998544727453253,-2.285785897941263,2.2549326283224516,2.452320611543249,3.3903451545809378,-25.60416308353458,32.25458203188664,35.67532924759537,23.993051704243545,-39.24150889394866,-57.82612180187909
2.94,0.012721099003396468,0.029137613236685147,-0.010284718712898211,0.30205671821910995,-0.21846221371160887,-0.05466606085397327,-0.15454618824289038,-0.45260858671816734,0.04947500004494521,0.22193125495148966,0.008458565358976078,0.34909313443741835,-0.5695741634341976,-2.4411136575490477,1.5339220689231845,1.0519991967290545,-4.506924112648786,-2.960305413315126,-1.4806731849839556,2.207640258809656,-5.5169040991617795,7.193634753553101,-8.431521316958587,64.35209378469823,44.941467840108416,-50.89723535968967,-67.52470704094763
2.95,0.014490470310198593,0.029405182709357124,-0.00801869089643107,0.29965085028157756,-0.24689946094310716,-0.031222983510262238,-0.1382012489712089,-0.5028424906846766,0.011695808745327382,0.17685519594076965,0.026900096848750932,0.22638326556081317,-0.24169637246740977,-2.840955106466641,2.3430983389093547,1.6370994481358168,-5.025313968979748,-3.7849736611287823,-4.477004726913528,1.846154376992734,-12.187213669313321,32.339284573531124,-39.24959442079685,80.0132915545526,58.3170520783961,-51.61703650614692,-82.642816726511
2.96,0.01614856513108184,0.029871157007322954,-0.0060279732998836585,0.2954445776354555,-0.2710254023107155,-0.010133218606693441,-0.11832723153271985,-0.5553040226863992,-0.036929378410340594,0.16573735096786385,0.046736423900433345,0.19895270366822845,-0.4225584112054879,-2.4083678520820273,2.1056003345902967,1.9896645970227778,-5.246595321852739,-4.872843268000587,-1.1095636955557167,1.9810920170270496,-2.729445598772482,-18.15466568638146,43.36827652794491,-23.9556834765365,35.18270167817465,-21.946799590009277,-109.02054017833335
2.97,0.017700827085158053,0.0305031288376536,-0.004211856850895525,0.28890792542562876,-0.28990670888393666,0.0069381258015116165,-0.09590519993851747,-0.6073953414155704,-0.09914771642555084,0.15509620215073472,0.06332430391433912,0.18139734790716502,-0.6555096542411579,-1.8836238160656096,1.7040910081262661,2.2437704675758545,-5.206615341781212,-6.235382872038657,-1.0691582934285364,1.6557678901680999,-1.7638328460737798,-23.261246745338774,52.448825092329955,-40.07300412402552,25.309565290192133,4.309190573734272,-136.45364417093458
2.98,0.019093219394720553,0.03126307978385027,-0.0026560609714270083,0.2804483445858184,-0.30398166379323477,0.021040586944613526,-0.07201934423403118,-0.6558930649647211,-0.1768308570055025,0.13904798472374474,0.07608990489509827,0.15527481267270687,-0.847548400683533,-1.403259326328582,1.40828559119131,2.3893835286818152,-4.844448371275249,-7.784350977232348,-1.6096548856345128,1.2717655240716053,-2.6191370611194524,-19.156476522255996,47.95679670457454,-29.4338137503388,14.463888502788308,36.47770096015511,-154.99824473901293
2.99,0.020273828380016106,0.03204645325420485,-0.0013838538830710531,0.27068146404153753,-0.31441219807850335,0.033955470356397406,-0.047119823364543775,-0.7018864284089081,-0.2570644957651705,0.1177882133871566,0.07820728733867208,0.12696147275130545,-0.9774799198247288,-1.0404168777202418,1.2918910570120112,2.491512637140363,-4.602773289159262,-7.996774252063019,-2.1324111967096195,0.18754120112962155,-2.823485104273189,-12.894290022451164,36.07534264490243,-11.375201920936684,10.283410789314413,23.207955249152075,-16.675474864383506
3.0,0.021237302079485446,0.03272408671221355,-0.0002614184071617056,0.2600093612354066,-0.322322567134245,0.0472402768907527,-0.02103353622371903,-0.7511361665377689,-0.31110112702047277,0.09615571461630497,0.06766486049307632,0.11224557438596275,-1.068660021151686,-0.7878157185536747,1.3289238379802286,2.6095438354463454,-4.929079046579808,-5.368637348299482,-2.1523238328071503,-1.0497615183262268,-1.4421806047382282,-9.178504036882918,25.29573262039541,3.7036764621510163,11.721829966546407,-32.66731681028882,263.4351543234637
3.0100000000000002,0.022052712221978066,0.0333385968025196,0.0008875218861007284,0.24807973999761482,-0.3275598491856075,0.06078227679909374,0.005662837646674929,-0.8033732295132555,-0.33807898321242924,0.08137500051216263,0.06140784421410156,0.11497688060298147,-1.1946650919360882,-0.5203378414142237,1.354306858302501,2.6701150017072224,-5.226663366717306,-2.6674473857436487,-1.4737748065448728,-0.6191421849591908,0.28145846469000807,-12.61417924599305,26.73753940334055,2.499763375797503,6.004069276588527,-29.60455917207581,269.33362582687795
3.02,0.02269508194566379,0.033944621291027224,0.0019535986620087356,0.2349512751541133,-0.33000192282649965,0.07419383970655122,0.03297508752602913,-0.8569695395025696,-0.34507967627815117,0.06391374220386234,0.06063711283563387,0.10621870880316334,-1.3142884603605898,-0.24000827788013654,1.340577979068276,2.7325387747249645,-5.3597855887880135,-0.6788685989224942,-1.7610401589972062,-0.06869439568127426,-0.925191518487659,-11.92186319856887,28.089530638072716,-1.4444827249113161,6.324920177276668,-12.999374713523206,197.67345258578754
3.0300000000000002,0.023089714160556152,0.03458942507719299,0.0026859841892981837,0.2210570059111423,-0.3298044207663216,0.0868088902185988,0.06123820933327759,-0.910051375695898,-0.3402201996804974,0.03906747604115119,0.06456252701082815,0.07264665611707816,-1.3900887699430493,0.023009232387984566,1.2596482262337148,2.8277383794956346,-5.306314616968057,0.497632488364637,-2.489730087649755,0.3971882681169639,-3.375289289706685,-7.488846356150919,26.173719320209077,-8.220719022456107,9.521877880553811,5.557176907369478,116.51121883046407
3.04,0.023248937147012233,0.03530438592340313,0.0030729766575377446,0.20654895458876085,-0.32726669559514454,0.09811974845962383,0.09013382473686163,-0.9610135512476284,-0.32903648550494663,0.015598755153357085,0.0716324839362029,0.038237115777209896,-1.4520618995490415,0.2577428555281097,1.1289185101396868,2.8900255302782005,-5.091412075037483,1.1258871829422765,-2.336693009104742,0.7120316207848275,-3.4234812263906162,-6.254183940754503,23.524373229554254,-13.092248798379101,6.119548085020583,21.780585702322444,62.3145740638931
3.0500000000000003,0.023214938711466265,0.03611650419778708,0.0031682548424786863,0.1912831684926988,-0.32227386916691103,0.10783952318515874,0.11908012953181941,-1.0079928599065973,-0.3143778214687312,-0.0037096390881494416,0.08139348421415141,0.009034180167384541,-1.5278053503032385,0.5033574291740679,0.9689372551943882,2.8943385184656765,-4.689710242085221,1.469767102427614,-1.9273320187901848,0.9798929855367334,-2.9205644796954924,-7.56313452851703,24.546620272147432,-16.07426815017428,0.3502512686308347,40.491792210324604,33.966228684889096
3.06,0.023010679692272683,0.03703735441949527,0.0029808831153967626,0.1753174613096255,-0.31493933916603295,0.1156137858748032,0.1476036356217153,-1.0496098331361157,-0.29488461522814086,-0.020710731540264246,0.09228096350061213,-0.019227941587217523,-1.597782223763676,0.7375318780661164,0.7737379801789148,2.8512290943309817,-4.151393465540539,1.9616568501618932,-1.6956498835152833,1.089119663344384,-2.822917709221335,-6.988663491692769,23.393118588145484,-19.56837687618005,-4.394822070809245,53.99684625229415,50.03626695915274
3.0700000000000003,0.02267627959025946,0.0380817963791547,0.0025634569731799333,0.15870795757269196,-0.30550102997557377,0.12110713006769958,0.17486249450964167,-1.0832812158805631,-0.2718725892875097,-0.03364559774242328,0.10469639368278115,-0.04211576599561207,-1.662118303353948,0.9475557991502164,0.5447351038361484,2.722630308168988,-3.3491726909659914,2.303220358257449,-1.2836708873480234,1.2462276464323438,-2.2738231050423416,-6.422159225367754,20.942443871719362,-22.973195994817633,-13.07379157538066,80.95405956682731,33.02018754665961
3.08,0.02224942821907752,0.03925804980601177,0.0019855096730129326,0.14163749504376288,-0.2943872992230677,0.12365342258330242,0.19994253315293753,-1.1063803641349848,-0.2466095052906048,-0.042847791706223555,0.11788470458311882,-0.058066274831082974,-1.7077613496738564,1.1143212872451855,0.2481327972891085,2.5031037146926085,-2.287593420437869,2.532274222620822,-0.9146692646445911,1.318200254422128,-1.5825319562505404,-4.511201919760708,16.576114275344484,-29.831119616639665,-22.104772275499236,106.51004309944148,23.30206556990684
3.09,0.021696157756923393,0.04053111680489102,0.001199887774571471,0.1249068607800934,-0.2828885154916483,0.12315412951735925,0.22293730926464111,-1.1190851117788831,-0.2184699859565296,-0.05564256405018687,0.12746911878496206,-0.07907795327194238,-1.6715381738562518,1.1493981383630711,-0.056015732182208774,2.2955760098601106,-1.249789948077234,2.8198001084718425,-1.2944209247157001,0.9470928453850487,-2.124981985801993,3.857329496287932,3.138471305588321,-30.338978192400386,-20.624371070046475,103.49613017354156,28.709642126620082
3.1,0.02104204359837447,0.041860437169905264,0.00031045744410918013,0.10868218773956947,-0.27180202199163617,0.12140075675519121,0.24373138549347623,-1.1215930666765432,-0.18920892527087838,-0.06557779805289948,0.13303180465008624,-0.08901653105787895,-1.621602929136531,1.1075545311000115,-0.1762990963530768,2.0742489350011204,-0.22822783706314861,2.926758881052598,-0.9765735495730256,0.5490010538442374,-0.9456571900557925,4.917788358515364,-4.245456462378821,-11.469286094653787,-22.243320756876976,102.24891525587961,10.130692545916125
3.11,0.02034886921908733,0.04320592411303057,-0.0005224676906161347,0.09244161062507493,-0.2608382273094892,0.12023721042190584,0.26218343118694837,-1.114506875993219,-0.16038244376707692,-0.0693707028053942,0.13455704160076734,-0.0830761888511013,-1.6244925799236323,1.0964657727056162,-0.11401027300259169,1.8398753809130632,0.7298140193962932,2.8809456024018494,-0.3668300294930988,0.1426160836262907,0.6243038848065375,-0.4271710678157768,-0.981784415355321,6.574765579264323,-23.430748809808243,95.55653572337951,-4.8275869557206255
3.12,0.01963159797685858,0.04452071061948936,-0.0012708686474074528,0.0759335904709786,-0.24960673464027058,0.11972493847463919,0.27855628068250926,-1.0991082740628981,-0.13317176131621314,-0.07178521465794989,0.13137564200287818,-0.07464755304451111,-1.6515062188739709,1.1239869343670024,-0.05000143586852818,1.6325516190153246,1.558825642810244,2.7164617970904654,-0.24171031572616128,-0.3296750979484032,0.8394369261115863,-2.7272210036424704,2.829308324348441,6.2748617472696235,-20.64692892412572,82.57581367789095,-16.74057041627203
3.13,0.01887272449462156,0.045753643605930816,-0.0019955771065872053,0.059251409040395116,-0.2380737859619911,0.11938584532089454,0.2932471934585557,-1.0769698609422025,-0.10580984952384649,-0.07600386829861976,0.12306039664688517,-0.07245599242130872,-1.66855703041625,1.1540045866973239,-0.0337420845601115,1.4651507616563468,2.2296322278066425,2.7381708216775387,-0.4276484167041338,-0.844493099310199,0.19998098730775374,-1.6643320024269685,2.9849505300414374,1.5113667670258146,-16.63786263425913,66.67128966995162,2.870746008155798
3.14,0.018090343456045006,0.04687808650969064,-0.00267228175077489,0.042128461280297264,-0.22574795475145723,0.11877649915078363,0.30628228030430427,-1.0481093014905538,-0.08457168928439467,-0.07828307669785636,0.112154401045824,-0.06751837539620656,-1.7136365471675488,1.2349697594225628,-0.06185859849898894,1.2991884672241438,2.9036504371317196,2.103367981723038,-0.22005222022449925,-1.0955217174530407,0.5078701759823782,-4.610101633071716,8.26673108503941,-2.9250117358301435,-16.619159687919804,67.52282583884816,-65.80415948771206
3.15,0.01725713751392517,0.0478471375261409,-0.003390958400074386,0.024806275510176508,-0.21286686741167027,0.11790822987523648,0.3180771066288995,-1.0142411923816417,-0.06525755283936269,-0.08347591851225586,0.0964639256927934,-0.07203779651927646,-1.7325696276887192,1.2893863388993303,-0.08746448995795618,1.1764052719257994,3.399202200019886,1.929680736299051,-0.5304995735425515,-1.5835169191193692,-0.48581595545896666,-1.7856858786595031,5.317670342502021,-2.527346510854931,-12.132835742122815,48.948064412430554,-15.35514899961355
3.16,0.016299648219848067,0.0486444891667692,-0.0043754020903069525,0.008131716390357882,-0.2004490213134775,0.11688386262565399,0.32875626844698125,-0.9749495670119677,-0.049175039935127694,-0.09612574050271229,0.07925447329137032,-0.0992786544258904,-1.6652881580294994,1.2400533727890424,-0.10283211907363701,1.064829839773821,3.94461803992697,1.5980475949043405,-1.2872571325634117,-1.7233381146676228,-2.7920102759169265,6.989560613061932,-5.248850784766606,-1.5093204665913817,-11.146702311790813,54.810583622234205,-34.031311519304786
3.17,0.015082274794733893,0.04924034493065541,-0.005994867854176195,-0.006379165106655396,-0.19046043181096253,0.11626176571858039,0.3390920980964643,-0.9314248507183156,-0.0335594906458751,-0.12253194891498823,0.05899475748832777,-0.16389976614202906,-1.4443427167356573,0.9911914063897401,-0.06084859478950683,1.0328800693836162,4.364165909549356,1.5614037157186411,-2.6823694541083056,-2.0355698717085793,-6.574563602956212,22.55920412304155,-25.49274711835366,4.381171286177586,-2.9375007505216337,41.509440657980804,-2.588823956920983
3.18,0.01356570691177513,0.049628843344954654,-0.00837771460502985,-0.01826773284229209,-0.1834843685800582,0.116334674482147,0.3492270879168091,-0.8836390614842213,-0.02124321070686992,-0.15255431331648822,0.03823161609106714,-0.24058171167963627,-1.1809695637754618,0.6885377107394405,0.009421755190378304,1.012912585133771,4.791325477258198,1.220913687696835,-3.0100338517028016,-2.0770403693611854,-7.696743214477315,26.431189343179224,-30.382732867416816,7.101670432048588,-1.9822171344862998,42.78296954155534,-35.139123073136986
3.19,0.0117232145458559,0.049789451088460675,-0.01161273423046134,-0.02727795376252738,-0.17981737338374418,0.11745797729184163,0.3596494045114371,-0.8332249702746913,-0.009814212355160667,-0.18500162963756267,0.01553363680793198,-0.3254716637352032,-0.8943765322519757,0.3590603614931221,0.11478915251203362,1.0429480111792926,5.047254288314435,1.1411958057408103,-3.250158920523609,-2.2744463207502963,-8.507391481850748,28.71043887064051,-33.0063405504447,10.618330421539186,3.1233553069332336,25.175609255057715,-7.293230257870699
3.2,0.009737331189646207,0.04973850200443285,-0.01527412227404873,-0.035166654231546704,-0.17728946547031318,0.11918009022665332,0.3690223919773671,-0.7786613209213866,-0.0013756882221256685,-0.19856698478302565,-0.005118143208042565,-0.3660972541379354,-0.7891404674991049,0.2531867437506823,0.17215174570011407,0.9369267837602913,5.457076464207831,0.843455543731575,-1.352435970157404,-2.064927493384039,-4.052688228191384,10.48054106174852,-10.530719636525248,5.722227279537845,-10.6279939053853,41.00416407269916,-29.77706649033012
3.21,0.007917967522139288,0.04949943323134558,-0.018616221692978555,-0.04516329295641551,-0.171668150797252,0.12044713797061614,0.37543537943513616,-0.7184395240173177,0.004049976026292333,-0.1819167049745486,-0.023950733190448294,-0.3341871923052502,-0.9999091619518938,0.5625131671055023,0.12668039935022402,0.6407644378724581,6.023188541187489,0.5424689993911807,1.663087246516366,-1.8834659583413966,3.1856275595706514,-21.051902741151373,30.898413500766413,-4.538576573709206,-29.602224757003903,56.58304214245658,-30.03490340344781
3.22,0.006171471928910029,0.049066130435050426,-0.02189909973806801,-0.0560595707294621,-0.16460689175433682,0.12165528784435262,0.3794600629217128,-0.653495537872293,0.00853035338206762,-0.17467064684724576,-0.04338632820725059,-0.3283937921633355,-1.0893340293860958,0.7057988510283568,0.12094336867398597,0.4017143114667992,6.496514061325865,0.44624244922002954,0.719495328433875,-1.9428042013494033,0.5650028056959294,-8.875564157432446,14.237857072499262,-0.5568111537479798,-23.903159774503123,47.40047429538603,-9.793487585240127
3.23,0.004358536631967284,0.048457982041560654,-0.02551319386389689,-0.06601470352520351,-0.15861360349773837,0.12328650125732984,0.3812450822871844,-0.5822706207418995,0.007250489460131241,-0.1813245224946216,-0.06089154316327027,-0.36155635880984327,-0.9950306648972354,0.598726061954048,0.16337044664335146,0.17783610188670904,7.124351786195948,-0.13096290124516174,-0.6657399539036377,-1.7508724946756555,-3.317116495818938,9.440499422280423,-10.725349946045059,4.251091710532286,-22.35474399858375,62.69015728302468,-57.785428571680484
3.24,0.0024883345547973878,0.047667688752856145,-0.029434755598115404,-0.07489070596636471,-0.15403991016933796,0.1255274170055535,0.38142565294919556,-0.5069205080476886,-8.546971715952928e-05,-0.1870057673375706,-0.07912501502405522,-0.39220460847544525,-0.8872157615873139,0.4566556109331157,0.22446140510666918,0.017150588943715184,7.5363827359378925,-0.7340180434138238,-0.5626801239637393,-1.8234428305602088,-3.0510818922185097,10.759627757851408,-14.203851221151403,6.115506264315893,-16.0772145518102,41.107435180865245,-59.969423575008015
3.25,0.0006692008082667714,0.046695370357098705,-0.033386941892983066,-0.0831177533280981,-0.15082727836664422,0.12846825458723524,0.3798334421578296,-0.4293662450503294,-0.007319449520536595,-0.18182023544090414,-0.09734051451243292,-0.39507360605456504,-0.822536168345777,0.3204416919693891,0.2944920611116277,-0.16040795027989077,7.75566760015923,-0.7209345368324264,0.5263948867661619,-1.8210084802231936,-0.2659718895160412,6.438101319113907,-13.618477027956539,6.999761839763932,-17.766970825590697,21.78481206967216,1.6145959513024473
3.2600000000000002,-0.0009875574501669927,0.045553534497956835,-0.0370687940708948,-0.09108718171242006,-0.14900242460304422,0.13204234800785206,0.37639311674271947,-0.3518733052067273,-0.011413481786540948,-0.16552799133260437,-0.11429122732233497,-0.3678981048962915,-0.7967931829986455,0.1813257814037953,0.35780193648164244,-0.3451976215813044,7.748109602170137,-0.40924815144793686,1.6333326390315226,-1.6931686246107964,2.729824545593398,2.5695601345686403,-13.93292575445505,6.3226182379965135,-18.45710362623192,-0.9069917540672428,30.88958586145704
3.27,-0.002422251264267064,0.044268130760811264,-0.0403004667517096,-0.09889449813667353,-0.14882665070269518,0.13612590444849518,0.37149443868826015,-0.27696400129386134,-0.014327696983128165,-0.14324705636822743,-0.12864332291846406,-0.32267401633696596,-0.7807104329573733,0.016135165599466955,0.4086850672490278,-0.4906712762034828,7.486532940353503,-0.2881092291850227,2.2336788156125253,-1.43319170311527,4.539603030841686,1.5928808087019146,-16.531724649582948,5.076197850667363,-14.493431568346235,-26.47254938926457,12.437671360190564
3.2800000000000002,-0.003574091385161512,0.042867571494062326,-0.04289060885898018,-0.10670167328756924,-0.15044556251915972,0.14054310464398315,0.3657967636925117,-0.20826175243656803,-0.013389644430251858,-0.11489776237224682,-0.14013702528794153,-0.2583336438374418,-0.780777498454547,-0.1636173920158992,0.44186623872670433,-0.5700761116321914,6.862571681081279,0.09689338784109128,2.838746607253183,-1.1458253632484467,6.447203203669334,-0.015355377544827726,-17.98652360787641,3.2950771758816186,-7.879330380941634,-62.67723981404092,38.43565270083032
3.29,-0.00439484520654385,0.041390243408961996,-0.044684118626171575,-0.11463733765702631,-0.15395531651690644,0.14501785384155844,0.3598469382074427,-0.1486975106157189,-0.00727039771160391,-0.08169529451678723,-0.1477851048193483,-0.1784165285963314,-0.793838304605466,-0.3529235975263483,0.44730625397740253,-0.5950515340385122,5.945331954647119,0.6212584857418517,3.3267398319564743,-0.7609286047000794,8.010326905917259,-1.3272883737331311,-18.93426853219542,0.5098565831980747,-2.4693548069381266,-91.99361234491182,53.04690974269849
3.3000000000000003,-0.004832097264471424,0.03987929432559129,-0.045529322572954174,-0.12288561332292539,-0.15933327009381804,0.149163736752386,0.35382687989452494,-0.10017053431820104,0.004998187327712785,-0.04327567466387724,-0.1510945023683098,-0.08339745147640738,-0.8252736593422476,-0.5397824451146037,0.4138727904837308,-0.6020894609991375,4.840081546376102,1.2272696269159393,3.8453026774505377,-0.3249712810646942,9.51195537998334,-3.1587854058880365,-18.67027159007906,-3.3981087021629928,-0.704609684449093,-110.5706247674559,59.5857894530717
3.31,-0.004870288759791833,0.0383836310245493,-0.045379384470711416,-0.1314777727095634,-0.1665514517039034,0.15255761191231532,0.347845311956775,-0.06326275581872057,0.01645620189513385,-0.0033409139721326583,-0.14951736228402002,0.016182851390246215,-0.8595210200310911,-0.7241800392412602,0.3382463865547395,-0.5978791831777914,3.6759918210993923,1.1424161965126445,3.9923133759759932,0.16272437681691015,9.95454694240294,-3.4060814845727925,-18.460216730202767,-7.600019401446508,0.4590941861391708,-116.51721379175044,-8.881100446523154
3.3200000000000003,-0.004550248377846519,0.036939919876554324,-0.04434712092727131,-0.140069920981396,-0.17592790368659567,0.15498004040345909,0.3424962453780866,-0.03910434036782912,0.024205222637546743,0.0324074028244338,-0.14428015091508553,0.10420209183190784,-0.8587289824976118,-0.9409024517385839,0.2409010097397412,-0.533291942108715,2.3979281463516102,0.7682317710697293,3.5630695702471447,0.5276445268341423,8.769876369820457,0.16344014943192767,-21.74477961010313,-9.745641569737284,6.594442384811603,-128.00462714313835,-37.72909129938773
3.33,-0.003951188650587484,0.03557538395933799,-0.042657744159682646,-0.14811766426925183,-0.18787079228466963,0.15627710286811766,0.338603799930457,-0.028596263406869417,0.02493349601081775,0.06024990772436856,-0.13632317823176365,0.16971166266908502,-0.8036826120014781,-1.1980849853293085,0.12792092575493957,-0.38676317572926894,1.0314391942153323,0.05931364090835412,2.774970559270279,0.7990615768392201,6.522521234134145,5.563407893259933,-25.74850671508945,-11.33334072833702,14.729775508775607,-136.6595250961308,-71.5464193293284
3.34,-0.003128144762075532,0.034307058152001794,-0.04049399392250977,-0.15526406503086546,-0.20254151771718754,0.1562310007500187,0.3365719780272822,-0.031576743302446995,0.01619757840934787,0.08261022022884514,-0.1266799357627299,0.21696675752196984,-0.7130502529659147,-1.4712794211296216,-0.0067846711234279,-0.20018014851369142,-0.3181160806177512,-0.8877659849682422,2.2296045808211185,0.9656746237589623,4.701082761318389,9.106754914364446,-27.33434501304249,-13.497801232516844,18.69408132836208,-134.88740310744785,-94.67823327963372
3.35,-0.0021071123553352386,0.03314019699947557,-0.037981938816867726,-0.16128240532514793,-0.22003092572598765,0.1546479986440433,0.3363323666226648,-0.04695459205914573,-0.0013909204013544511,0.10241604657139576,-0.1165213857924966,0.25169767106191593,-0.5998865332770964,-1.7535533168353934,-0.16094440150383746,-0.021382467497181767,-1.556378115579148,-1.772295359404485,1.9792318397689428,1.0160690961263876,3.4588033264663585,11.342536903232487,-28.240785677449004,-15.449749401907415,17.81572624791922,-123.53803192013878,-88.2817126792123
3.36,-0.0008277355186434337,0.032076239871983436,-0.03504366227877971,-0.16637262192457342,-0.2401484962570361,0.15117710752950916,0.3365418183224194,-0.07108449454961678,-0.025019991546760996,0.1284792969236118,-0.106218270525714,0.2947440348529195,-0.5078618620266091,-2.015902126627929,-0.3507051205358492,0.019944879727269313,-2.423708785296934,-2.3697203673752507,2.6279620221163738,1.03057733515022,4.345310385897114,9.1087600446036,-26.157305454196642,-19.059610828509737,3.7468134898670358,-85.80183467406192,-58.97226920421333
3.37,0.0008272690343153894,0.03112872889938957,-0.03149907945471602,-0.17089992657023,-0.26263127167065653,0.1453219072870201,0.33401301893374513,-0.09503126084750774,-0.04800805032036947,0.16626649054061185,-0.0945216447734303,0.35565930338411395,-0.45187524705930077,-2.252483190097352,-0.5902326910203316,-0.2609431186011602,-2.385067899253706,-2.2909921625464724,3.798649092030045,1.173970514612288,6.115430729379545,5.560270121901414,-23.63954724485639,-24.044342501692693,-28.812068058612684,6.027080266831367,9.423867692218677
3.38,0.002819986862279871,0.030322090008825804,-0.027474237559898453,-0.17438694306342165,-0.287932144238296,0.1367290599118481,0.32835917981099105,-0.11546121183688106,-0.06708198650836716,0.1998030896300067,-0.08037559558344474,0.40315713423413796,-0.34595168851626484,-2.536138970206932,-0.8646996430085463,-0.5695791167063873,-2.0386696410392893,-1.9004478464708874,3.325089365637183,1.4193820767207488,4.688462595725149,10.783152530600574,-28.532391005351638,-27.492537256718485,-30.418600929947985,34.03994981641425,38.92060312163978
3.39,0.005047637669658345,0.029683064761657704,-0.02317135516738191,-0.1760800853599346,-0.31674295180488937,0.12497796514711632,0.3213036015334159,-0.13502083645374535,-0.08119949109235337,0.22318389650520293,-0.06354475429866731,0.43075522292327995,-0.16526728236392374,-2.8885631621214967,-1.1818619379369497,-0.7073907659963898,-1.9559422009699359,-1.4001450888681164,2.323615706523273,1.6887112876035786,2.7349331519520863,18.187605295461875,-35.35767771922031,-31.82528757063011,-13.514752417383267,7.805021606376255,50.47412867963841
3.4,0.007377849988831645,0.029232813410823223,-0.01887636561343943,-0.17500401362403406,-0.349915710803883,0.10948861878290239,0.3145532380064671,-0.15668053697305562,-0.08542134274546617,0.23311679559386392,-0.04461454100390833,0.4292079741102581,0.11431292020319861,-3.3272091089119735,-1.5572543975230633,-0.6730024689715474,-2.172810648018241,-0.39659975841488526,0.9577778549417755,1.8966510737568687,-0.23536745787229357,28.21190936885901,-44.07948926343374,-37.66663939226765,3.8474329155024924,-22.39534402407244,101.73881768964812
3.41,0.009752409651626213,0.02899768043341141,-0.014710699928971973,-0.1705657651921682,-0.3878851985663165,0.08921685661146231,0.30795860271225495,-0.1796691839400437,-0.08054985351966469,0.23755293485395748,-0.023016744842715958,0.4162898746547034,0.45144311105234647,-3.80763647990602,-2.038614977867544,-0.6599625676540765,-2.299804588115346,0.504070886833465,0.44329460714691676,2.1666597906563854,-1.288920762525388,33.774652980992656,-48.07237108624782,-48.41767179274317,1.0325779481716157,-12.05689459848051,89.04821973350971
3.42,0.011870534660940362,0.028964306262685435,-0.011398007441798783,-0.16102788942315532,-0.4316270825593691,0.06316014133826489,0.30388395986015543,-0.2065130936616253,-0.0656385612367022,0.2109371968684482,-0.0028934494814448286,0.3286137240865588,0.9671163343504019,-4.388393690641521,-2.619596816908526,-0.39905652575676065,-2.6965261221005217,1.51654825799278,-2.76241274985618,2.0045956581037196,-9.011949559878605,52.12158492096699,-58.38931748511938,-58.30183599906365,27.01256334572311,-40.82372232690482,102.04654090580928
3.43,0.013622851546296885,0.0291280823011534,-0.009124566900112029,-0.1458801895213281,-0.4809298424725513,0.029532667226615947,0.30249418925257376,-0.23665865605024436,-0.042842765958531454,0.1743623196787317,0.016856301558837036,0.2249359455117792,1.5281366674087449,-4.943162870898179,-3.3822725051020037,-0.13332178056592975,-3.0208537464528935,2.295920586785365,-3.652987402426692,1.9765893661979708,-10.330437661150144,56.04675146803957,-55.27769951417966,-76.78391234137945,26.251934596108068,-31.776119220632513,76.88702207062492
3.44,0.015288215350472189,0.029504102334321096,-0.007082060607837955,-0.1269804262471567,-0.5334270027180346,-0.014199558779547755,0.2995309425385251,-0.2633585748416259,-0.02015629932327691,0.16652266130729004,0.03814404449981189,0.20424489059583797,1.8980409032481478,-5.256115655236302,-4.400039223994912,-0.3031914439951726,-2.6568383942705474,2.2632341954783244,-0.6919165361008823,2.133276025284461,-1.810802361207889,36.38605464077191,-30.570583898018324,-102.44639490022874,-18.303972235503434,38.436701443564054,-5.584313185256773
3.45,0.0169455722323304,0.030071709758230775,-0.004991168376426686,-0.10560484151925112,-0.5863894391220149,-0.07052311155910516,0.29344394366669085,-0.2840881774913569,-0.0006643159786039804,0.1657131851165357,0.05724412436164152,0.20924804436801692,2.14353199291271,-5.2961081011038385,-5.6663921723597435,-0.6170889185590214,-2.0569341462469897,1.9402046697690942,-0.08179847440405565,1.9017344422521383,0.5173299216382372,24.30022361329631,-3.298305073765333,-127.27113457475572,-31.51884187447528,60.233238371137716,-32.65058343763593
3.46,0.01847700225180987,0.030788289553638604,-0.0031006925154862474,-0.08243076693833062,-0.6368872780593595,-0.14156769911398007,0.2852031751023443,-0.29975118765382097,0.01531586710345119,0.15273822808137297,0.07204105564490648,0.18836256376425323,2.322003269679146,-5.0417978687671505,-7.145191937944635,-0.8293214753738681,-1.553185794083987,1.5884843905054178,-1.3368773417026802,1.4674348830896689,-2.1763011730006845,17.681378778545238,26.241067073434277,-148.43748984326447,-20.865589467620133,50.011237997063205,-35.19243172080992
3.47,0.01982128438536939,0.03160748106146706,-0.0015198103713170456,-0.05834527889624496,-0.6822933288008525,-0.22859225688649834,0.2752856927971143,-0.310964066969709,0.028985752917997938,0.13388654632409416,0.08218950936723565,0.1571946970187895,2.410752916022309,-4.5253674786838225,-8.747687041017377,-0.9963337240595993,-1.1089847054990236,1.3610517669978366,-1.8977688244693278,1.0017555065934542,-3.13571838253827,8.610602235335202,52.361515258412034,-160.55959406433152,-16.613295380802448,44.28657091940871,-22.335727730344654
3.48,0.02088166486591099,0.0323286282762958,-0.0002974653826793019,-0.03268701194696731,-0.7300859267250515,-0.2948989421778027,0.26489523184071295,-0.3198633172537272,0.042326289331525935,0.10518203675864511,0.07176236349237985,0.12117942872303486,2.570667705312636,-4.788910494792103,-6.557687117667131,-1.0400153587626548,-0.88392758875815,1.333719051728639,-2.900927684606284,-1.1079992344171172,-3.6149414832506896,16.255687075166424,-28.979760063799777,231.37099563259005,-3.9780202402332625,21.80965716599018,-2.1331314324466573
3.49,0.021760498226667306,0.03296362216196754,0.000862987277622974,-0.006119550460481152,-0.7813808110906805,-0.33220324744620683,0.25342978931753707,-0.32617890575895975,0.0560391233016616,0.08736625763061115,0.06324939774211137,0.11593432523476313,2.6592882638218396,-5.140051091511779,-3.6423675848393113,-1.149956930487992,-0.6236706560917459,1.3725226875750047,-1.7435605758899624,-0.8394830950309903,-0.4233026507106528,8.607600932622853,-35.17415143956539,292.8315091077843,-11.24302253962683,26.199744935426253,4.044050763334261
3.5,0.022454281200899755,0.03355926398029455,0.0019430955202099998,0.021108943967021378,-0.8351406874123907,-0.3456320995638844,0.24112977412361136,-0.3302877204658493,0.06934152971439389,0.06908688074673568,0.059507557235112876,0.10787701014449258,2.7238759386135913,-5.379699002428607,-1.3062108761596478,-1.2312892478142263,-0.4074418979398833,1.3295370025383821,-1.8297519247874916,-0.36661645880514143,-0.813283614911972,6.4270554486921405,-23.7770235039777,232.62553246508503,-8.081601497708721,21.549917509845848,-4.43451722470064
3.5100000000000002,0.02291225581151252,0.03418252778695962,0.0027375860669269676,0.04927778345001108,-0.8887628060987457,-0.3449793071892348,0.22778577502738132,-0.33134978760383976,0.0821488871883273,0.04576112805498539,0.062334741261274376,0.07939824847213771,2.8170034410212303,-5.362017893816684,0.06660387637850548,-1.3344900916891032,-0.10585900162558867,1.2805570230435352,-2.332761431374733,0.2831695421257321,-2.848802007582177,9.31072313029986,1.7862865056655217,137.20426057674126,-10.313261561474294,30.147472105740853,-4.909488053183878
3.52,0.023130261446712014,0.03486439057797978,0.00319807211451801,0.07820249745174014,-0.9409464289443245,-0.33567960241860534,0.2138095198875193,-0.3300509554090742,0.0937531334418605,0.021754979581880392,0.0682077923824484,0.04598992371974487,2.892512920817737,-5.217607280837698,0.9313009158461031,-1.3978577753463775,0.13052878110947247,1.1601266138789492,-2.3990625814487103,0.5880864528173957,-3.3381392623828097,7.5346507606716635,14.485601718721291,86.37888587768975,-6.3452145930637975,23.645535275379622,-12.043023259684459
3.5300000000000002,0.023164239418607378,0.03563524857203016,0.0034162063862010956,0.1072577324039756,-0.9898878789858265,-0.3213474325961703,0.19892571168137038,-0.32618312837893343,0.10408954945145159,0.0033336373152761042,0.0771230500233661,0.021713111598491312,2.9054612934521957,-4.892451041852388,1.433988321486756,-1.4886098180979919,0.38757035180604876,1.0330116723635703,-1.8421666528584215,0.892260802910844,-2.4295527178386043,1.2824102722746469,32.58134243760463,50.15597919921982,-9.065259841413138,25.692124334700637,-12.733438012813007
3.54,0.023024629677142337,0.0365141686935583,0.0033664945801582013,0.13602718202228156,-1.0338039101091296,-0.30405213922033464,0.18330320408962433,-0.31996031842332967,0.11265270542342565,-0.014006908531327945,0.08794234906990608,-0.0050314153194045705,2.876518355740045,-4.388951983157015,1.7329309262040096,-1.5628021222034614,0.6235731998201691,0.8556403625473491,-1.7302779202637557,1.0821809095646548,-2.6673516302780578,-2.9300821588722923,50.398706932157054,30.14305843995369,-7.445752233791985,23.629119308888605,-17.72320511256494
3.5500000000000003,0.022787119027414576,0.03750964496859129,0.003185696254662058,0.1637066090218591,-1.071221683546741,-0.2804102652060948,0.1664644215070018,-0.3108798497415508,0.11957813727220372,-0.02379096404177677,0.09962150414164223,-0.018140955693824123,2.766984248760371,-3.7367174515379316,2.3642047517602682,-1.6844909805795596,0.9095060636165273,0.6913109022920809,-0.9767275259257452,1.1691900007964546,-1.3096625008257272,-10.998527828282556,65.41128015823935,62.69983762478089,-12.16255946943728,28.580853571629216,-16.47495574324557
3.56,0.02247124260277531,0.03863753388149696,0.0028759108128643416,0.1895472735097036,-1.099102915368742,-0.2561541822274841,0.14865829278233897,-0.29935333810133047,0.12411684420747153,-0.03165187030248737,0.11286656011150682,-0.03110599320471715,2.58266577371043,-2.781283847292425,2.427522720183331,-1.780831452760548,1.153634487755239,0.4519962686743834,-0.7878530590609385,1.3235091931742669,-1.3022037465277287,-18.459502183328016,95.63203452053648,6.527347064112929,-9.581840571465838,24.336294940814675,-23.97461571999495
3.5700000000000003,0.022053278013129937,0.03987848326236874,0.002371839174603571,0.21322186740092933,-1.1164179514310506,-0.22909378129055027,0.13062762883264017,-0.28649281336542565,0.12564959334852172,-0.04187872522421374,0.12416063716862322,-0.050543449096295434,2.3658612825105765,-1.7237343019881288,2.7077163177919945,-1.8029467428828712,1.2865674660288555,0.15078749162354982,-1.0235271302850695,1.126937300389303,-1.9426322265315044,-21.678571438768294,105.74226865101066,27.964336840165775,-2.1731317111984496,13.229312468950805,-30.154378044087466
3.58,0.02151234314325591,0.04119680260223762,0.001664731911455231,0.2347778178089401,-1.1232760075779362,-0.2003731698923523,0.11302685062099825,-0.273437478462689,0.12423353915128721,-0.05422716969620387,0.1318709481009262,-0.07092997421207832,2.1538766988977187,-0.6769410691929989,2.8720359717674118,-1.7590670731418587,1.3045005787679902,-0.14314567437989775,-1.239020151748487,0.767370986035483,-2.0453413554817237,-21.18886051138989,104.68539435398483,16.233205215522876,4.478326172864497,1.6263938456423381,-29.26125797641089
3.59,0.020835071228308293,0.04254950363423578,0.0007554765275166723,0.2542391687948396,-1.1198497966851948,-0.17191941242011646,0.09643710545255717,-0.2615204700856811,0.12179824757593039,-0.06780461654025946,0.13527511907273135,-0.09098275886603009,1.9440273130014278,0.3517994997768955,2.8445768769819235,-1.6584534544108804,1.1908265076054505,-0.2426275218317733,-1.350311357232525,0.33643280667716496,-1.9858843550886085,-21.00426666810559,102.79873487666444,-2.825489771527739,9.998517519525022,-11.338480520940678,-9.67733668286017
3.6,0.020076826202560256,0.04389203801941405,-0.0002133107664982455,0.27158040768393593,-1.1071684696554986,-0.14463354676669926,0.0803611370544819,-0.2504588388122395,0.12031335098563649,-0.07590635425974415,0.13420862039353304,-0.09693821115425048,1.7321696108416325,1.276717559379484,2.7266610733677186,-1.6071473253356543,1.105430733256935,-0.14751227758974683,-0.8097889847665286,-0.1118498471286292,-0.5951565515817088,-21.14700222317491,92.33072312820707,-11.89921995568236,5.117559918475463,-8.515415649819488,9.509541781531754
3.61,0.01926141289709103,0.04517716853558974,-0.0011915080770809813,0.28704330802443984,-1.0866618238451906,-0.11911788364304292,0.06443233884695479,-0.239668168242968,0.11951477824004368,-0.08156147318097147,0.12841714388079795,-0.09772987354749477,1.5441396302998118,2.058725891256759,2.549709251391916,-1.59331156534622,1.0796691206721087,-0.07960477296246467,-0.5583351335458686,-0.5839819395548064,-0.06316156562332492,-18.804023881219944,78.06232568029436,-17.669175242631287,1.2881624471827604,-2.4311713847018566,6.7062906503610185
3.62,0.018391375812879456,0.046361318646854346,-0.0021905679658552443,0.30090022136715566,-1.0595782286280067,-0.0954926799533827,0.04850889204634295,-0.22880218650144366,0.11888726638965233,-0.087145844673571,0.11825562625471266,-0.10013215590689795,1.3842578854896428,2.715542854261849,2.3596450025037616,-1.5915665588579226,1.0857822591721051,-0.06263982508007988,-0.5708523028844226,-1.0218445238230447,-0.2736653992006527,-15.894833831766903,65.51864127898791,-19.094887700588952,0.30329918880800755,0.45949756054362273,1.6796538220598507
3.63,0.017420521954325113,0.047404105932418686,-0.0033466060859379644,0.3136077153717225,-1.0270552996012001,-0.07393783411967428,0.03303862215615471,-0.2183287068464641,0.11828788482410545,-0.09719420072440177,0.10406464396174846,-0.1157657673043299,1.2692205497261173,3.258911576610516,2.153182909113342,-1.5467523759148718,1.047328896385774,-0.06001828173589744,-1.0002206806275764,-1.4234291400273864,-1.554862408700913,-11.501739831076787,54.219216423126426,-20.563216262048005,4.423000772117559,-3.7563188116418598,0.24146300383357613
3.64,0.016349021003815262,0.04827754428970572,-0.0046838439721926745,0.3252946236892813,-0.9897423222964797,-0.055068237950252556,0.01797837412613934,-0.20811033596965828,0.11767562472722619,-0.10733019127315854,0.08708272809037691,-0.13409394643867875,1.1674400948756734,3.737921256773961,1.8813410532064028,-1.5050629434664637,1.0210333133979574,-0.06115950612697556,-1.0201264985902099,-1.7014089293898653,-1.8530761647774798,-10.137633277884008,47.850833001191255,-27.509051582526844,4.237801776943883,-2.710434644541499,-0.09836975686953468
3.65,0.01513343898696854,0.04895763291217362,-0.006340560410160979,0.3362232838406076,-0.9482633589086554,-0.03778615343642123,0.0038181556593126094,-0.19873888842480847,0.11723173067521152,-0.12181234657877986,0.06769093774707523,-0.16626990651825593,1.091889168132809,4.1535589338686325,1.7297343268165832,-1.4142400772074966,0.9353474976013308,-0.04392107233577546,-1.454578416101674,-1.9431856917323453,-3.238511726181594,-7.517904393893135,41.41737228444144,-14.382976794164058,9.160092769599999,-8.665435414202534,1.7648593002944444
3.66,0.013788942864532331,0.0494342990942653,-0.00830718268199165,0.34629586374273874,-0.9026532236040422,-0.023593530012597518,-0.00959387845037279,-0.18997163005818649,0.11697997899048822,-0.13460221458010974,0.047338633912136274,-0.19704239543754842,1.0054989017548273,4.568507189858263,1.4076152668624633,-1.3406395618278704,0.8766464821853035,-0.025041647136497508,-1.2668089592002256,-2.034150728418789,-3.050743970004413,-8.713285690817214,41.646156042492024,-33.58220427564593,7.222426980901041,-5.680749722624363,1.8502520785528678
3.67,0.01231708083719553,0.049699101779111035,-0.01060672056424198,0.3555744272335729,-0.8533103074562713,-0.01334407950827273,-0.02226531086076049,-0.18176228458134147,0.11701408193471735,-0.14745924633086788,0.026094648482356417,-0.2306847884238008,0.9269011710954144,4.93949975074601,1.0228938799616234,-1.26525638426687,0.8191936975100369,0.004216362409922922,-1.297183793351868,-2.1282966152996248,-3.3980838047482966,-7.765757428929296,36.81636762904132,-37.408443099974185,7.671391497005601,-5.916334245190664,2.9944068963612085
3.68,0.01069559663809553,0.04974784839103421,-0.013327598624947895,0.36407757888591086,-0.8005057420974134,-0.004838449415783986,-0.03382085725990977,-0.17465131938712405,0.11756984749884052,-0.162412490130636,0.004486286013800501,-0.27286231436108566,0.8485719379596273,5.287469642772054,0.8465636942619478,-1.1534633755761534,0.7089432148130035,0.05661613108943062,-1.492786520050403,-2.158844996851379,-4.2179309511800875,-7.908653941758904,34.95262039446092,-17.8220632570209,11.18927121253836,-11.057361476477297,5.259329927481546
3.69,0.008960316638587297,0.04958689079232052,-0.016412910623057286,0.3714775235854492,-0.7440513393742679,0.002509047927407002,-0.044524767073330744,-0.1683105005383989,0.11860781467584221,-0.17370879046166496,-0.016499341637784656,-0.3091612015701783,0.737656368760463,5.652282758560679,0.7338499147690973,-1.0691203710876513,0.633120729647835,0.10461971210499395,-1.1195571191443852,-2.0979648280109533,-3.610644580996643,-11.143247430880962,36.424545074129156,-10.929023811391845,8.337892255662346,-7.447136421383124,4.772192524648895
3.7,0.007157854993859318,0.04923237324496385,-0.019780892656384615,0.37715921176841843,-0.682925093119642,0.007882820935123871,-0.05465871781194473,-0.16243511208558042,0.11999901747787857,-0.1803509777893618,-0.035827475939295014,-0.33732136126671913,0.5640511411542302,6.123515277805475,0.5315247391904347,-1.0123404034528465,0.5866295520704267,0.13975158500835017,-0.6554164790668365,-1.9277994273911687,-2.8016476489013376,-17.531884600339595,47.504994542671014,-20.73913176596491,5.648971412838773,-4.638672624976431,3.489036392880948
3.71,0.0053077647474829,0.04870326117761177,-0.023415249152947234,0.38058132179144083,-0.6157550145889715,0.008008925462390605,-0.06413897973999728,-0.15723662462904153,0.12171871570497617,-0.18510634473243295,-0.05327262446086834,-0.36401455258482557,0.3371245397168,6.730680561230132,-0.0012400262828900542,-0.9464796975029975,0.5181469319702322,0.17269134179565063,-0.47423499531777424,-1.7411452343552498,-2.6724394301800043,-22.771945688748193,60.94891765134863,-54.07279312347131,6.631539387221078,-6.9255105268825154,3.300110193857117
3.72,0.0034244962233259827,0.04800422994421213,-0.02730859737589702,0.38155770215945195,-0.5422826956652225,0.0032319798126615473,-0.07281445120827704,-0.15304978097589972,0.12386713989606178,-0.18838831114872562,-0.0702832391880585,-0.38990082437562484,0.09211169902307784,7.361202439568549,-0.48703037421903383,-0.8656679375473946,0.41620660693362477,0.215892325769143,-0.32402643570210377,-1.7012560881562588,-2.5845145158163274,-24.522270299394478,63.01726646762098,-48.0463592275845,8.108101085884497,-10.265975938705926,4.350539363844979
3.73,0.0015097592898339958,0.04713053659968024,-0.031464468395298775,0.3806686947316464,-0.4642323510532962,-0.0066177099564580875,-0.08051711170992618,-0.15022962146946722,0.12666696545627318,-0.19155073674322937,-0.0877809109180277,-0.41620790527668305,-0.09269290495308428,7.814173369365124,-0.9976235426959286,-0.7678758158667427,0.27859117560823915,0.2816688281049807,-0.3175696239860708,-1.751270925158933,-2.6337686074114828,-18.276039026630627,44.73409595911676,-51.35913540680804,9.823351323997956,-13.847952023316981,6.63853730651512
3.74,-0.0003537014500660161,0.04607594269026548,-0.03565120436497842,0.3785128173861186,-0.385579010804635,-0.014683271410647385,-0.08752067855070371,-0.14886898490769906,0.13022130399088144,-0.1861522621012525,-0.10590303322987357,-0.4185558337917451,-0.21837492897446198,7.8640837351049395,-0.7963080476672094,-0.6989232034269512,0.13252089577023415,0.35729489682305615,0.5681523279974324,-1.8137144645419392,-0.1558064409576889,-12.447773296791363,3.878172704343684,22.551900828125127,6.785970997779652,-14.604160303046285,7.573242139001836
3.75,-0.0020602063980715243,0.04485636838845111,-0.039561694750683184,0.375447005204669,-0.3098438723428484,-0.019057739957494567,-0.09421867828852391,-0.14900317855094924,0.13444602112569315,-0.1701975092170063,-0.12236251012716419,-0.3901856174785277,-0.3087145958640305,7.56439469563538,-0.428479566103063,-0.6692309201088407,-0.017230923441767805,0.4241004246377628,1.6214185232685685,-1.6400960880715705,2.913515795149432,-8.954710818881672,-30.776108200081552,36.60740626121113,2.873932513917775,-14.988003057262233,6.6487197135090215
3.7600000000000002,-0.0034200081948756703,0.04350082278147864,-0.0426873043508097,0.37070841394157117,-0.23893979353906897,-0.012469404346045102,-0.10148108230111942,-0.15025868873177908,0.1389639334400295,-0.1349639067176364,-0.13589732376526087,-0.31022051460458566,-0.47877526377749774,7.07693560983144,0.692282471555033,-0.7282153696995818,-0.1282621324254598,0.45234502671906573,3.5796862426785334,-1.3454066294821365,8.145519144578637,-17.284752270847758,-49.15844629367276,114.56766107872511,-6.163424383999922,-10.974062277789747,2.706877372259828
3.77,-0.004346439132274045,0.04206021215898748,-0.04476544386854414,0.36409309209092133,-0.17371315106065285,-0.005519051583158368,-0.10957997689400531,-0.15270875340559842,0.14337062966056116,-0.09143543557680515,-0.14426968717960248,-0.20487201311154382,-0.6666598187454175,6.506874581657254,0.6895775233584285,-0.8122178238894292,-0.24835317404431043,0.4401981151811269,4.368647707127791,-0.8220506573567058,10.587835015543764,-18.791135351762748,-57.19287853393464,-4.4180248011985395,-8.429038028917976,-12.06416539222309,-1.3227135357913324
3.7800000000000002,-0.0048921287733531185,0.0405708049276255,-0.04589911210423824,0.35711136322409476,-0.1181443129023063,0.001310830518821407,-0.11806711120866441,-0.15689531647245092,0.14755970395708537,-0.05351777848637788,-0.1490671133846846,-0.11075091476021778,-0.6985707323756627,5.5279222009161835,0.6834412046933579,-0.8496155382435038,-0.4237851031324304,0.418272739855673,3.771074706089295,-0.47046795855461854,9.367399306182401,-2.68347707023582,-99.19597342140426,0.0171582287552724,-3.5837643677581372,-17.71462958166075,-2.207615875005855
3.79,-0.0050784599599099445,0.039070161598148294,-0.04613410358517305,0.35067474668467197,-0.07507720947825258,0.011637608506365017,-0.126723079671954,-0.1630501508770428,0.1512673895162995,-0.01758464951222921,-0.15008643076591963,-0.02087568561656881,-0.6418435866073573,4.269365847837121,1.0439973469654427,-0.866042795453924,-0.6212979324130627,0.36927567879444867,3.5892235891114983,-0.09070565081087796,8.978824443753746,5.902953143667397,-126.61624450413449,37.17596440937157,-1.5923579266422956,-19.80349874005227,-4.9860158143678035
3.8000000000000003,-0.00491326997167366,0.03760259258159759,-0.04548844910080792,0.3451062290655575,-0.04545711626383554,0.021343425791098953,-0.13538427070308404,-0.17135826890338435,0.1541612333335697,0.017581900226035972,-0.14664765973932256,0.06722851985489707,-0.5541678960964117,2.921137998160302,0.9676967747345854,-0.8661019806299838,-0.8373692281810508,0.28685208086088654,3.5144749423105965,0.3575154877485475,8.805326752478258,8.8506001379626,-135.05621126782154,-9.13632232896138,0.043455528838905376,-21.66348507760169,-8.344456347635274
3.81,-0.004426937438953502,0.036204835134425205,-0.04405819053376548,0.34080281511372706,-0.029983781257336792,0.02619714394627552,-0.14369668668309818,-0.1822146098032071,0.15600668957123257,0.04889743388987415,-0.13971514094353213,0.14366836324573312,-0.4292475227350883,1.535491111295462,0.4810311892414613,-0.8309178207648199,-1.087786971371143,0.18365114019312642,3.1281264361190244,0.6960732283798345,7.633544649733262,12.524037718307333,-138.59324950286046,-49.001091004791604,3.548757618875509,-25.070344236407518,-10.337166953795345
3.8200000000000003,-0.0036822092513542444,0.03489897756340474,-0.04204011269676323,0.33820513281783926,-0.028503692139040665,0.02310422787491619,-0.15126083997929815,-0.1958105851137735,0.1565853620512921,0.07451181724337981,-0.13056785333805854,0.20188655458686905,-0.2594719754914439,0.14578195594550417,-0.31115827749659747,-0.7562502593206348,-1.3600742088463378,0.05760820874737052,2.5608576237759455,0.9149558828941731,5.819421192035412,16.977831980695484,-138.95154692722255,-79.27315368346545,7.470677620949806,-27.22933700640068,-12.608770442142061
3.83,-0.0027129885049856747,0.03369656160236134,-0.039574370554866733,0.3372854066822758,-0.0397402656640647,0.009351561561541022,-0.15785577387990027,-0.21217127393075352,0.15565557687187956,0.09698114291751309,-0.12021324830221154,0.2466747393132838,-0.09161307392125596,-1.1266963038600808,-1.377815388293299,-0.6591815946348504,-1.6368582935929663,-0.09342715851114769,2.246696203309539,1.0354789994409055,4.4764016068722,16.774886947799388,-127.19983559255243,-106.6256354956018,9.712244337816005,-27.682480657615535,-15.10777894922848
3.84,-0.0014712575484851923,0.032611478094844805,-0.03662461759357125,0.33701537656027125,-0.06080452238640234,-0.013616767782719127,-0.16351608863540723,-0.23126460177953942,0.1529643667974309,0.12340234860435985,-0.10945897967070824,0.29445409011525747,-0.029723394736598963,-2.10729256483697,-2.300891326302124,-0.5673206449001803,-1.9109068094634538,-0.2711389831849463,2.6574699742476495,1.0765309934080212,4.813209716099063,5.960684217764959,-97.61776280610428,-92.26431607622722,9.11231274445961,-27.352910332774286,-17.81308701172623
