time,marker_marker_hip_r_x,marker_marker_hip_r_y,marker_marker_hip_r_z,marker_marker_hip_l_x,marker_marker_hip_l_y,marker_marker_hip_l_z,marker_marker_shoulder_r_x,marker_marker_shoulder_r_y,marker_marker_shoulder_r_z,marker_marker_shoulder_l_x,marker_marker_shoulder_l_y,marker_marker_shoulder_l_z,marker_marker_knee_r_x,marker_marker_knee_r_y,marker_marker_knee_r_z,marker_marker_ankle_r_x,marker_marker_ankle_r_y,marker_marker_ankle_r_z,marker_marker_heel_r_x,marker_marker_heel_r_y,marker_marker_heel_r_z,marker_marker_toe_r_x,marker_marker_toe_r_y,marker_marker_toe_r_z,marker_marker_knee_l_x,marker_marker_knee_l_y,marker_marker_knee_l_z,marker_marker_ankle_l_x,marker_marker_ankle_l_y,marker_marker_ankle_l_z,marker_marker_heel_l_x,marker_marker_heel_l_y,marker_marker_heel_l_z,marker_marker_toe_l_x,marker_marker_toe_l_y,marker_marker_toe_l_z
0.0,0.02003245470959038,0.9493860950642424,0.03166666667,0.02003245470959038,0.9493860950642424,-0.03166666667,0.07202037821804576,1.5602183822171771,0.05277777778,0.07202037821804576,1.5602183822171771,-0.05277777778,0.1512271548848345,0.564464603829401,0.02111111111,0.2659610320764153,0.1115191734574244,0.02111111111,0.1961182892350761,0.029982776172653484,0.01583333333,0.43103619688090755,0.09479253672921178,0.01583333333,-0.06835423007834603,0.5431937206157783,-0.02111111111,-0.2581575140644146,0.1128851329431994,-0.02111111111,-0.36009921159770275,0.08042117421228111,-0.01583333333,-0.12204076278379572,0.02831643983612081,-0.01583333333
0.01,0.022054286446655736,0.9485897587531609,0.03166666667,0.022054286446655736,0.9485897587531609,-0.03166666667,0.07161562937016769,1.5596237189442652,0.05277777778,0.07161562937016769,1.5596237189442652,-0.05277777778,0.15256970763176794,0.5633891048675457,0.02111111111,0.25803471098707326,0.10778548707242597,0.02111111111,0.1853330965392634,0.028807048793187552,0.01583333333,0.4228763787098416,0.08321217255669801,0.01583333333,-0.06661564803172738,0.5423416711840374,-0.02111111111,-0.26635261118996356,0.11614157969504424,-0.02111111111,-0.36921141980361866,0.08660263995178306,-0.01583333333,-0.13289874091061737,0.02707914719046141,-0.01583333333
0.02,0.024232723688960033,0.9479354901793186,0.03166666667,0.024232723688960033,0.9479354901793186,-0.03166666667,0.07134058418181465,1.5591634973084028,0.05277777778,0.07134058418181465,1.5591634973084028,-0.05277777778,0.1537980104300773,0.5623582323726031,0.02111111111,0.24963867081561208,0.10423376637778103,0.02111111111,0.1744071791686754,0.027687429478289977,0.01583333333,0.4138830414318795,0.07283208352933693,0.01583333333,-0.0638021674844631,0.5414874257749995,-0.02111111111,-0.273921649830157,0.11985027631165374,-0.02111111111,-0.37770581638280765,0.0935862581150324,-0.01583333333,-0.14364887814563404,0.02573290109318932,-0.01583333333
0.03,0.026391980815026684,0.9474304799988393,0.03166666667,0.026391980815026684,0.9474304799988393,-0.03166666667,0.07123885845666025,1.5588285375562725,0.05277777778,0.07123885845666025,1.5588285375562725,-0.05277777778,0.15564279438414755,0.5617077990139139,0.02111111111,0.24068059293669292,0.1009887344911592,0.02111111111,0.1632805013709261,0.026648344860113173,0.01583333333,0.40404394131092036,0.0643271769061651,0.01583333333,-0.059779075053187324,0.5406055253454811,-0.02111111111,-0.28074961586664426,0.1240402118173693,-0.02111111111,-0.3854435562154672,0.10144678016514448,-0.01583333333,-0.15429225679479186,0.02427291689378093,-0.01583333333
0.04,0.02864641267240827,0.9471232691336565,0.03166666667,0.02864641267240827,0.9471232691336565,-0.03166666667,0.07123659893307219,1.5586826720157378,0.05277777778,0.07123659893307219,1.5586826720157378,-0.05277777778,0.15773375778273593,0.5613088446721716,0.02111111111,0.23104463181161453,0.09808539156425988,0.02111111111,0.1519066210347885,0.025586573963783922,0.01583333333,0.3934278895557052,0.05805510100368974,0.01583333333,-0.05442227032344355,0.5397523643918178,-0.02111111111,-0.28663763676153753,0.12879493816592558,-0.02111111111,-0.3921983449956018,0.11033999529932369,-0.01583333333,-0.16482068229309033,0.0226694363867858,-0.01583333333
0.05,0.03114019571513839,0.9470688134894918,0.03166666667,0.03114019571513839,0.9470688134894918,-0.03166666667,0.07126110713775359,1.5587951736259704,0.05277777778,0.07126110713775359,1.5587951736259704,-0.05277777778,0.15911735579790962,0.5608212021343812,0.02111111111,0.22102180015825698,0.09551794980700584,0.02111111111,0.14041678233926236,0.024637009166064185,0.01583333333,0.38245642542396396,0.052983782730689044,0.01583333333,-0.04763503719256032,0.5390080690774193,-0.02111111111,-0.29133206363453523,0.1341754057073905,-0.02111111111,-0.39767154518277653,0.12040299837595089,-0.01583333333,-0.1752305180320072,0.020870501993088486,-0.01583333333
0.06,0.033474460114297985,0.9472248798027162,0.03166666667,0.033474460114297985,0.9472248798027162,-0.03166666667,0.07145423027250868,1.5590879071854267,0.05277777778,0.07145423027250868,1.5590879071854267,-0.05277777778,0.16040958844232653,0.5605752114981,0.02111111111,0.21057891811718643,0.09344470492787627,0.02111111111,0.12877102511819583,0.023933402664744523,0.01583333333,0.3711161180636793,0.049537783566043894,0.01583333333,-0.039254960589094647,0.5383222569463461,-0.02111111111,-0.2946001350369702,0.1401310809743208,-0.02111111111,-0.40155794427223207,0.13164987805246364,-0.01583333333,-0.18555435369706227,0.01882622248888853,-0.01583333333
0.07,0.035316025160065094,0.9475396267664831,0.03166666667,0.035316025160065094,0.9475396267664831,-0.03166666667,0.07190920035416433,1.5594871463696105,0.05277777778,0.07190920035416433,1.5594871463696105,-0.05277777778,0.16212043068325382,0.5608221280916474,0.02111111111,0.1996924871825366,0.0920440655594279,0.02111111111,0.11692369463717528,0.023663065364481733,0.01583333333,0.3593970462869162,0.048022912158640525,0.01583333333,-0.029273625114438304,0.5376994506110491,-0.02111111111,-0.2961647828042544,0.14654602897763203,-0.02111111111,-0.40348054920026777,0.1440000878883356,-0.01583333333,-0.19582087470494838,0.016468962336210785,-0.01583333333
0.08,0.03703745421568543,0.9480471816384939,0.03166666667,0.03703745421568543,0.9480471816384939,-0.03166666667,0.07241234301041133,1.5600663353109643,0.05277777778,0.07241234301041133,1.5600663353109643,-0.05277777778,0.16285083652121596,0.5609619811583918,0.02111111111,0.18871674737676214,0.09101349644495399,0.02111111111,0.10506337783623855,0.0237210302447438,0.01583333333,0.34766131649023696,0.04680714202054219,0.01583333333,-0.017948723389949392,0.5373148376996318,-0.02111111111,-0.29569773778093467,0.15323987798659833,-0.02111111111,-0.40298314625892995,0.15726380412361965,-0.01583333333,-0.20606748371506786,0.013698661275483748,-0.01583333333
0.09,0.038647423201510045,0.9487171970191869,0.03166666667,0.038647423201510045,0.9487171970191869,-0.03166666667,0.07291075621705098,1.5607995862690922,0.05277777778,0.07291075621705098,1.5607995862690922,-0.05277777778,0.16242413684170082,0.5609059676563783,0.02111111111,0.17770331791630234,0.09020807018702481,0.02111111111,0.09319968995439473,0.024002587263773446,0.01583333333,0.3359432182741863,0.04550393268568522,0.01583333333,-0.005661486630201398,0.5372511454434679,-0.02111111111,-0.2929921401753101,0.159824170432037,-0.02111111111,-0.39970022383918646,0.17101755868163543,-0.01583333333,-0.2164964489821274,0.0103218671581293,-0.01583333333
0.1,0.04008919585208438,0.9495098216866427,0.03166666667,0.04008919585208438,0.9495098216866427,-0.03166666667,0.07340021252549442,1.5616447768945527,0.05277777778,0.07340021252549442,1.5616447768945527,-0.05277777778,0.16091650108346303,0.5606765795352843,0.02111111111,0.16669848108734234,0.08955885430521471,0.02111111111,0.08141085973947645,0.024389019746848754,0.01583333333,0.3242964973143622,0.04422069783860552,0.01583333333,0.007013539346993499,0.5375609839315922,-0.02111111111,-0.2879734631563081,0.16573349397558756,-0.02111111111,-0.39338349557087515,0.1845347224681454,-0.01583333333,-0.22726953674553763,0.006229139046122684,-0.01583333333
0.11,0.04131014636492671,0.950319970218286,0.03166666667,0.04131014636492671,0.950319970218286,-0.03166666667,0.0738423738622456,1.5624968085528221,0.05277777778,0.0738423738622456,1.5624968085528221,-0.05277777778,0.1585195448955209,0.5602701436683217,0.02111111111,0.15566568258830377,0.08897513464563994,0.02111111111,0.06969317186977214,0.024739782085263,0.01583333333,0.31269361655735206,0.043111289310644466,0.01583333333,0.01980861472128776,0.5381809724550026,-0.02111111111,-0.281542783252629,0.17123197796222162,-0.02111111111,-0.3849950866534806,0.19730958660685616,-0.01583333333,-0.23752258465901216,0.003302912619631365,-0.01583333333
0.12,0.04230918404362767,0.9510212692205684,0.03166666667,0.04230918404362767,0.9510212692205684,-0.03166666667,0.07415426219130443,1.5632342372447474,0.05277777778,0.07415426219130443,1.5632342372447474,-0.05277777778,0.1554492377980847,0.5596465407771128,0.02111111111,0.14457928649191595,0.08835598308674475,0.02111111111,0.058043666714618164,0.02491806881616372,0.01583333333,0.30111869838979016,0.04227483614789773,0.01583333333,0.032846956017278134,0.5390110445713221,-0.02111111111,-0.27547586514524774,0.17770404620232227,-0.02111111111,-0.3769673610010073,0.20944406875441018,-0.01583333333,-0.24466676223424597,0.00479001929032008,-0.01583333333
0.13,0.04316097042641765,0.9516600450130601,0.03166666667,0.04316097042641765,0.9516600450130601,-0.03166666667,0.07430263156306322,1.563909197042572,0.05277777778,0.07430263156306322,1.563909197042572,-0.05277777778,0.1516961947366876,0.5588384431289131,0.02111111111,0.13341839207932157,0.08770352777591728,0.02111111111,0.04643171282565296,0.024931201533215368,0.01583333333,0.28954897409976765,0.04168607147206331,0.01583333333,0.046010751207662445,0.5401216188656571,-0.02111111111,-0.2698964655746281,0.1853167148999061,-0.02111111111,-0.36979583515463527,0.22116696115693452,-0.01583333333,-0.24817813243089226,0.009989635716220857,-0.01583333333
0.14,0.04383706791774401,0.9522886224880536,0.03166666667,0.04383706791774401,0.9522886224880536,-0.03166666667,0.07432600687942292,1.564570625996402,0.05277777778,0.07432600687942292,1.564570625996402,-0.05277777778,0.1472091311971235,0.557911213765644,0.02111111111,0.12216460474912916,0.08705346336256231,0.02111111111,0.03482449321858578,0.024827230079695756,0.01583333333,0.2779599206733307,0.041316387501841585,0.01583333333,0.05921867924805953,0.541586736174746,-0.02111111111,-0.26433760752321633,0.19373862486915466,-0.02111111111,-0.3630789722893871,0.2325141781453841,-0.01583333333,-0.24832706317148098,0.01752876526839464,-0.01583333333
0.15,0.044254856876169826,0.9529489408108546,0.03166666667,0.044254856876169826,0.9529489408108546,-0.03166666667,0.07429536122298926,1.5652531097643207,0.05277777778,0.07429536122298926,1.5652531097643207,-0.05277777778,0.14198613043692493,0.5569537294429467,0.02111111111,0.11083430597149241,0.08646331991405681,0.02111111111,0.023210192820018558,0.024695347805245002,0.01583333333,0.26635136561568196,0.04109956944612644,0.01583333333,0.07242167087299999,0.5434772097740745,-0.02111111111,-0.25820083821459305,0.20244672179272838,-0.02111111111,-0.35614122061954306,0.24330313547032667,-0.01583333333,-0.24554375922712746,0.026151276326438655,-0.01583333333
0.16,0.044426311294523194,0.9536721063844974,0.03166666667,0.044426311294523194,0.9536721063844974,-0.03166666667,0.07422985629611993,1.5659878549362916,0.05277777778,0.07422985629611993,1.5659878549362916,-0.05277777778,0.1360954518797565,0.5560320116766657,0.02111111111,0.09942977282594251,0.08597461513901494,0.02111111111,0.011558387471399971,0.02461689434468066,0.01583333333,0.25470402098880063,0.04095486537892236,0.01583333333,0.085473923919625,0.545826504998794,-0.02111111111,-0.2512640153261316,0.21104643111093996,-0.02111111111,-0.34867640200287775,0.2533633643835852,-0.01583333333,-0.24036418468021514,0.03506267273387437,-0.01583333333
0.17,0.04439532377054754,0.9544862454024361,0.03166666667,0.04439532377054754,0.9544862454024361,-0.03166666667,0.07414052830382252,1.5668048308026181,0.05277777778,0.07414052830382252,1.5668048308026181,-0.05277777778,0.12953688968890426,0.5551811944712992,0.02111111111,0.08795994282339933,0.08560302609632864,0.02111111111,-0.00013390327068929508,0.024619725018820468,0.01583333333,0.24301918602257053,0.04084635631548321,0.01583333333,0.09817414217719742,0.5486316576241517,-0.02111111111,-0.24338056350296058,0.219061169177577,-0.02111111111,-0.34052152421412335,0.26226515378392723,-0.01583333333,-0.23292570933251827,0.043610473943643036,-0.01583333333
0.18,0.04418514338399303,0.9554031219524004,0.03166666667,0.04418514338399303,0.9554031219524004,-0.03166666667,0.0740450785853177,1.5677161231935783,0.05277777778,0.0740450785853177,1.5677161231935783,-0.05277777778,0.12235861140590146,0.554440423048743,0.02111111111,0.07645442643252916,0.0853700302360676,0.02111111111,-0.011855899280446329,0.024747554935083245,0.01583333333,0.23131400267387975,0.04072025600964418,0.01583333333,0.1103338999271595,0.5518527401250091,-0.02111111111,-0.23453919655725713,0.22609549978986426,-0.02111111111,-0.33176276395162607,0.26944836281533546,-0.01583333333,-0.22281067085146505,0.05146632271756116,-0.01583333333
0.19,0.04383754900214503,0.9564387153682735,0.03166666667,0.04383754900214503,0.9564387153682735,-0.03166666667,0.07395307704851835,1.568739198946144,0.05277777778,0.07395307704851835,1.568739198946144,-0.05277777778,0.11464487508126536,0.5538555482898029,0.02111111111,0.06494319663357559,0.08530896737730054,0.02111111111,-0.023600294382271958,0.025062529241921067,0.01583333333,0.2196025409926404,0.04052568744770576,0.01583333333,0.12164680519704701,0.555398333019889,-0.02111111111,-0.22459276826636487,0.23142176806370046,-0.02111111111,-0.3222834951629261,0.2740837713251636,-0.01583333333,-0.2098184188447332,0.05789326504693476,-0.01583333333
0.2,0.04339242339797361,0.9576027266386178,0.03166666667,0.04339242339797361,0.9576027266386178,-0.03166666667,0.07386182380638057,1.5698857027680857,0.05277777778,0.07386182380638057,1.5698857027680857,-0.05277777778,0.10654122129684032,0.5534758740921792,0.02111111111,0.053500347873280334,0.08545949736544817,0.02111111111,-0.035331304633789785,0.02565554763905764,0.01583333333,0.20793126929115888,0.04014859850844715,0.01583333333,0.13179009170379738,0.559129929453567,-0.02111111111,-0.21339959851188656,0.23428595560362764,-0.02111111111,-0.3119522537289102,0.27530357896708446,-0.01583333333,-0.1937629020051733,0.06218857354696722,-0.01583333333
0.21,0.04281430085794492,0.9588591694301423,0.03166666667,0.04281430085794492,0.9588591694301423,-0.03166666667,0.07376471472807734,1.5711180191828213,0.05277777778,0.07376471472807734,1.5711180191828213,-0.05277777778,0.09834265896487598,0.5533388613553902,0.02111111111,0.04220190835196229,0.08585727747214061,0.02111111111,-0.04700818918696637,0.02661599212892376,0.01583333333,0.196343666435827,0.03952346132458438,0.01583333333,0.14076112992067427,0.562942336012702,-0.02111111111,-0.20099265959143986,0.23463121535969378,-0.02111111111,-0.3007628492136689,0.27300018237897783,-0.01583333333,-0.1746366377312643,0.06448421854601472,-0.01583333333
0.22,0.042132035030393936,0.9601696925134844,0.03166666667,0.042132035030393936,0.9601696925134844,-0.03166666667,0.07362699817756757,1.5724007718581747,0.05277777778,0.07362699817756757,1.5724007718581747,-0.05277777778,0.09019604127743568,0.5534200154275254,0.02111111111,0.030967655845204722,0.08648976044002088,0.02111111111,-0.058668111562927686,0.027882743020146365,0.01583333333,0.1847768091675131,0.0388963240292119,0.01583333333,0.14859326830931635,0.5667267386110196,-0.02111111111,-0.18733087956124056,0.23248218055802483,-0.02111111111,-0.28853587494473343,0.26729348473826453,-0.01583333333,-0.15282156695058113,0.06488707426230605,-0.01583333333
0.23,0.041412482298000194,0.9614975990694811,0.03166666667,0.041412482298000194,0.9614975990694811,-0.03166666667,0.07341737711541704,1.5737022330987673,0.05277777778,0.07341737711541704,1.5737022330987673,-0.05277777778,0.0820079457551176,0.553648244366556,0.02111111111,0.019663502446629608,0.0872953117507354,0.02111111111,-0.07037477187689278,0.029300739125346982,0.01583333333,0.17314381360149644,0.03854340771716787,0.01583333333,0.15536985750397345,0.5703859597211788,-0.02111111111,-0.1723857931306228,0.22804834115030936,-0.02111111111,-0.2750934248069744,0.25852084833431965,-0.01583333333,-0.12874352164519898,0.0636659427234196,-0.01583333333
0.24,0.04067149706190425,0.9627966079687809,0.03166666667,0.04067149706190425,0.9627966079687809,-0.03166666667,0.07313455740737553,1.5749771180572778,0.05277777778,0.07313455740737553,1.5749771180572778,-0.05277777778,0.07369719142403676,0.5539639915696848,0.02111111111,0.00827699072123772,0.08821153721907227,0.02111111111,-0.08212916841343815,0.030788674432604114,0.01583333333,0.16144463444781937,0.03843922707924876,0.01583333333,0.1612416933148805,0.5738623630015194,-0.02111111111,-0.15615654081692187,0.22173914866308275,-0.02111111111,-0.26029284561878,0.24725102588588255,-0.01583333333,-0.10285030458443271,0.061244104862116094,-0.01583333333
0.25,0.03988964906440071,0.9640142797453662,0.03166666667,0.03988964906440071,0.9640142797453662,-0.03166666667,0.07279635324040615,1.576171102822165,0.05277777778,0.07279635324040615,1.576171102822165,-0.05277777778,0.06526230981731646,0.5543220741415068,0.02111111111,-0.003163007580917407,0.08918883111677739,0.02111111111,-0.09391809610446065,0.03231673753024647,0.01583333333,0.14969853841948877,0.0384538198433894,0.01583333333,0.1663433967310301,0.5771144283263394,-0.02111111111,-0.1387450773514694,0.21406373183943472,-0.02111111111,-0.24415706918818744,0.23399965131664516,-0.01583333333,-0.07523422098362736,0.05835284733048379,-0.01583333333
0.26,0.039085805334673006,0.965124487358932,0.03166666667,0.039085805334673006,0.965124487358932,-0.03166666667,0.07240675130973984,1.57725890215566,0.05277777778,0.07240675130973984,1.57725890215566,-0.05277777778,0.056616195830565076,0.5546902304504977,0.02111111111,-0.014638928161173785,0.09018599877050398,0.02111111111,-0.10572746911129273,0.03384534988578278,0.01583333333,0.13792199058747734,0.03850036702766743,0.01583333333,0.1707229529653722,0.5800936611162817,-0.02111111111,-0.11994419040952736,0.2051581762049412,-0.02111111111,-0.22632402267254048,0.21931750467231242,-0.01583333333,-0.0467672827226641,0.05455675226244297,-0.01583333333
0.27,0.038229794954789745,0.9660784360607477,0.03166666667,0.038229794954789745,0.9660784360607477,-0.03166666667,0.07199065899706414,1.5781887457912123,0.05277777778,0.07199065899706414,1.5781887457912123,-0.05277777778,0.047800239274784,0.555035691578021,0.02111111111,-0.026143639038361203,0.09116919362618725,0.02111111111,-0.1175548804924528,0.035347673733306044,0.01583333333,0.12611821291554642,0.03853388544478008,0.01583333333,0.1744963227219172,0.5827791551544043,-0.02111111111,-0.09997432636498788,0.1955945173927564,-0.02111111111,-0.20701302554280857,0.20366110217779687,-0.01583333333,-0.0172468886314779,0.05077048219787811,-0.01583333333
0.28,0.037241050524220234,0.9668551271505728,0.03166666667,0.037241050524220234,0.9668551271505728,-0.03166666667,0.07160448624198285,1.578931904609804,0.05277777778,0.07160448624198285,1.578931904609804,-0.05277777778,0.039019310720255614,0.5553622175614166,0.02111111111,-0.03763258149208398,0.09214905392525341,0.02111111111,-0.1293739611049568,0.03686472384883449,0.01583333333,0.11431431256210757,0.03852414340391387,0.01583333333,0.1775550560347581,0.5851206673832197,-0.02111111111,-0.07872676591645131,0.18544771659350728,-0.02111111111,-0.1860680990209143,0.18717690307366502,-0.01583333333,0.013237847957653759,0.046948988965702765,-0.01583333333
0.29,0.035972216421599396,0.9674170621083956,0.03166666667,0.035972216421599396,0.9674170621083956,-0.03166666667,0.07132684403008022,1.5794373865469489,0.05277777778,0.07132684403008022,1.5794373865469489,-0.05277777778,0.030649474743729616,0.5556487925155044,0.02111111111,-0.049065734816779005,0.0931276504699815,0.02111111111,-0.14116826071060012,0.038442789451979556,0.01583333333,0.10252566262847859,0.03845391154942073,0.01583333333,0.17993567279663758,0.5871380351468827,-0.02111111111,-0.0563504869749295,0.17515440048116332,-0.02111111111,-0.16359881841179646,0.1702213733274378,-0.01583333333,0.044756543264774296,0.04383003004507849,-0.01583333333
0.3,0.034379830698407436,0.9677558018153644,0.03166666667,0.034379830698407436,0.9677558018153644,-0.03166666667,0.07119270719734859,1.5796901441618942,0.05277777778,0.07119270719734859,1.5796901441618942,-0.05277777778,0.022801282638197883,0.5558598744300691,0.02111111111,-0.06043720499514508,0.0940834081861604,0.02111111111,-0.15293351788015577,0.04006779691770961,0.01583333333,0.0907541298291876,0.03831886867996931,0.01583333333,0.18160856205016937,0.5888171022794393,-0.02111111111,-0.03279358379806005,0.16491720893637618,-0.02111111111,-0.1395159536531441,0.15321059960942732,-0.01583333333,0.07692954324229595,0.04123705242179962,-0.01583333333
0.31,0.03243421657743323,0.9678491451511343,0.03166666667,0.03243421657743323,0.9678491451511343,-0.03166666667,0.07122651660075313,1.5796611952760946,0.05277777778,0.07122651660075313,1.5796611952760946,-0.05277777778,0.015524540991753042,0.555940293812828,0.02111111111,-0.07175042358361924,0.0949752264443065,0.02111111111,-0.16466553718975357,0.04169124511771069,0.01583333333,0.07900230089934414,0.03812570489509419,0.01583333333,0.1827141135569543,0.590196299024431,-0.02111111111,-0.008357191653097618,0.1552399679373635,-0.02111111111,-0.11409495957087334,0.13664800244980302,-0.01583333333,0.10955847954018616,0.0398705899513825,-0.01583333333
0.32,0.03033135844532584,0.967722469270681,0.03166666667,0.03033135844532584,0.967722469270681,-0.03166666667,0.0713634747690115,1.579388385150588,0.05277777778,0.0713634747690115,1.579388385150588,-0.05277777778,0.00841236550461673,0.5558746969703161,0.02111111111,-0.0830712414928338,0.09577185064350352,0.02111111111,-0.17640096429201763,0.04323003063633904,0.01583333333,0.06723435272230384,0.03788580951208711,0.01583333333,0.18306468859903852,0.591128827939239,-0.02111111111,0.01699071153544704,0.14607200143853805,-0.02111111111,-0.08729722928593757,0.12059085100675451,-0.01583333333,0.1424731277891772,0.03939780077665128,-0.01583333333
0.33,0.028404979294157504,0.9674146517122878,0.03166666667,0.028404979294157504,0.9674146517122878,-0.03166666667,0.07148111095776914,1.5789400183980087,0.05277777778,0.07148111095776914,1.5789400183980087,-0.05277777778,0.0006731096855910612,0.5556923841925447,0.02111111111,-0.09447568200918816,0.09643530100493425,0.02111111111,-0.18816269284176285,0.04454270030132786,0.01583333333,0.055433083685373086,0.0376270619189754,0.01583333333,0.18249920798355876,0.5914240458885744,-0.02111111111,0.043192132202207606,0.13742774599774976,-0.02111111111,-0.05916191506641197,0.10505261531650287,-0.01583333333,0.1756412055387285,0.039828210756693405,-0.01583333333
0.34,0.02655314139268256,0.9669141669211344,0.03166666667,0.02655314139268256,0.9669141669211344,-0.03166666667,0.07163660052885391,1.578294824884341,0.05277777778,0.07163660052885391,1.578294824884341,-0.05277777778,-0.00736483373503222,0.5554059881605428,0.02111111111,-0.10592512851378574,0.09699809824201622,0.02111111111,-0.19993623194448243,0.04570417920041773,0.01583333333,0.043614421355972516,0.03734908057649931,0.01583333333,0.18105535460914834,0.5911203829173657,-0.02111111111,0.06999596630394259,0.12967992000426892,-0.02111111111,-0.029898572653051778,0.09037557696897475,-0.01583333333,0.2088995752115055,0.04177338594273736,-0.01583333333
0.35,0.02462398124365439,0.966232458776647,0.03166666667,0.02462398124365439,0.966232458776647,-0.03166666667,0.0719167283818113,1.5774461884059252,0.05277777778,0.0719167283818113,1.5774461884059252,-0.05277777778,-0.015196058976544706,0.5550219451030546,0.02111111111,-0.11734749787688596,0.09751167250222553,0.02111111111,-0.2116871592708353,0.04683727374617053,0.01583333333,0.031809522058454054,0.03703448956429976,0.01583333333,0.1784960187417061,0.5901929864780475,-0.02111111111,0.09766778272552341,0.12295000295874464,-0.02111111111,0.0007009609020588725,0.07689122583821284,-0.01583333333,0.24225336303967182,0.04465513709216966,-0.01583333333
0.36,0.02262736670001155,0.9653628234144388,0.03166666667,0.02262736670001155,0.9653628234144388,-0.03166666667,0.07231665641941917,1.5763863922776922,0.05277777778,0.07231665641941917,1.5763863922776922,-0.05277777778,-0.022739024550912774,0.5545178217627993,0.02111111111,-0.1287404865050526,0.09796947700696562,0.02111111111,-0.22341573555777477,0.04794276320501485,0.01583333333,0.0200179384434383,0.036683333451916114,0.01583333333,0.17509739801620217,0.5887539923374124,-0.02111111111,0.12575780685629878,0.11776229395963539,-0.02111111111,0.03208713247649471,0.06531326006151698,-0.01583333333,0.2752112642385341,0.04865838236612966,-0.01583333333
0.37,0.020680519487406044,0.9643110455165331,0.03166666667,0.020680519487406044,0.9643110455165331,-0.03166666667,0.072784293827581,1.575133461541612,0.05277777778,0.072784293827581,1.575133461541612,-0.05277777778,-0.029953016487584055,0.5538852447099428,0.02111111111,-0.1401068132936822,0.09838125632015443,0.02111111111,-0.23512560253410114,0.049034392367445986,0.01583333333,0.008235805703259408,0.036308301969269895,0.01583333333,0.17100860882455926,0.5868307839208564,-0.02111111111,0.15347587762083734,0.11438103163390695,-0.02111111111,0.06355033422896554,0.05573535730003105,-0.01583333333,0.3072426603373608,0.05485297871157298,-0.01583333333
0.38,0.018904501816474444,0.9630956399492185,0.03166666667,0.018904501816474444,0.9630956399492185,-0.03166666667,0.0732568757583461,1.5737220778522045,0.05277777778,0.0732568757583461,1.5737220778522045,-0.05277777778,-0.036766537035695525,0.5531298931718396,0.02111111111,-0.15142615279036722,0.09877364541992745,0.02111111111,-0.2468036056674851,0.05015413964018728,0.01583333333,-0.003526521358247603,0.03590673124111405,0.01583333333,0.1664286395238107,0.584485951610285,-0.02111111111,0.17995879262556322,0.11285900353890344,-0.02111111111,0.09421129435603776,0.04825539984772065,-0.01583333333,0.33742703265930507,0.06351426735780813,-0.01583333333
0.39,0.017364907813877672,0.9617460240830477,0.03166666667,0.017364907813877672,0.9617460240830477,-0.03166666667,0.07369033927854306,1.5721936246103374,0.05277777778,0.07369033927854306,1.5721936246103374,-0.05277777778,-0.04308253210190935,0.5522660686276465,0.02111111111,-0.16267439898389768,0.09918639275659297,0.02111111111,-0.2584370746808929,0.05136641562295227,0.01583333333,-0.015262173143834767,0.035470011673130276,0.01583333333,0.16164656852889572,0.5818527518133043,-0.02111111111,0.20449966116289986,0.11305659182025268,-0.02111111111,0.12312495852884842,0.04302371107406951,-0.01583333333,0.3648710215436567,0.07377382347929708,-0.01583333333
0.4,0.016128842138425522,0.960294244607566,0.03166666667,0.016128842138425522,0.960294244607566,-0.03166666667,0.07403522893061852,1.5705939067309194,0.05277777778,0.07403522893061852,1.5705939067309194,-0.05277777778,-0.048827417044514404,0.5513118369739827,0.02111111111,-0.1738244707865913,0.0996627094363704,0.02111111111,-0.27000832916005696,0.052736730033405295,0.01583333333,-0.026961244755841884,0.034992909737195425,0.01583333333,0.15707135716740966,0.5791063499750455,-0.02111111111,0.22621757654610558,0.11457902014197313,-0.02111111111,0.14926413856427917,0.03971541341882899,-0.01583333333,0.38866995035004015,0.08523008884659201,-0.01583333333
0.41,0.015249689836475556,0.9587815776731056,0.03166666667,0.015249689836475556,0.9587815776731056,-0.03166666667,0.07425056131372834,1.5689764026135755,0.05277777778,0.07425056131372834,1.5689764026135755,-0.05277777778,-0.05394164352249418,0.5502953841062453,0.02111111111,-0.18484201513074283,0.10025499769437535,0.02111111111,-0.2814925844255774,0.05434164751308221,0.01583333333,-0.03861034231134902,0.034468427802648416,0.01583333333,0.1530421588433259,0.5763972739011443,-0.02111111111,0.2444895308297795,0.1168120628210143,-0.02111111111,0.17182257144294108,0.037784049693883416,-0.01583333333,0.40819099361623745,0.09708579836456072,-0.01583333333
0.42,0.014784895137519991,0.9572540112336506,0.03166666667,0.014784895137519991,0.9572540112336506,-0.03166666667,0.07430148455349754,1.5673987504582843,0.05277777778,0.07430148455349754,1.5673987504582843,-0.05277777778,-0.05838760731809339,0.5492529448165566,0.02111111111,-0.19568864359937999,0.10102175116777695,0.02111111111,-0.29286064661348327,0.0562651146452657,0.01583333333,-0.05019655035383794,0.033885106097827605,0.01583333333,0.1497523887108993,0.5738150599725038,-0.02111111111,0.2589109547771883,0.11905457015164483,-0.02111111111,0.19023849586777844,0.03654127556216927,-0.01583333333,0.4230666542962779,0.1084980475776467,-0.01583333333
0.43,0.01475159069622386,0.9557612941317475,0.03166666667,0.01475159069622386,0.9557612941317475,-0.03166666667,0.07417669549924231,1.5659149503023522,0.05277777778,0.07417669549924231,1.5659149503023522,-0.05277777778,-0.06214345911008449,0.5482248511482101,0.02111111111,-0.2063168110007274,0.10202008676666713,0.02111111111,-0.3040714292726248,0.058587383867260145,0.01583333333,-0.0617001074496778,0.03323248781361288,0.01583333333,0.1472854242632899,0.5714248215392321,-0.02111111111,0.26949916988779044,0.12075693349597089,-0.02111111111,0.20404191407412345,0.03568339237651923,-0.01583333333,0.4335997948210674,0.11747524883586159,-0.01583333333
0.44,0.015105264483157903,0.9543378862635469,0.03166666667,0.015105264483157903,0.9543378862635469,-0.03166666667,0.07390049836212798,1.564552559712427,0.05277777778,0.07390049836212798,1.564552559712427,-0.05277777778,-0.06514907410700752,0.547226464676136,0.02111111111,-0.2166915474389558,0.1032938467219785,0.02111111111,-0.3150938370425438,0.06137677906132377,0.01583333333,-0.07311602867329242,0.03250692189320322,0.01583333333,0.14580425271269398,0.5693280413677559,-0.02111111111,0.27626972589236926,0.12149583899676741,-0.02111111111,0.2129404753670675,0.03483740350737262,-0.01583333333,0.44015458418440356,0.1229309739335825,-0.01583333333
0.45,0.015759322529941985,0.9530066530587781,0.03166666667,0.015759322529941985,0.9530066530587781,-0.03166666667,0.07352359050610273,1.5633197829883123,0.05277777778,0.07352359050610273,1.5633197829883123,-0.05277777778,-0.06734443974415207,0.5462559328703759,0.02111111111,-0.22677528424526477,0.10487189541331987,0.02111111111,-0.32588992876337797,0.06468375435414851,0.01583333333,-0.08443798755005935,0.03170363184961611,0.01583333333,0.1454829866799182,0.5676332117030616,-0.02111111111,0.27937492336443237,0.12104272254803755,-0.02111111111,0.2168080543601511,0.033833365675633234,-0.01583333333,0.44321712967365,0.12397580302774955,-0.01583333333
0.46,0.016652725839526032,0.951781116923992,0.03166666667,0.016652725839526032,0.951781116923992,-0.03166666667,0.07309629444573416,1.562217805518479,0.05277777778,0.07309629444573416,1.562217805518479,-0.05277777778,-0.06870942606062357,0.5453087757587218,0.02111111111,-0.23652758578344651,0.10677417662175864,0.02111111111,-0.33641417719389344,0.06854443768495075,0.01583333333,-0.0956587337050036,0.030814544674741873,0.01583333333,0.14636116372419514,0.5663846080922104,-0.02111111111,0.2790619105298542,0.1193734999853776,-0.02111111111,0.21576329275405998,0.03268150524472141,-0.01583333333,0.4432014051264176,0.12019512382258987,-0.01583333333
0.47,0.017755327248053256,0.9506641242492457,0.03166666667,0.017755327248053256,0.9506641242492457,-0.03166666667,0.07266526877554978,1.5612406759941133,0.05277777778,0.07266526877554978,1.5612406759941133,-0.05277777778,-0.06922713554251284,0.544374453965093,0.02111111111,-0.24591192331526804,0.1090183726898436,0.02111111111,-0.34662182386421886,0.07299218643906041,0.01583333333,-0.10677956540555206,0.02983642838130035,0.01583333333,0.14833144632074236,0.565558599855923,-0.02111111111,0.2755823023652636,0.11663347237499544,-0.02111111111,0.2101976559635412,0.03148587367778469,-0.01583333333,0.4402143530752829,0.11197840405110018,-0.01583333333
0.48,0.019129953611562122,0.9496587565872031,0.03166666667,0.019129953611562122,0.9496587565872031,-0.03166666667,0.07224561793235884,1.5603940129978402,0.05277777778,0.07224561793235884,1.5603940129978402,-0.05277777778,-0.06889173565718472,0.543455886293229,0.02111111111,-0.2548802568243672,0.11163325358065207,0.02111111111,-0.3564557189110033,0.07807590938801431,0.01583333333,-0.11780363588550738,0.02876149300004914,0.01583333333,0.15092441450491736,0.5649703446665508,-0.02111111111,0.2693865117406968,0.11313863736742075,-0.02111111111,0.20098697356464515,0.03038450268205757,-0.01583333333,0.43436450432245555,0.1005390216632399,-0.01583333333
0.49,0.020899632477888924,0.9487822969448848,0.03166666667,0.020899632477888924,0.9487822969448848,-0.03166666667,0.07185016595783478,1.5597019891772725,0.05277777778,0.07185016595783478,1.5597019891772725,-0.05277777778,-0.06766771049440437,0.5425754455890051,0.02111111111,-0.263350667662551,0.11466608673966494,0.02111111111,-0.36582414339475783,0.08387195658211746,0.01583333333,-0.1287203639260169,0.02758229360806415,0.01583333333,0.15300299946505186,0.5641772266339946,-0.02111111111,0.26172727573015325,0.10941577090310906,-0.02111111111,0.1902855259157108,0.029282274342136372,-0.01583333333,0.4266373511316727,0.08865013697148487,-0.01583333333
0.5,0.02302225566149051,0.9480568284227282,0.03166666667,0.02302225566149051,0.9480568284227282,-0.03166666667,0.07151352792614529,1.5591766396981943,0.05277777778,0.07151352792614529,1.5591766396981943,-0.05277777778,-0.06543913381488292,0.5417320479178838,0.02111111111,-0.27122312197080156,0.1181578104723397,0.02111111111,-0.3746135754594774,0.09046063217383425,0.01583333333,-0.13951893036352078,0.026294938510475152,0.01583333333,0.15431635167298274,0.5631231983181324,-0.02111111111,0.25354087895502236,0.10579078500466138,-0.02111111111,0.17942196394195398,0.028148437932016837,-0.01583333333,0.4180151567328717,0.07774699385786822,-0.01583333333
0.51,0.025388423282467314,0.9475051583942964,0.03166666667,0.025388423282467314,0.9475051583942964,-0.03166666667,0.07124967808347003,1.5588279638966624,0.05277777778,0.07124967808347003,1.5588279638966624,-0.05277777778,-0.06206672423495125,0.5409164560599915,0.02111111111,-0.2783818172598485,0.12214892784790593,0.02111111111,-0.3826891142626674,0.09793107483077398,0.01583333333,-0.15019840233935677,0.024891378326160576,0.01583333333,0.1553950907564305,0.5620686481099784,-0.02111111111,0.2449246905008829,0.1023637146380309,-0.02111111111,0.16843215681801174,0.027083575170237066,-0.01583333333,0.40867351185348355,0.06795923696077187,-0.01583333333
0.52,0.027856522210167135,0.9471426956005986,0.03166666667,0.027856522210167135,0.9471426956005986,-0.03166666667,0.07109173702074979,1.5586568356002304,0.05277777778,0.07109173702074979,1.5586568356002304,-0.05277777778,-0.057379074397854626,0.540112220609488,0.02111111111,-0.28467880284549824,0.12668119538573164,0.02111111111,-0.38987603675249827,0.10638709500238533,0.01583333333,-0.16076412507973875,0.023354207989181558,0.01583333333,0.15669952489550243,0.5612504230243585,-0.02111111111,0.23570759113692008,0.099216402511072,-0.02111111111,0.1572317322407779,0.026015171468855257,-0.01583333333,0.39853477466377574,0.06006763266476223,-0.01583333333
0.53,0.030364455278430527,0.9469932728137449,0.03166666667,0.030364455278430527,0.9469932728137449,-0.03166666667,0.07105193886290632,1.5586822100185707,0.05277777778,0.07105193886290632,1.5586822100185707,-0.05277777778,-0.05122426783024145,0.5393364418582745,0.02111111111,-0.28990342559249116,0.13180186855164228,0.02111111111,-0.3959244574439717,0.11594783352928392,0.01583333333,-0.171214577268322,0.021649381009960972,0.01583333333,0.1580584513227223,0.5606537526608131,-0.02111111111,0.22592285084831856,0.09643646782422616,-0.02111111111,0.14582536298617377,0.025002616184937834,-0.01583333333,0.3877770719438485,0.05409039589660529,-0.01583333333
0.54,0.03258838821182529,0.9470284547097385,0.03166666667,0.03258838821182529,0.9470284547097385,-0.03166666667,0.07124931490505652,1.558848820476053,0.05277777778,0.07124931490505652,1.558848820476053,-0.05277777778,-0.04345175486176332,0.5385561890196447,0.02111111111,-0.2938313707486131,0.13749475792006238,0.02111111111,-0.40054901813611354,0.12666504985370391,0.01583333333,-0.1815706244108342,0.019729595127077504,0.01583333333,0.15985779885335344,0.5605074752298499,-0.02111111111,0.2156109286676708,0.0942129421888862,-0.02111111111,0.13421178822368457,0.024238306180125145,-0.01583333333,0.3765132488101479,0.0502523522660451,-0.01583333333
0.55,0.03441318747318682,0.9472394821721597,0.03166666667,0.03441318747318682,0.9472394821721597,-0.03166666667,0.07168307823076557,1.5591461600750278,0.05277777778,0.07168307823076557,1.5591461600750278,-0.05277777778,-0.03401954672069407,0.5378235838781726,0.02111111111,-0.29616711100908116,0.14372781634556187,0.02111111111,-0.4033687604239536,0.13856987973404222,0.01583333333,-0.19186030050795572,0.01752897846485732,0.01583333333,0.1619798091094894,0.5608022130263934,-0.02111111111,0.2048836500654443,0.09264771169662389,-0.02111111111,0.1224373516549236,0.023883764767012323,-0.01583333333,0.3649019550747975,0.04833053315338866,-0.01583333333
0.56,0.0361435791938879,0.9476580942972369,0.03166666667,0.0361435791938879,0.9476580942972369,-0.03166666667,0.07216356983874052,1.5596396197480882,0.05277777778,0.07216356983874052,1.5596396197480882,-0.05277777778,-0.023103128399122992,0.5372993283671563,0.02111111111,-0.2965821080969615,0.15039068439173875,0.02111111111,-0.40393685694283477,0.15157272835127203,0.01583333333,-0.20213175886528842,0.014965880843521823,0.01583333333,0.1632599681545042,0.5610417845168252,-0.02111111111,0.19394253825055283,0.09150213024561632,-0.02111111111,0.11058344411095936,0.02384160884701443,-0.01583333333,0.3531657205577855,0.047091717448254675,-0.01583333333
0.5700000000000001,0.037867414217696696,0.9482694402814071,0.03166666667,0.037867414217696696,0.9482694402814071,-0.03166666667,0.07260773964095821,1.560324941856789,0.05277777778,0.07260773964095821,1.560324941856789,-0.05277777778,-0.011059877831232925,0.5370885546493311,0.02111111111,-0.2948204801460724,0.15714561589228726,0.02111111111,-0.4018474764878205,0.16529157066078762,0.01583333333,-0.2124942162516388,0.01188990432686965,0.01583333333,0.1632440476141432,0.5610213036684772,-0.02111111111,0.18287068197298678,0.09057190190302405,-0.02111111111,0.09868090723449108,0.023959182702726255,-0.01583333333,0.3413815454368091,0.04593936951452004,-0.01583333333
0.58,0.03945887147001968,0.9490256857801613,0.03166666667,0.03945887147001968,0.9490256857801613,-0.03166666667,0.07304205935202093,1.5611457693510964,0.05277777778,0.07304205935202093,1.5611457693510964,-0.05277777778,0.0015815985142598084,0.5372431471019324,0.02111111111,-0.2907549170215714,0.16345605720573703,0.02111111111,-0.3968044848981952,0.17906522230273642,0.01583333333,-0.22310870770835353,0.008136858996611263,0.01583333333,0.16211164286319546,0.5608171097853416,-0.02111111111,0.17180197362359267,0.08982538688376668,-0.02111111111,0.0868322166724406,0.024231562715434016,-0.01583333333,0.3296610462098458,0.0447471163659605,-0.01583333333
0.59,0.040853292833073214,0.949878134215885,0.03166666667,0.040853292833073214,0.949878134215885,-0.03166666667,0.07346874944259563,1.5620505439252401,0.05277777778,0.07346874944259563,1.5620505439252401,-0.05277777778,0.014313609532764476,0.5377755900048865,0.02111111111,-0.28442003867923277,0.16879329319969943,0.02111111111,-0.38867120188470844,0.19218604995433664,0.01583333333,-0.23417881663886897,0.0037216466916914492,0.01583333333,0.15995009160246693,0.560453233140894,-0.02111111111,0.16073389145642342,0.08919966305489652,-0.02111111111,0.07506428734172046,0.024549250206437015,-0.01583333333,0.3180095420650805,0.04363672262935277,-0.01583333333
0.6,0.041952405107067,0.9506250501462057,0.03166666667,0.041952405107067,0.9506250501462057,-0.03166666667,0.07381955165991941,1.5628368698538828,0.05277777778,0.07381955165991941,1.5628368698538828,-0.05277777778,0.027304198686742394,0.5385098404115292,0.02111111111,-0.27807955156504327,0.1747873706028279,0.02111111111,-0.38028150656480414,0.2045637477095276,0.01583333333,-0.24279315049810826,0.003358180335830685,0.01583333333,0.15714371979131833,0.5599071046972857,-0.02111111111,0.1496524899160167,0.08858546396102174,-0.02111111111,0.06337813188772129,0.02477828883165476,-0.01583333333,0.3064108954611112,0.04271719141722577,-0.01583333333
0.61,0.042867979939917936,0.9512845517631445,0.03166666667,0.042867979939917936,0.9512845517631445,-0.03166666667,0.07402466236042507,1.5635329395599225,0.05277777778,0.07402466236042507,1.5635329395599225,-0.05277777778,0.040484312401921685,0.5394943164153212,0.02111111111,-0.27228283421734356,0.1819516996180673,0.02111111111,-0.3727138895574308,0.21642449352660317,0.01583333333,-0.24772025085724148,0.007227651579645611,0.01583333333,0.1536626532667921,0.5591600624704075,-0.02111111111,0.13850791129215456,0.08793365560107647,-0.02111111111,0.05174732052786445,0.024832405199458438,-0.01583333333,0.2948312183537009,0.04206455578759313,-0.01583333333
0.62,0.04359593499946226,0.9519030428066945,0.03166666667,0.04359593499946226,0.9519030428066945,-0.03166666667,0.07409130484416303,1.5641847260516215,0.05277777778,0.07409130484416303,1.5641847260516215,-0.05277777778,0.053722051988430525,0.540798450764274,0.02111111111,-0.2668556197024332,0.19019167475784587,0.02111111111,-0.36596065530716615,0.2280156989791734,0.01583333333,-0.2491930293781116,0.014118410705137086,0.01583333333,0.14959353195172517,0.5583021422081039,-0.02111111111,0.12732670165905413,0.08730088877277847,-0.02111111111,0.040153262254319796,0.024821235178889303,-0.01583333333,0.28327157878029385,0.04156078611880721,-0.01583333333
0.63,0.044079029659247676,0.952543137271867,0.03166666667,0.044079029659247676,0.952543137271867,-0.03166666667,0.07408793792128796,1.564848855556554,0.05277777778,0.07408793792128796,1.564848855556554,-0.05277777778,0.0669880659898923,0.542513760313251,0.02111111111,-0.260920245260412,0.19881618041213434,0.02111111111,-0.3590839916486548,0.23903370634509502,0.01583333333,-0.2474843343187242,0.02239519434887613,0.01583333333,0.14470524141088986,0.5573630204102651,-0.02111111111,0.11605763557971815,0.08669201024628409,-0.02111111111,0.02856539830780932,0.024715324985429186,-0.01583333333,0.2716970984636452,0.04125935035492669,-0.01583333333
0.64,0.04431158872987746,0.9532347642324974,0.03166666667,0.04431158872987746,0.9532347642324974,-0.03166666667,0.07403853558009671,1.5655542362813377,0.05277777778,0.07403853558009671,1.5655542362813377,-0.05277777778,0.0801628064675379,0.5446821562511119,0.02111111111,-0.25427970617637813,0.2075130587195262,0.02111111111,-0.3518163020953573,0.24941409774027778,0.01583333333,-0.24315106557619948,0.03128891632297945,0.01583333333,0.13914390733681106,0.5564373834972567,-0.02111111111,0.10471439300874341,0.08617203257961248,-0.02111111111,0.016945897610578242,0.024644233091017716,-0.01583333333,0.2600876885007556,0.04103929084666733,-0.01583333333
0.65,0.044352459158551794,0.954010249895735,0.03166666667,0.044352459158551794,0.954010249895735,-0.03166666667,0.07394583744051547,1.5663361918425602,0.05277777778,0.07394583744051547,1.5663361918425602,-0.05277777778,0.09305523560665468,0.547311765025607,0.02111111111,-0.24678401068072475,0.21584935255835386,0.02111111111,-0.3439699771988261,0.2588262610240485,0.01583333333,-0.23647017866216347,0.04012435954472718,0.01583333333,0.13288290047739879,0.5555525136394521,-0.02111111111,0.09327712407934027,0.0857489047633378,-0.02111111111,0.0052720195120212685,0.02461609797519823,-0.01583333333,0.2484213497034109,0.04089896085530621,-0.01583333333
0.66,0.044211278746423416,0.9548881152602792,0.03166666667,0.044211278746423416,0.9548881152602792,-0.03166666667,0.07383509682026908,1.5672125853102141,0.05277777778,0.07383509682026908,1.5672125853102141,-0.05277777778,0.10547273518149354,0.5503792667036806,0.02111111111,-0.23828882025355136,0.22331255095429986,0.02111111111,-0.33540395223023395,0.2667542034633238,0.01583333333,-0.22744533553656726,0.04827842568078841,0.01583333333,0.12599020795185453,0.5547643124406343,-0.02111111111,0.08178666104193041,0.08545892358320295,-0.02111111111,-0.0064420490399673055,0.02469957649753305,-0.01583333333,0.2367216164030332,0.04076694107354102,-0.01583333333
0.67,0.04396805523640844,0.9558797561171151,0.03166666667,0.04396805523640844,0.9558797561171151,-0.03166666667,0.07370258006432415,1.5681988602225352,0.05277777778,0.07370258006432415,1.5681988602225352,-0.05277777778,0.11719481801624856,0.553807367278534,0.02111111111,-0.22885712512260284,0.22950767249774096,0.02111111111,-0.326333226780544,0.27252534079736745,0.01583333333,-0.21538678509822293,0.05555157400947863,0.01583333333,0.1183904441979694,0.5540694575663907,-0.02111111111,0.07023101016200375,0.08528371846346872,-0.02111111111,-0.01819419855942081,0.024853966755322414,-0.01583333333,0.22498562912183306,0.0406748328823555,-0.01583333333
0.68,0.04364238860862203,0.9570010757071549,0.03166666667,0.04364238860862203,0.9570010757071549,-0.03166666667,0.0735665995509234,1.5693109391085924,0.05277777778,0.0735665995509234,1.5693109391085924,-0.05277777778,0.12791899646672783,0.5574874034456714,0.02111111111,-0.21818154544079157,0.23353239045287466,0.02111111111,-0.31634272864820556,0.2753406084457718,0.01583333333,-0.20067031665950574,0.06084906665260384,0.01583333333,0.1102076831316765,0.553536073838351,-0.02111111111,0.0586698440209896,0.08527817663628828,-0.02111111111,-0.02996631851343537,0.025187941327281714,-0.01583333333,0.21324544159723335,0.040510086737254626,-0.01583333333
0.6900000000000001,0.04320848940701913,0.9582313422074933,0.03166666667,0.04320848940701913,0.9582313422074933,-0.03166666667,0.07344134457052326,1.5705260438731772,0.05277777778,0.07344134457052326,1.5705260438731772,-0.05277777778,0.13746110383018484,0.5612878320147081,0.02111111111,-0.20628589129728478,0.23503289279312456,0.02111111111,-0.30551657637017643,0.274634041245452,0.01583333333,-0.18284791713666665,0.06406545755370821,0.01583333333,0.10171117071657776,0.5532251178962084,-0.02111111111,0.04719715639172207,0.08549645737327694,-0.02111111111,-0.04171617653255303,0.02582740624409984,-0.01583333333,0.2015569537300526,0.040142170940982685,-0.01583333333
0.7000000000000001,0.042645192532618455,0.9595346892360583,0.03166666667,0.042645192532618455,0.9595346892360583,-0.03166666667,0.07331099813255396,1.5718078599581742,0.05277777778,0.07331099813255396,1.5718078599581742,-0.05277777778,0.14582942745132663,0.565105860891701,0.02111111111,-0.19313817418434415,0.23396794192364306,0.02111111111,-0.2937169835979583,0.270410072354685,0.01583333333,-0.16216925289399428,0.06527128289074385,0.01583333333,0.09316367735272338,0.5531577732967468,-0.02111111111,0.03587307700661608,0.08596051472886995,-0.02111111111,-0.05340966232037638,0.02683602743855658,-0.01583333333,0.18995351754961323,0.03952819351298624,-0.01583333333
0.71,0.0419391502041072,0.9608681609118116,0.03166666667,0.0419391502041072,0.9608681609118116,-0.03166666667,0.07316165572784773,1.573113195491943,0.05277777778,0.07316165572784773,1.573113195491943,-0.05277777778,0.15303462715678423,0.5688386473684071,0.02111111111,-0.17866566510665438,0.2303820519822654,0.02111111111,-0.28072789731749453,0.26281653804200616,0.01583333333,-0.13900623231974346,0.06456997926642732,0.01583333333,0.08481110169088228,0.5533232473983569,-0.02111111111,0.024624869950117076,0.08667612135945879,-0.02111111111,-0.06508392058362951,0.0281836060541642,-0.01583333333,0.17837319362705406,0.03892427345893994,-0.01583333333
0.72,0.04115023184680605,0.9621902357261742,0.03166666667,0.04115023184680605,0.9621902357261742,-0.03166666667,0.07296585783616868,1.574404735033493,0.05277777778,0.07296585783616868,1.574404735033493,-0.05277777778,0.15919504439658216,0.5724027911157347,0.02111111111,-0.16287691500423496,0.22463365817020414,0.02111111111,-0.2664174440970847,0.2523387280180646,0.01583333333,-0.11375741013933173,0.0623870435609071,0.01583333333,0.07655792883864457,0.553638664371397,-0.02111111111,0.013316513701947912,0.08757168917197472,-0.02111111111,-0.07679938833746484,0.029698324845288733,-0.01583333333,0.1667311477245411,0.038620566797055625,-0.01583333333
0.73,0.040303827177846294,0.9634547381038939,0.03166666667,0.040303827177846294,0.9634547381038939,-0.03166666667,0.07271830442671738,1.5756378225515848,0.05277777778,0.07271830442671738,1.5756378225515848,-0.05277777778,0.16446953280221166,0.5757475834694937,0.02111111111,-0.1457999261846081,0.2172053653456411,0.02111111111,-0.25068642892554427,0.23960377930534482,0.01583333333,-0.08681936438622741,0.05923107195924662,0.01583333333,0.06829193895053959,0.5540313241017873,-0.02111111111,0.0019468680505824315,0.0885707456482086,-0.02111111111,-0.08855259631402193,0.031293626361399214,-0.01583333333,0.15503381336487332,0.03853167967974605,-0.01583333333
0.74,0.039402116946474636,0.9646178514312267,0.03166666667,0.039402116946474636,0.9646178514312267,-0.03166666667,0.07242818548108212,1.5767682463640027,0.05277777778,0.07242818548108212,1.5767682463640027,-0.05277777778,0.1689799199984091,0.5788338006007954,0.02111111111,-0.12747211966014765,0.20854794311318392,0.02111111111,-0.23347648769649962,0.225173348484962,0.01583333333,-0.058482412958627855,0.05557440331509966,0.01583333333,0.05995044772230014,0.5544484466944548,-0.02111111111,-0.009464854711632838,0.08961486375193528,-0.02111111111,-0.10033390073119562,0.0329216347448391,-0.01583333333,0.14329544674685626,0.038531397976247335,-0.01583333333
0.75,0.0383945870593895,0.9656363360147027,0.03166666667,0.0383945870593895,0.9656363360147027,-0.03166666667,0.07212830255972352,1.5777481425155648,0.05277777778,0.07212830255972352,1.5777481425155648,-0.05277777778,0.17282161418201866,0.5816442669791702,0.02111111111,-0.1079306923605153,0.19907540539597812,0.02111111111,-0.21474899451104995,0.20956898074566974,0.01583333333,-0.02900899169228925,0.05181163622890689,0.01583333333,0.0516273034268175,0.554860867461983,-0.02111111111,-0.020886436350526484,0.09067605876421497,-0.02111111111,-0.11212561088700546,0.03457633150391245,-0.01583333333,0.13153606080738828,0.03854094285779334,-0.01583333333
0.76,0.037280626393383205,0.9664817153255547,0.03166666667,0.037280626393383205,0.9664817153255547,-0.03166666667,0.07183285058664374,1.5785478645467848,0.05277777778,0.07183285058664374,1.5785478645467848,-0.05277777778,0.17604437876059104,0.5841486025901914,0.02111111111,-0.08720376948353598,0.1891054682613355,0.02111111111,-0.19447594510602487,0.19322468163355794,0.01583333333,0.0013413249865374677,0.04816495210950861,0.01583333333,0.04329542039588395,0.5552324234382529,-0.02111111111,-0.03231559314258449,0.09171607342688759,-0.02111111111,-0.12392296058138713,0.036215396385098644,-0.01583333333,0.11976001691422034,0.038525131211680136,-0.01583333333
0.77,0.03601238866284956,0.9671271201216677,0.03166666667,0.03601238866284956,0.9671271201216677,-0.03166666667,0.0715785850248882,1.5791351861596432,0.05277777778,0.0715785850248882,1.5791351861596432,-0.05277777778,0.17866137814951208,0.5863274342160394,0.02111111111,-0.06537180508295096,0.17894519952099452,0.02111111111,-0.17270336432360034,0.17644928574763985,0.01583333333,0.03252214774575826,0.045036890624640225,0.01583333333,0.03506961487032731,0.555541260492156,-0.02111111111,-0.043735544815814605,0.09271928871826562,-0.02111111111,-0.13571544811066727,0.03783513100241763,-0.01583333333,0.10797765889332603,0.03846599931998383,-0.01583333333
0.78,0.03460531255027007,0.9675627278200142,0.03166666667,0.03460531255027007,0.9675627278200142,-0.03166666667,0.07137502805174073,1.5794996651274031,0.05277777778,0.07137502805174073,1.5794996651274031,-0.05277777778,0.18065599174548078,0.5881434347976269,0.02111111111,-0.04243844819234771,0.16879059531927681,0.02111111111,-0.14940523326220095,0.15957938320480194,0.01583333333,0.0642644419222729,0.0423957738447243,0.01583333333,0.026904339867974157,0.55576331590537,-0.02111111111,-0.055150784932455496,0.09366017515834746,-0.02111111111,-0.1475009160566093,0.03939952507540241,-0.01583333333,0.09619078136288571,0.03835788939095315,-0.01583333333
0.79,0.03306017457161947,0.9677796777173865,0.03166666667,0.03306017457161947,0.9677796777173865,-0.03166666667,0.07123696378504159,1.5796304438234365,0.05277777778,0.07123696378504159,1.5796304438234365,-0.05277777778,0.1820502420282626,0.5895830223645526,0.02111111111,-0.018480219296925837,0.15891286051663578,0.02111111111,-0.12465685067845332,0.14300967320972607,0.01583333333,0.09633484924855609,0.04029941588620234,0.01583333333,0.0187895168488511,0.5558810422809964,-0.02111111111,-0.06656517884146095,0.09452176780801214,-0.02111111111,-0.15927882887563388,0.04088485846630147,-0.01583333333,0.08440034630232454,0.038203817496137396,-0.01583333333
0.8,0.03135184635187839,0.9677720213855132,0.03166666667,0.03135184635187839,0.9677720213855132,-0.03166666667,0.07119326352244096,1.5795166484130396,0.05277777778,0.07119326352244096,1.5795166484130396,-0.05277777778,0.18279713654167665,0.5906202360811974,0.02111111111,0.006329337328921408,0.14955262503305955,0.02111111111,-0.09861085625270466,0.1268981774839857,0.01583333333,0.128769560273608,0.039234761075461186,0.01583333333,0.010831878520037717,0.5558821853607596,-0.02111111111,-0.07797737355765288,0.09530321088006433,-0.02111111111,-0.17105269928553224,0.04230038633977938,-0.01583333333,0.0726034322471271,0.03800877095239418,-0.01583333333
0.81,0.029517905207712594,0.9675473924020602,0.03166666667,0.029517905207712594,0.9675473924020602,-0.03166666667,0.0712465527933145,1.5791661847800276,0.05277777778,0.0712465527933145,1.5791661847800276,-0.05277777778,0.1828253547991189,0.5912057684351817,0.02111111111,0.03186399138916324,0.1408724838595672,0.02111111111,-0.07136728302302477,0.11141001617184752,0.01583333333,0.16145254191160371,0.039426285277271295,0.01583333333,0.0029766282551000004,0.5557611303102943,-0.02111111111,-0.0893932895098011,0.0959981740251224,-0.02111111111,-0.1828233454197346,0.043630766308663596,-0.01583333333,0.060800268829234505,0.03777730781275587,-0.01583333333
0.8200000000000001,0.027607519585808753,0.9671237179039288,0.03166666667,0.027607519585808753,0.9671237179039288,-0.03166666667,0.07139584771087992,1.578598500326898,0.05277777778,0.07139584771087992,1.578598500326898,-0.05277777778,0.18196723136404744,0.5912546855475441,0.02111111111,0.058117391765332316,0.13293873696973696,0.02111111111,-0.042912376576285965,0.09665029203346749,0.01583333333,0.19430598687080314,0.040845485434227446,0.01583333333,-0.004817209174648226,0.5555274484754903,-0.02111111111,-0.10081184480043276,0.09661534986922687,-0.02111111111,-0.1945888502370057,0.044882192791345,-0.01583333333,0.04899352997084919,0.03750978149178727,-0.01583333333
0.8300000000000001,0.025640709073487318,0.9665203874543549,0.03166666667,0.025640709073487318,0.9665203874543549,-0.03166666667,0.07165106046450104,1.5778319894905684,0.05277777778,0.07165106046450104,1.5778319894905684,-0.05277777778,0.1800305517220868,0.5906884736281293,0.02111111111,0.08520675031270654,0.12585702783419855,0.02111111111,-0.01316513989403964,0.08288245024713718,0.01583333333,0.2272604510645608,0.04310477298586955,0.01583333333,-0.012484732751028243,0.5551931408680277,-0.02111111111,-0.11221462900574994,0.09717445335230196,-0.02111111111,-0.2063373971861925,0.04608621186464333,-0.01583333333,0.03719462441062005,0.03720460992223101,-0.01583333333
0.84,0.0236321041996196,0.9657423200770399,0.03166666667,0.0236321041996196,0.9657423200770399,-0.03166666667,0.07202214980153118,1.5768701550721833,0.05277777778,0.07202214980153118,1.5768701550721833,-0.05277777778,0.17695646291589362,0.5894814305645955,0.02111111111,0.11304139897464424,0.1199350052289202,0.02111111111,0.0177912511761149,0.07041698156290607,0.01583333333,0.2603115188301219,0.0465287381548474,0.01583333333,-0.019940473186772747,0.5547523863604178,-0.02111111111,-0.12358962882732638,0.09768276510982593,-0.02111111111,-0.21806212140038755,0.04726101471126245,-0.01583333333,0.02540980516168545,0.036861525673509116,-0.01583333333
0.85,0.021583241227313265,0.9647848004286272,0.03166666667,0.021583241227313265,0.9647848004286272,-0.03166666667,0.07251263009897882,1.575706255747038,0.05277777778,0.07251263009897882,1.575706255747038,-0.05277777778,0.17297872956380647,0.5877373401320998,0.02111111111,0.14125843711314848,0.115649731399872,0.02111111111,0.04952144680445172,0.05988078255325754,0.01583333333,0.2930658885402353,0.051346540015145756,0.01583333333,-0.027109406419597998,0.5541865686203148,-0.02111111111,-0.134940995592019,0.09813849819223491,-0.02111111111,-0.2297684379730625,0.04841013822805322,-0.01583333333,0.013633873431565746,0.036491950489214095,-0.01583333333
0.86,0.019584307233386705,0.9636463220211092,0.03166666667,0.019584307233386705,0.9636463220211092,-0.03166666667,0.07307100910046047,1.5743491957187765,0.05277777778,0.07307100910046047,1.5743491957187765,-0.05277777778,0.16851540418924366,0.5856032359193581,0.02111111111,0.1687489295634272,0.11334793437527346,0.02111111111,0.08096355356659965,0.051540215332810384,0.01583333333,0.3245534671938852,0.05865937084068973,0.01583333333,-0.033927315149482495,0.5534796206466964,-0.02111111111,-0.1462628461643094,0.09854570983707972,-0.02111111111,-0.24145285494969498,0.04954470966635184,-0.01583333333,0.0018698738680965055,0.036099337348809615,-0.01583333333
0.87,0.01775095152861293,0.9623489109384593,0.03166666667,0.01775095152861293,0.9623489109384593,-0.03166666667,0.07362538606817715,1.5728379565273956,0.05277777778,0.07362538606817715,1.5728379565273956,-0.05277777778,0.16394143991689888,0.583215367746913,0.02111111111,0.1944744655504806,0.11296747521889167,0.02111111111,0.11095621989709026,0.04550373337540282,0.01583333333,0.3535833798695822,0.06828068751278946,0.01583333333,-0.04032680501003719,0.5526407897523142,-0.02111111111,-0.15754040139723752,0.09893668669540706,-0.02111111111,-0.2531083970408906,0.050713885402936615,-0.01583333333,-0.009878472720301706,0.03568284049267093,-0.01583333333
0.88,0.0162895411259248,0.9609315083618516,0.03166666667,0.0162895411259248,0.9609315083618516,-0.03166666667,0.07407185004961366,1.571242930501937,0.05277777778,0.07407185004961366,1.571242930501937,-0.05277777778,0.15933954575756196,0.5805668574927517,0.02111111111,0.2174359378350652,0.11401680481268872,0.02111111111,0.1386365369993132,0.04109913393635644,0.01583333333,0.379091158127841,0.08070094669827418,0.01583333333,-0.04627789095110727,0.5517062973996796,-0.02111111111,-0.16874242419670088,0.09936745221574261,-0.02111111111,-0.2647145082017213,0.05199517731307386,-0.01583333333,-0.021597863254107563,0.03523136672270534,-0.01583333333
0.89,0.015295446377799459,0.9594499464945362,0.03166666667,0.015295446377799459,0.9594499464945362,-0.03166666667,0.07434594190192051,1.5696399711569868,0.05277777778,0.07434594190192051,1.5696399711569868,-0.05277777778,0.154817443888276,0.577726662770345,0.02111111111,0.23735099006977647,0.1159987396661708,0.02111111111,0.16313819484728184,0.03842167352290031,0.01583333333,0.4005960688137811,0.09319837009547553,0.01583333333,-0.05169787905906172,0.5507244171024948,-0.02111111111,-0.1798185887815247,0.09990844676126548,-0.02111111111,-0.27623610987018465,0.05349164145584613,-0.01583333333,-0.03326548290171233,0.03472990308646008,-0.01583333333
0.9,0.014712808891149282,0.9579382588123485,0.03166666667,0.014712808891149282,0.9579382588123485,-0.03166666667,0.07445501936984095,1.5680609477088736,0.05277777778,0.07445501936984095,1.5680609477088736,-0.05277777778,0.15090431112924127,0.574958991015526,0.02111111111,0.2536957624797552,0.11836261125851477,0.02111111111,0.18359793857917536,0.03705332263437575,0.01583333333,0.4177340413301489,0.10463300733828207,0.01583333333,-0.05648702910627461,0.5497106965175447,-0.02111111111,-0.19074299963519,0.10060413962933251,-0.02111111111,-0.2876566550645989,0.055274410521051434,-0.01583333333,-0.044877719884412554,0.034176613743456895,-0.01583333333
0.91,0.01451881584193871,0.9564330023400063,0.03166666667,0.01451881584193871,0.9564330023400063,-0.03166666667,0.07440439830401438,1.5665416354803545,0.05277777778,0.07440439830401438,1.5665416354803545,-0.05277777778,0.14794193361594954,0.5724279912844832,0.02111111111,0.26608423083342625,0.12042982327755819,0.02111111111,0.19954275536171062,0.03619563190367307,0.01583333333,0.43026702060726557,0.11463695916802163,0.01583333333,-0.060590673423700434,0.5486859321233468,-0.02111111111,-0.20147678358939905,0.10149830365645934,-0.02111111111,-0.29894394274540115,0.05741046278838623,-0.01583333333,-0.05641981633313528,0.033561427083328925,-0.01583333333
0.92,0.014705054696301439,0.9549781125576808,0.03166666667,0.014705054696301439,0.9549781125576808,-0.03166666667,0.07419670532856666,1.565125283922307,0.05277777778,0.07419670532856666,1.565125283922307,-0.05277777778,0.14605435264096564,0.5702120273714681,0.02111111111,0.27450486135523966,0.12166082133371381,0.02111111111,0.21059560820056278,0.03542499277164715,0.01583333333,0.43848525939711014,0.12175595635719869,0.01583333333,-0.06395333873521256,0.5476772240998299,-0.02111111111,-0.21197135174596715,0.10264255831889096,-0.02111111111,-0.31005569904995356,0.059977612800216476,-0.01583333333,-0.06787372152095952,0.03287377255128454,-0.01583333333
0.93,0.015237985650728154,0.9536084906238852,0.03166666667,0.015237985650728154,0.9536084906238852,-0.03166666667,0.0738569075122929,1.563840126331994,0.05277777778,0.0738569075122929,1.563840126331994,-0.05277777778,0.14534092182426767,0.5683821535477992,0.02111111111,0.2790077795399847,0.12169383942326273,0.02111111111,0.21645986372302928,0.034472850352160196,0.01583333333,0.44280806850553356,0.12476802512817645,0.01583333333,-0.06649301400149865,0.5466959976098935,-0.02111111111,-0.22218941852740112,0.10408568869010759,-0.02111111111,-0.3209597624673976,0.06305545237228932,-0.01583333333,-0.07923911485990157,0.03210618878966849,-0.01583333333
0.94,0.016048395106672417,0.952342445229121,0.03166666667,0.016048395106672417,0.952342445229121,-0.03166666667,0.07343570349789398,1.5626911357780704,0.05277777778,0.07343570349789398,1.5626911357780704,-0.05277777778,0.14584347036264264,0.5669895426513918,0.02111111111,0.2798719963850164,0.12044205762369664,0.02111111111,0.2172305716214873,0.033283482172089075,0.01583333333,0.4437761982229015,0.12308218741813602,0.01583333333,-0.06818470203439027,0.5457409539740088,-0.02111111111,-0.23208624343192114,0.1058506848290417,-0.02111111111,-0.3316071241620103,0.06668316069833687,-0.01583333333,-0.09050261359845746,0.03125233539037324,-0.01583333333
0.95,0.017097757742213823,0.951188852652346,0.03166666667,0.017097757742213823,0.951188852652346,-0.03166666667,0.07297993071688712,1.5616771899388455,0.05277777778,0.07297993071688712,1.5616771899388455,-0.05277777778,0.1474585604153656,0.5660188414731655,0.02111111111,0.27746039153655866,0.11803806953440366,0.02111111111,0.21322186266149318,0.032032182660037836,0.01583333333,0.4418102174277919,0.11649573966144858,0.01583333333,-0.06902817031688606,0.5448085001527041,-0.02111111111,-0.24162349736085736,0.10795648407014419,-0.02111111111,-0.34195165958649015,0.07089356171213741,-0.01583333333,-0.10166131493867017,0.030306880828801674,-0.01583333333
0.96,0.020042778213819796,0.949396295540407,0.03166666667,0.020042778213819796,0.949396295540407,-0.03166666667,0.07202459339680435,1.5602291025420352,0.05277777778,0.07202459339680435,1.5602291025420352,-0.05277777778,0.1512455002948738,0.5644776287559529,0.02111111111,0.26599269162090405,0.11153577673302156,0.02111111111,0.19615290589154777,0.029996841809616856,0.01583333333,0.4310682209590234,0.09481599903063068,0.01583333333,-0.06833545920672622,0.5432023539188853,-0.02111111111,-0.2581260086173048,0.11288832365858881,-0.02111111111,-0.36006648616185144,0.08042067717318326,-0.01583333333,-0.12200595334901662,0.028325465176656767,-0.01583333333
0.97,0.022064609152060165,0.9485999605126736,0.03166666667,0.022064609152060165,0.9485999605126736,-0.03166666667,0.07161984173349224,1.5596344162866558,0.05277777778,0.07161984173349224,1.5596344162866558,-0.05277777778,0.1525880570275333,0.5634021187752618,0.02111111111,0.25806645444701504,0.1078018016259722,0.02111111111,0.18536770040281428,0.028820717874411705,0.01583333333,0.42290880617840787,0.08323534332568235,0.01583333333,-0.06659687764345132,0.5423503013888502,-0.02111111111,-0.2663212293878221,0.11614446936163764,-0.02111111111,-0.36917892556864573,0.0866018069637727,-0.01583333333,-0.13286386592498484,0.02708776675722302,-0.01583333333
0.98,0.024243045581771518,0.9479456932327522,0.03166666667,0.024243045581771518,0.9479456932327522,-0.03166666667,0.07134479379219956,1.5591741714098801,0.05277777778,0.07134479379219956,1.5591741714098801,-0.05277777778,0.15381636573291232,0.5623712298655393,0.02111111111,0.24967049608117303,0.10424977632561144,0.02111111111,0.17444177347948264,0.02770069934906732,0.01583333333,0.41391582976494457,0.0728549323984865,0.01583333333,-0.06378339472197614,0.5414960712685521,-0.02111111111,-0.27389040297527767,0.1198528694845139,-0.02111111111,-0.3776735780351943,0.09358509326066236,-0.01583333333,-0.14361392585098606,0.025741098570628895,-0.01583333333
0.99,0.026402301954632154,0.9474406842414226,0.03166666667,0.026402301954632154,0.9474406842414226,-0.03166666667,0.07124306561344793,1.5588391902370624,0.05277777778,0.07124306561344793,1.5588391902370624,-0.05277777778,0.1556611510890851,0.5617207925957075,0.02111111111,0.24071249751134177,0.10100441657126691,0.02111111111,0.1633150935659538,0.026661207346430828,0.01583333333,0.4040770261600559,0.06434966989993475,0.01583333333,-0.05976029625969211,0.5406142104941069,-0.02111111111,-0.2807185162636854,0.12404251831740798,-0.02111111111,-0.38541160121576823,0.10144529370825792,-0.01583333333,-0.1542572150254839,0.02428067655060781,-0.01583333333
1.0,0.028656733056062346,0.9471334745600258,0.03166666667,0.028656733056062346,0.9471334745600258,-0.03166666667,0.07124080372056804,1.558693303313392,0.05277777778,0.07124080372056804,1.558693303313392,-0.05277777778,0.15775211481066106,0.5613218373521789,0.02111111111,0.2310766118609877,0.09810072096550249,0.02111111111,0.15194122260061274,0.02559902186776237,0.01583333333,0.3934611921872312,0.058077209732431606,0.01583333333,-0.05440348212348167,0.5397611139555747,-0.02111111111,-0.28660669781437503,0.12879697043453847,-0.02111111111,-0.39216670483445104,0.11033820116469142,-0.01583333333,-0.16478553549148617,0.02267673742879564,-0.01583333333
1.01,0.031150515266854382,0.9470790202076085,0.03166666667,0.031150515266854382,0.9470790202076085,-0.03166666667,0.07126530942386228,1.558805781522615,0.05277777778,0.07126530942386228,1.558805781522615,-0.05277777778,0.15913571982590557,0.5608341751942614,0.02111111111,0.22105384992950705,0.09553291803797681,0.02111111111,0.14045139637733928,0.024649044351118518,0.01583333333,0.38248990539746686,0.05300549947878673,0.01583333333,-0.04761623686055279,0.5390169070938025,-0.02111111111,-0.29130129878822253,0.13417718017239771,-0.02111111111,-0.3976402545664769,0.12040091621428384,-0.01583333333,-0.1751952462938061,0.02087731755213107,-0.01583333333
1.02,0.033484778940593145,0.9472350876379213,0.03166666667,0.033484778940593145,0.9472350876379213,-0.03166666667,0.07145843046663113,1.5590984947877404,0.05277777778,0.07145843046663113,1.5590984947877404,-0.05277777778,0.16042795906081703,0.560588165951595,0.02111111111,0.2106110296090029,0.09345930310729722,0.02111111111,0.12880565392972587,0.0239450267872222,0.01583333333,0.37114972250609746,0.04955910147175329,0.01583333333,-0.039236144871580225,0.5383312181133114,-0.02111111111,-0.2945695574826547,0.14013262659370884,-0.02111111111,-0.40152704025924224,0.13164754289923125,-0.01583333333,-0.185518936910654,0.018832527569535767,-0.01583333333
1.03,0.03532634351458174,0.9475498353236234,0.03166666667,0.03532634351458174,0.9475498353236234,-0.03166666667,0.07191339923165539,1.5594977208279053,0.05277777778,0.07191339923165539,1.5594977208279053,-0.05277777778,0.16213880171481365,0.5608350813745653,0.02111111111,0.19972464853913174,0.09205828468899557,0.02111111111,0.11695833673025098,0.023674279398867813,0.01583333333,0.35943071379214175,0.04804382510760217,0.01583333333,-0.02925479159105012,0.5377085760174756,-0.02111111111,-0.29613440309214184,0.14654738898698344,-0.02111111111,-0.40345006786416604,0.14399755301035766,-0.01583333333,-0.19578529228995367,0.016474733947235337,-0.01583333333
1.04,0.03704777215439317,0.9480573908289743,0.03166666667,0.03704777215439317,0.9480573908289743,-0.03166666667,0.07241654075581369,1.560076898219732,0.05277777778,0.07241654075581369,1.560076898219732,-0.05277777778,0.1628692140753859,0.5609749158875953,0.02111111111,0.1887489506813671,0.09102734644147087,0.02111111111,0.1050980264740648,0.02373184636108247,0.01583333333,0.3476950414895141,0.04682766203595554,0.01583333333,-0.01792987285675036,0.5373241564423668,-0.02111111111,-0.29566755863543387,0.15324110141381042,-0.02111111111,-0.40295311611630236,0.15726113369556483,-0.01583333333,-0.20603171112426039,0.0137038675887807,-0.01583333333
1.05,0.0386577407597794,0.9487274067867358,0.03166666667,0.0386577407597794,0.9487274067867358,-0.03166666667,0.07291495294971477,1.5608101386393671,0.05277777778,0.07291495294971477,1.5608101386393671,-0.05277777778,0.1624425281559732,0.5609188628064867,0.02111111111,0.17773555812771735,0.09022156428859057,0.02111111111,0.09323433945684341,0.0240130192027209,0.01583333333,0.3359770075286235,0.04552407434856179,0.01583333333,-0.005642622185867641,0.5372606788858381,-0.02111111111,-0.2929621522404345,0.15982531634114988,-0.02111111111,-0.3996706606187394,0.17101483333800502,-0.01583333333,-0.21646045808058412,0.010326470094047802,-0.01583333333
1.06,0.04009951308361405,0.9495200319479935,0.03166666667,0.04009951308361405,0.9495200319479935,-0.03166666667,0.07340440840580657,1.5616553202354635,0.05277777778,0.07340440840580657,1.5616553202354635,-0.05277777778,0.16093491218509678,0.5606894166850291,0.02111111111,0.16673075466074472,0.08957200736527049,0.02111111111,0.08144550790046684,0.02439908422722798,0.01583333333,0.3243303520139207,0.04424047772861982,0.01583333333,0.0070324127913198795,0.5375707430267258,-0.02111111111,-0.28794364004533474,0.16573463069558597,-0.02111111111,-0.3933543923407905,0.18453203921706754,-0.01583333333,-0.22723330142500922,0.006233100496040533,-0.01583333333
1.07,0.04132046332870375,0.9503301808830507,0.03166666667,0.04132046332870375,0.9503301808830507,-0.03166666667,0.07384656905601278,1.5625073445092532,0.05277777778,0.07384656905601278,1.5625073445092532,-0.05277777778,0.15853797979405693,0.5602829092670012,0.02111111111,0.15569798649904654,0.08898795937682524,0.02111111111,0.0697278191410404,0.024749495178202095,0.01583333333,0.3127275287739311,0.04313072240667129,0.01583333333,0.019827491430990198,0.5381909638394966,-0.02111111111,-0.28151310910004895,0.17123315058755784,-0.02111111111,-0.38496641558718525,0.19730701685066274,-0.01583333333,-0.2374861534437374,0.003306241918721503,-0.01583333333
1.08,0.04231950077074749,0.9510314802409716,0.03166666667,0.04231950077074749,0.9510314802409716,-0.03166666667,0.07415845678715186,1.5632447666853215,0.05277777778,0.07415845678715186,1.5632447666853215,-0.05277777778,0.15546769872215446,0.5596592257004365,0.02111111111,0.1446116176908163,0.08836848923014845,0.02111111111,0.05807831512425114,0.02492744469435057,0.01583333333,0.30115265233427,0.04229393501346362,0.01583333333,0.03286582967579243,0.5390212774531373,-0.02111111111,-0.27544636925163324,0.17770524535296212,-0.02111111111,-0.37693908597988524,0.20944160297502853,-0.01583333333,-0.24463030115698797,0.004792845698610826,-0.01583333333
1.09,0.04317128691087863,0.9516702563972246,0.03166666667,0.04317128691087863,0.9516702563972246,-0.03166666667,0.07430682555444691,1.5639197198127355,0.05277777778,0.07430682555444691,1.5639197198127355,-0.05277777778,0.15171468411382583,0.5588510366834574,0.02111111111,0.13345074866683146,0.08771572320036569,0.02111111111,0.046466365332468056,0.02494025213686791,0.01583333333,0.28958295621729147,0.041704846752760344,0.01583333333,0.04602961494242298,0.5401320987150742,-0.02111111111,-0.26986718058800924,0.18531792735488567,-0.02111111111,-0.3697679258373865,0.22116457105975695,-0.01583333333,-0.24814177611792226,0.009992110496092749,-0.01583333333
1.1,0.04384738417667344,0.9522988342094946,0.03166666667,0.04384738417667344,0.9522988342094946,-0.03166666667,0.07433020031679291,1.5645811425766185,0.05277777778,0.07433020031679291,1.5645811425766185,-0.05277777778,0.14722765124036463,0.5579237047318296,0.02111111111,0.12219698551946886,0.08706535640461549,0.02111111111,0.03485915294038197,0.024835967247008053,0.01583333333,0.2779939206343218,0.04133485007305815,0.01583333333,0.05923752579845054,0.5415974673351577,-0.02111111111,-0.2643085542805709,0.19373985274690164,-0.02111111111,-0.36305140182684636,0.23251184819466764,-0.01583333333,-0.24829089338422897,0.01753102556602998,-0.01583333333
1.11,0.04426517297995272,0.9529591527638622,0.03166666667,0.04426517297995272,0.9529591527638622,-0.03166666667,0.07429955428358069,1.5652636220917566,0.05277777778,0.07429955428358069,1.5652636220917566,-0.05277777778,0.14200468252705176,0.5569661080567931,0.02111111111,0.11086670981053406,0.0864749208594136,0.02111111111,0.02324486167564766,0.024703784211670632,0.01583333333,0.26638537810793267,0.04111773148633791,0.01583333333,0.07244049250743308,0.543488197101425,-0.02111111111,-0.25817202020970487,0.20244798712619733,-0.02111111111,-0.3561139592121004,0.24330087325766075,-0.01583333333,-0.2455078118337993,0.026153438185948757,-0.01583333333
1.12,0.044436627316258206,0.953682318459819,0.03166666667,0.044436627316258206,0.953682318459819,-0.03166666667,0.07423404915887935,1.5659983650164473,0.05277777778,0.07423404915887935,1.5659983650164473,-0.05277777778,0.13611403670466554,0.5560442692928086,0.02111111111,0.0994621986504135,0.08598593336861099,0.02111111111,0.011593065859010807,0.024625040504771732,0.01583333333,0.2547380456630537,0.04097273735128115,0.01583333333,0.0854927128647919,0.5458377501864189,-0.02111111111,-0.2512354231735941,0.21104776388327345,-0.02111111111,-0.3486494164306459,0.2533611889549881,-0.01583333333,-0.2403284671669694,0.0350648299686096,-0.01583333333
1.13,0.04440563977207497,0.9544964575078666,0.03166666667,0.04440563977207497,0.9544964575078666,-0.03166666667,0.0741447211180088,1.566815340329478,0.05277777778,0.0741447211180088,1.566815340329478,-0.05277777778,0.12955550777382782,0.5551933215964997,0.02111111111,0.08799238999608916,0.08561407043366676,0.02111111111,-9.92150128118624e-05,0.02462759042415682,0.01583333333,0.24305322502067384,0.0408639478314074,0.01583333333,0.09819289125913049,0.5486431574957118,-0.02111111111,-0.2433521729024079,0.21906260506951197,-0.02111111111,-0.3404947687246307,0.2622630907258835,-0.01583333333,-0.2328902077419109,0.04361271489311716,-0.01583333333
1.14,0.044195459425257475,0.9554133339986175,0.03166666667,0.044195459425257475,0.9554133339986175,-0.03166666667,0.07404927149507684,1.5677266338085318,0.05277777778,0.07404927149507684,1.5677266338085318,-0.05277777778,0.12237726272465271,0.5544524106938904,0.02111111111,0.07648689429540584,0.0853808094263167,0.02111111111,-0.01182120171717007,0.02475514826929972,0.01583333333,0.2313480611345773,0.04073757612715807,0.01583333333,0.11035260300197416,0.5518644872764444,-0.02111111111,-0.23451097143214625,0.2260970763723006,-0.02111111111,-0.3317361747649899,0.2694464358746105,-0.01583333333,-0.22277536247038893,0.05146875403494469,-0.01583333333
1.15,0.04384786513189557,0.9564489272825483,0.03166666667,0.04384786513189557,0.9564489272825483,-0.03166666667,0.07395727017192744,1.5687497119850846,0.05277777778,0.07395727017192744,1.5687497119850846,-0.05277777778,0.11466355898782686,0.5538673883485519,0.02111111111,0.06497568427687381,0.08531948938336653,0.02111111111,-0.023565589444755473,0.025069857536874386,0.01583333333,0.21963662720926652,0.04054274384370095,0.01583333333,0.12166545824651345,0.5554103131169317,-0.02111111111,-0.2245646512053971,0.23142352980180858,-0.02111111111,-0.3222569837753442,0.2740820101752916,-0.01583333333,-0.20978325992687452,0.057896002673066715,-0.01583333333
1.16,0.043402739650146634,0.9576129383701508,0.03166666667,0.043402739650146634,0.9576129383701508,-0.03166666667,0.07386601722726893,1.5698962191630086,0.05277777778,0.07386601722726893,1.5698962191630086,-0.05277777778,0.10655993632348967,0.553487560615191,0.02111111111,0.053532853820647944,0.08546977009200346,0.02111111111,-0.03529659681347323,0.025662616379050283,0.01583333333,0.20796539719483076,0.040165397739799755,0.01583333333,0.13180869364428974,0.5591421209528562,-0.02111111111,-0.21337151059408466,0.23428795393201923,-0.02111111111,-0.3119257062485255,0.2753020200726164,-0.01583333333,-0.19372783001912547,0.062191742397058825,-0.01583333333
1.17,0.042824617276361256,0.9588693809131554,0.03166666667,0.042824617276361256,0.9588693809131554,-0.03166666667,0.07376890855644874,1.5711285401393602,0.05277777778,0.07376890855644874,1.5711285401393602,-0.05277777778,0.09836140219464912,0.5533503949728469,0.02111111111,0.04223442960240959,0.08586730864113473,0.02111111111,-0.046973486464916885,0.026622805312236708,0.01583333333,0.19637785266442737,0.03954000857179367,0.01583333333,0.14077968107247055,0.562954717997657,-0.02111111111,-0.20096452199136536,0.23463350144954875,-0.02111111111,-0.3007361497666536,0.2729988634815501,-0.01583333333,-0.1746015977465989,0.0644879448638577,-0.01583333333
1.18,0.042142351636784495,0.9601799037149817,0.03166666667,0.042142351636784495,0.9601799037149817,-0.03166666667,0.07363119247159003,1.5724112979786917,0.05277777778,0.07363119247159003,1.5724112979786917,-0.05277777778,0.09021480947203314,0.5534313991951609,0.02111111111,0.031000188665238126,0.08649955332091352,0.02111111111,-0.05863342052636284,0.02788930201638866,0.01583333333,0.18481105946608173,0.03891262081346995,0.01583333333,0.1486117703577707,0.5667392903205344,-0.02111111111,-0.18730261612818508,0.23248480599798854,-0.02111111111,-0.28850891408387386,0.26729244942231967,-0.01583333333,-0.15278650994187612,0.06489146768060464,-0.01583333333
1.19,0.04142279908019594,0.9615078100071958,0.03166666667,0.04142279908019594,0.9615078100071958,-0.03166666667,0.07342157184967235,1.5737127640548199,0.05277777778,0.07342157184967235,1.5737127640548199,-0.05277777778,0.08202673629637414,0.553659478235992,0.02111111111,0.01969604350184434,0.08730486537829169,0.02111111111,-0.0703400949515986,0.02930704389815452,0.01583333333,0.1731781206252322,0.03855945322599782,0.01583333333,0.15538831327625052,0.5703986608255023,-0.02111111111,-0.17235733581001617,0.22805135633189255,-0.02111111111,-0.2750661061045215,0.2585201447580593,-0.01583333333,-0.1287084088636036,0.06367109329916798,-0.01583333333
1.2,0.04068181400187726,0.9628068186693565,0.03166666667,0.04068181400187726,0.9628068186693565,-0.03166666667,0.0731387525406246,1.574987653357848,0.05277777778,0.0731387525406246,1.574987653357848,-0.05277777778,0.073716001947598,0.5539750735696591,0.02111111111,0.00830953705805522,0.08822085081900038,0.02111111111,-0.08209450694674453,0.03079472556402245,0.01583333333,0.16147898969754815,0.03845502115665847,0.01583333333,0.16126010585350425,0.5738751958875516,-0.02111111111,-0.15612783542429287,0.22174260213682895,-0.02111111111,-0.2602650925403209,0.24725070575902452,-0.01583333333,-0.10281511135508867,0.06125008258570333,-0.01583333333
1.21,0.03989996615698697,0.9640244902161973,0.03166666667,0.03989996615698697,0.9640244902161973,-0.03166666667,0.0728005487631164,1.5761816423294301,0.05277777778,0.0728005487631164,1.5761816423294301,-0.05277777778,0.06528113783942124,0.5543330026214934,0.02111111111,-0.0031304589079679396,0.08919790513511477,0.02111111111,-0.09388345225119807,0.03232253618456639,0.01583333333,0.1497329365945656,0.038469363158178,0.01583333333,0.16636176888583498,0.5771273784235058,-0.02111111111,-0.13871608648569783,0.21406766802363575,-0.02111111111,-0.24412882178693646,0.23399976507922013,-0.01583333333,-0.07519894784535702,0.058359718147502626,-0.01583333333
1.22,0.039096122569613236,0.9651346976151368,0.03166666667,0.039096122569613236,0.9651346976151368,-0.03166666667,0.07241094719886615,1.577269445590718,0.05277777778,0.07241094719886615,1.577269445590718,-0.05277777778,0.0566350389799745,0.5547010016559767,0.02111111111,-0.014606379667295992,0.0901948347422879,0.02111111111,-0.10569284474986047,0.03385089813376869,0.01583333333,0.13795642855330445,0.03851566125031469,0.01583333333,0.17074128802334695,0.5801067144518226,-0.02111111111,-0.11991488179513449,0.2051626448891038,-0.02111111111,-0.22629524274273877,0.2193181141117089,-0.01583333333,-0.046731912506413176,0.05456454410324421,-0.01583333333
1.23,0.03824011234075426,0.9660886460889091,0.03166666667,0.03824011234075426,0.9660886460889091,-0.03166666667,0.0719948552782434,1.5781992933974085,0.05277777778,0.0719948552782434,1.5781992933974085,-0.05277777778,0.047819094897587754,0.5550463031286124,0.02111111111,-0.026111093516629907,0.09117779339308868,0.02111111111,-0.117520278030002,0.0353529737808034,0.01583333333,0.12615268773459024,0.03854893241346218,0.01583333333,0.1745146234501103,0.5827923006211158,-0.02111111111,-0.09994468609363377,0.1955995610582577,-0.02111111111,-0.2069836880738755,0.20366226153837025,-0.01583333333,-0.017211435689560087,0.05077923232623849,-0.01583333333
1.24,0.037251368116791826,0.9668653368661837,0.03166666667,0.037251368116791826,0.9668653368661837,-0.03166666667,0.07160868306506177,1.5789424579291684,0.05277777778,0.07160868306506177,1.5789424579291684,-0.05277777778,0.039038175761137196,0.555372672643317,0.02111111111,-0.03760004247254323,0.09215741994359372,0.02111111111,-0.12933938476017132,0.036869777859319254,0.01583333333,0.11434882233516025,0.038538944944015156,0.01583333333,0.17757332587893618,0.5851338931740744,-0.02111111111,-0.07869678315600956,0.18545338357051722,-0.02111111111,-0.18603818504245978,0.18717867413725714,-0.01583333333,0.013273370893226388,0.04695873237935427,-0.01583333333
1.25,0.03598253435338162,0.9674272713094016,0.03166666667,0.03598253435338162,0.9674272713094016,-0.03166666667,0.07133104175685043,1.57944794926363,0.05277777778,0.07133104175685043,1.57944794926363,-0.05277777778,0.03066834597165789,0.5556591045482157,0.02111111111,-0.04903320694870277,0.09313578509999665,0.02111111111,-0.14113371729617075,0.038447598690468314,0.01583333333,0.10256020540306895,0.03846846854483156,0.01583333333,0.17995391420985604,0.5871513328972571,-0.02111111111,-0.05632016445180668,0.17516073687039962,-0.02111111111,-0.16356831895158336,0.17022381700167652,-0.01583333333,0.04479209821203309,0.04384080803489512,-0.01583333333
1.26,0.034390149127780524,0.9677660102581944,0.03166666667,0.034390149127780524,0.9677660102581944,-0.03166666667,0.07119690628145767,1.5797007207028926,0.05277777778,0.07119690628145767,1.5797007207028926,-0.05277777778,0.022820157415722474,0.5558700598303317,0.02111111111,-0.06040469284208266,0.09409131358903416,0.02111111111,-0.15289901432927067,0.040072362421716114,0.01583333333,0.09078870314225208,0.038333181691280686,0.01583333333,0.18162677765137555,0.5888304638186983,-0.02111111111,-0.03276293058547752,0.16492426347746725,-0.02111111111,-0.1394848745781667,0.1532137807306984,-0.01583333333,0.07696510108600321,0.04124889145252304,-0.01583333333
1.27,0.032444535679455544,0.9678593525627501,0.03166666667,0.032444535679455544,0.9678593525627501,-0.03166666667,0.0712307175803347,1.5796717905801203,0.05277777778,0.0712307175803347,1.5796717905801203,-0.05277777778,0.015543417374131703,0.5559503705281208,0.02111111111,-0.07171793149313023,0.09498290469563803,0.02111111111,-0.16463107987271328,0.04169556815660307,0.01583333333,0.07903690064305897,0.03813977465035996,0.01583333333,0.1827323047857908,0.5902097195243237,-0.02111111111,-0.008326232020541974,0.15524777935735512,-0.02111111111,-0.1140633213587722,0.13665197673770269,-0.01583333333,0.10959398866986339,0.03988351045426616,-0.01583333333
1.28,0.030341678304621974,0.9677326755125529,0.03166666667,0.030341678304621974,0.9677326755125529,-0.03166666667,0.07136767796709734,1.57939900168304,0.05277777778,0.07136767796709734,1.57939900168304,-0.05277777778,0.008431242180975816,0.5558846711597691,0.02111111111,-0.08303877242279176,0.09577930255807338,0.02111111111,-0.1763665564146648,0.04323411223833106,0.01583333333,0.06726897417359333,0.037899636531032475,0.01583333333,0.18308286015784783,0.5911422951681031,-0.02111111111,0.017021953804418843,0.1460806079085215,-0.02111111111,-0.08726505638831361,0.12059567370412455,-0.01583333333,0.14250854822499326,0.03941181435325633,-0.01583333333
1.29,0.028415299840946838,0.9674248568840084,0.03166666667,0.028415299840946838,0.9674248568840084,-0.03166666667,0.07148531624873791,1.5789506543004697,0.05277777778,0.07148531624873791,1.5789506543004697,-0.05277777778,0.0006919852280142195,0.5557022399841436,0.02111111111,-0.09444323646411759,0.09644252735680409,0.02111111111,-0.18812833165289744,0.04454654329523995,0.01583333333,0.055467721304897105,0.03764064874947845,0.01583333333,0.18251736885638284,0.5914375381949926,-0.02111111111,0.04322363158630027,0.13743717969264568,-0.02111111111,-0.05912923364214939,0.10505833621333248,-0.01583333333,0.1756764957513302,0.03984332383052425,-0.01583333333
1.3,0.02656346261129711,0.9669243710394351,0.03166666667,0.02656346261129711,0.9669243710394351,-0.03166666667,0.07164080793863475,1.578305479806664,0.05277777778,0.07164080793863475,1.578305479806664,-0.05277777778,-0.007345961129486055,0.5554157181231555,0.02111111111,-0.10589270817135772,0.09700509934248475,0.02111111111,-0.19990191730974138,0.04570778510933877,0.01583333333,0.04364906999981791,0.037362428518233855,0.01583333333,0.18107351288911536,0.591133881276602,-0.02111111111,0.07002768631812398,0.1296902069771499,-0.02111111111,-0.029865418218858963,0.0903822412870571,-0.01583333333,0.20893467354230033,0.041789602225613495,-0.01583333333
1.31,0.024634303197872267,0.9662426617327028,0.03166666667,0.024634303197872267,0.9662426617327028,-0.03166666667,0.07192093819636836,1.577456864258892,0.05277777778,0.07192093819636836,1.577456864258892,-0.05277777778,-0.015177190851901612,0.5550315546998236,0.02111111111,-0.11731510583326754,0.09751844825657796,0.02111111111,-0.21165289494413764,0.04684064234918005,0.01583333333,0.03184417830172154,0.03704759804240208,0.01583333333,0.1785141834067833,0.5902064699093366,-0.02111111111,0.09769968340713207,0.12296118245559529,-0.02111111111,0.000734540639967772,0.07689888933893607,-0.01583333333,0.24228823202788827,0.044672462714764646,-0.01583333333
1.32,0.02263768944765648,0.9653730251063739,0.03166666667,0.02263768944765648,0.9653730251063739,-0.03166666667,0.07232086892889111,1.5763970908319735,0.05277777778,0.07232086892889111,1.5763970908319735,-0.05277777778,-0.022720162148534097,0.5545273179042411,0.02111111111,-0.12870812607361398,0.09797602636380076,0.02111111111,-0.22338152573200526,0.04794589324687326,0.01583333333,0.020052598451650833,0.03669620084973951,0.01583333333,0.17511557565560212,0.5887674452004581,-0.02111111111,0.12578983341302002,0.11777438860080386,-0.02111111111,0.032121068169710616,0.06532195793922556,-0.01583333333,0.2752458659323584,0.048676805222429995,-0.01583333333
1.33,0.020690843029652375,0.9643212459313376,0.03166666667,0.020690843029652375,0.9643212459313376,-0.03166666667,0.07278850914306201,1.5751441829636186,0.05277777778,0.07278850914306201,1.5751441829636186,-0.05277777778,-0.02993416087895326,0.553894632954153,0.02111111111,-0.14007448813174764,0.09838757560909822,0.02111111111,-0.23509145186888308,0.04903727994514524,0.01583333333,0.008270465217404183,0.036320924013476925,0.01583333333,0.17102680548221352,0.5868441913909834,-0.02111111111,0.1535079676024825,0.11439403664390851,-0.02111111111,0.06358455651604972,0.055745100858760825,-0.01583333333,0.3072769177246346,0.05487246996405037,-0.01583333333
1.34,0.018914826094423826,0.9631058391714327,0.03166666667,0.018914826094423826,0.9631058391714327,-0.03166666667,0.07326109376919894,1.5737328205676266,0.05277777778,0.07326109376919894,1.5737328205676266,-0.05277777778,-0.03674768915571979,0.5531391782807268,0.02111111111,-0.1513938670307271,0.09877972866160617,0.02111111111,-0.24676951986553308,0.050156778264362066,0.01583333333,-0.003491865854581444,0.03591910096005654,0.01583333333,0.1664468602419787,0.5844993006164318,-0.02111111111,0.179990882854946,0.1128728839634055,-0.02111111111,0.09424573214176987,0.04826617009876805,-0.01583333333,0.3374608598957644,0.06353476622617799,-0.01583333333
1.35,0.01737523273395359,0.9617562222562631,0.03166666667,0.01737523273395359,0.9617562222562631,-0.03166666667,0.07369455971979753,1.5722043860073451,0.05277777778,0.07369455971979753,1.5722043860073451,-0.05277777778,-0.043063692652541216,0.5522752561104243,0.02111111111,-0.1626421573139515,0.09919223251849935,0.02111111111,-0.25840306091681886,0.05136879690906189,0.01583333333,-0.015227523718142871,0.035482119968015875,0.01583333333,0.1616648162036544,0.5818660338721772,-0.02111111111,0.20453169444000074,0.11307128725096144,-0.02111111111,0.1231595357256774,0.04303545474305064,-0.01583333333,0.36490436854259306,0.07379523696619614,-0.01583333333
1.36,0.016139167570707737,0.9603044419385284,0.03166666667,0.016139167570707737,0.9603044419385284,-0.03166666667,0.07403945136338429,1.5706046830952345,0.05277777778,0.07403945136338429,1.5706046830952345,-0.05277777778,-0.04880858652077991,0.5513209325957746,0.02111111111,-0.17379227845245784,0.09966829714585662,0.02111111111,-0.2699743960113592,0.05273884408383969,0.01583333333,-0.02692660204877015,0.03500474568519847,0.01583333333,0.1570896317597044,0.5791195635667625,-0.02111111111,0.22624950973081143,0.1145944381991939,-0.02111111111,0.1492987910592008,0.03972804047079417,-0.01583333333,0.3887027820664205,0.08525229209461434,-0.01583333333
1.37,0.015260015622149181,0.958791774420085,0.03166666667,0.015260015622149181,0.958791774420085,-0.03166666667,0.07425478514820263,1.5689871893387601,0.05277777778,0.07425478514820263,1.5689871893387601,-0.05277777778,-0.053922822215405355,0.5503043938584922,0.02111111111,-0.1848098779115091,0.10026032424894149,0.02111111111,-0.2814587419379468,0.054343483511038466,0.01583333333,-0.03857570508923597,0.03447997910618521,0.01583333333,0.1530604580712221,0.5764104233242177,-0.02111111111,0.2445213413904149,0.11682808788445526,-0.02111111111,0.1718572533864835,0.03779744056949315,-0.01583333333,0.40822330330073886,0.09710864392961345,-0.01583333333
1.38,0.014795221089368555,0.9572642077052044,0.03166666667,0.014795221089368555,0.9572642077052044,-0.03166666667,0.07430570905497812,1.5674095420652248,0.05277777778,0.07430570905497812,1.5674095420652248,-0.05277777778,-0.05836879538039871,0.5492618743944749,0.02111111111,-0.19565656779953852,0.10102680720271717,0.02111111111,-0.292826906366809,0.056266661126665035,0.01583333333,-0.05016191510095333,0.033896359160978766,0.01583333333,0.14977070936466297,0.57382815234543,-0.02111111111,0.25894264292688446,0.11907107139152867,-0.02111111111,0.19027318371340102,0.036555290090742106,-0.01583333333,0.4230984636847581,0.1085213751749888,-0.01583333333
1.39,0.014761916618610186,0.9557714906521717,0.03166666667,0.014761916618610186,0.9557714906521717,-0.03166666667,0.0741809198820958,1.5659257410433167,0.05277777778,0.0741809198820958,1.5659257410433167,-0.05277777778,-0.06212465652303897,0.5482337063728289,0.02111111111,-0.20628480326405707,0.10202486381523862,0.02111111111,-0.3040378041222788,0.05858862998186452,0.01583333333,-0.06166546829738703,0.03324342880137145,0.01583333333,0.14730376280904192,0.5714378653368781,-0.02111111111,0.26953075393110937,0.12077377941710427,-0.02111111111,0.20407659228367636,0.03569787072189857,-0.01583333333,0.4336312011727166,0.11749890943103489,-0.01583333333
1.4,0.01511559020250975,0.9543480831203041,0.03166666667,0.01511559020250975,0.9543480831203041,-0.03166666667,0.07390472193180567,1.5645633444910123,0.05277777778,0.07390472193180567,1.5645633444910123,-0.05277777778,-0.06513028042579037,0.5472352533875582,0.02111111111,-0.21665961489807556,0.10329833754440026,0.02111111111,-0.31506034127345023,0.061377715019126894,0.01583333333,-0.07308137830349465,0.03251753698643439,0.01583333333,0.14582260432018668,0.5693410491412938,-0.02111111111,0.2763012385106638,0.12151289762797063,-0.02111111111,0.2129751406335548,0.03485217350772549,-0.01583333333,0.4401857255263034,0.12295483242781076,-0.01583333333
1.41,0.015769647916263962,0.9530168504655168,0.03166666667,0.015769647916263962,0.9530168504655168,-0.03166666667,0.07352781275823729,1.5633305580072152,0.05277777778,0.07352781275823729,1.5633305580072152,-0.05277777778,-0.06732565394245821,0.546264665693212,0.02111111111,-0.22674343445610745,0.10487609482918608,0.02111111111,-0.32585657790755995,0.06468437242366473,0.01583333333,-0.08440331768250309,0.031713908023162346,0.01583333333,0.14550134489346994,0.5676462010701504,-0.02111111111,0.2794064056376536,0.12105986616921888,-0.02111111111,0.21684270929832958,0.03384824854765252,-0.01583333333,0.4432481787332081,0.123999742190665,-0.01583333333
1.42,0.01666305079794777,0.9517913150343229,0.03166666667,0.01666305079794777,0.9517913150343229,-0.03166666667,0.07310051503444787,1.562228568033974,0.05277777778,0.07310051503444787,1.562228568033974,-0.05277777778,-0.06869064668186604,0.5453174648208896,0.02111111111,-0.23649582665212815,0.10677808153806495,0.02111111111,-0.33638098777997505,0.06854473239516104,0.01583333333,-0.09562403528796956,0.03082446963287308,0.01583333333,0.1463795215432919,0.5663975985619585,-0.02111111111,0.2790934050096145,0.11939060893761505,-0.02111111111,0.21579793989509655,0.03269632507590641,-0.01583333333,0.4432325515407615,0.12021904110825649,-0.01583333333
1.43,0.01776565170778613,0.9506743231752641,0.03166666667,0.01776565170778613,0.9506743231752641,-0.03166666667,0.0726694874670198,1.5612514239890185,0.05277777778,0.0726694874670198,1.5612514239890185,-0.05277777778,-0.06920836081423473,0.5443831122523766,0.02111111111,-0.24588026330761453,0.10902198144782632,0.02111111111,-0.346588813606084,0.07299215405005931,0.01583333333,-0.10674482910896921,0.029845989717159654,0.01583333333,0.14834979732259096,0.5655716093106068,-0.02111111111,0.275613847139603,0.11665043619418325,-0.02111111111,0.21023229483334277,0.0315004690416838,-0.01583333333,0.440245772059857,0.1120022000184873,-0.01583333333
1.44,0.019140277485395582,0.9496689564657138,0.03166666667,0.019140277485395582,0.9496689564657138,-0.03166666667,0.07224983445097252,1.5604047440024573,0.05277777778,0.07224983445097252,1.5604047440024573,-0.05277777778,-0.06887296383650693,0.5434645257009445,0.02111111111,-0.2548487051834321,0.1116365647225217,0.02111111111,-0.3564229071275512,0.07807554668608135,0.01583333333,-0.11776885171632193,0.02877067642088614,0.01583333333,0.1509427559924645,0.5649833803929663,-0.02111111111,0.26941813377334634,0.11315536293397016,-0.02111111111,0.20102159920458537,0.030398745684431128,-0.01583333333,0.43439632359493524,0.10056259971071764,-0.01583333333
1.45,0.020909955641203345,0.9487924979701351,0.03166666667,0.020909955641203345,0.9487924979701351,-0.03166666667,0.07185437992167945,1.5597126996773114,0.05277777778,0.07185437992167945,1.5597126996773114,-0.05277777778,-0.06764894001504582,0.5425840763771193,0.02111111111,-0.26331923450984884,0.11466909859889074,0.02111111111,-0.3657915514740334,0.08387126049710066,0.01583333333,-0.12868552060845712,0.027591081719255256,0.01583333333,0.1530213378646555,0.5641902708319875,-0.02111111111,0.261758982433919,0.10943221252917179,-0.02111111111,0.19032013729336722,0.029296118677171315,-0.01583333333,0.42666958760574314,0.08867343533203163,-0.01583333333
1.46,0.023032578013094752,0.9480670307470279,0.03166666667,0.023032578013094752,0.9480670307470279,-0.03166666667,0.07151773907721233,1.5591873269046608,0.05277777778,0.07151773907721233,1.5591873269046608,-0.05277777778,-0.06542036260039587,0.5417406834231823,0.02111111111,-0.271191818267234,0.11816052392187737,0.02111111111,-0.3745812271622002,0.09045960268715238,0.01583333333,-0.13948401562657342,0.026303312860927158,0.01583333333,0.15433469502051075,0.5631362289288622,-0.02111111111,0.25357266796080014,0.1058069284991131,-0.02111111111,0.1794565637927535,0.02816188361660618,-0.01583333333,0.41804777245056013,0.07776998323048781,-0.01583333333
1.47,0.025398744760512446,0.9475153621037599,0.03166666667,0.025398744760512446,0.9475153621037599,-0.03166666667,0.07125388633116718,1.5588386261881078,0.05277777778,0.07125388633116718,1.5588386261881078,-0.05277777778,-0.06204794948936097,0.5409251144605007,0.02111111111,-0.2783506548768775,0.12215134780022774,0.02111111111,-0.38265703614958424,0.09792971669591265,0.01583333333,-0.15016340282440685,0.024899319878205428,0.01583333333,0.15541344241468752,0.5620816557425568,-0.02111111111,0.24495655937260308,0.10237954506203717,-0.02111111111,0.16846674807607503,0.02709661935085364,-0.01583333333,0.4087064678928826,0.06798189076288677,-0.01583333333
1.48,0.027866842810319797,0.9471529006889238,0.03166666667,0.027866842810319797,0.9471529006889238,-0.03166666667,0.07109594247734079,1.5586674730101278,0.05277777778,0.07109594247734079,1.5586674730101278,-0.05277777778,-0.057360292573053806,0.5401209261588185,0.02111111111,-0.28464779481807434,0.12668333199925225,0.02111111111,-0.38984425896623864,0.106385419250953,0.01583333333,-0.16072902616128903,0.023361696780640012,0.01583333333,0.15671788391343924,0.5612634101414469,-0.02111111111,0.2357395375821324,0.09923189744673139,-0.02111111111,0.15726632459394388,0.026027807712659674,-0.01583333333,0.39856800472545173,0.06008992100301901,-0.01583333333
1.49,0.030374775021474613,0.9470034792358,0.03166666667,0.030374775021474613,0.9470034792358,-0.03166666667,0.07105614171454408,1.558692823284877,0.05277777778,0.07105614171454408,1.558692823284877,-0.05277777778,-0.05120547519328121,0.5393452230126512,0.02111111111,-0.2898725857846331,0.13180373785401317,0.02111111111,-0.3958930138484319,0.1159458585765135,0.01583333333,-0.17117936191445043,0.02165639452783391,0.01583333333,0.15807681757160996,0.5606667194653092,-0.02111111111,0.22595487036189704,0.09645160880233217,-0.02111111111,0.14585996492836456,0.02501484068626414,-0.01583333333,0.38781051018128976,0.0541122984430171,-0.01583333333
1.5,0.03259870726930342,0.9470386621898692,0.03166666667,0.03259870726930342,0.9470386621898692,-0.03166666667,0.07125351575694405,1.5588594145348598,0.05277777778,0.07125351575694405,1.5588594145348598,-0.05277777778,-0.0434329472883606,0.53856508326193,0.02111111111,-0.2938007133697498,0.13749638697332967,0.02111111111,-0.4005179456788305,0.12666280753473888,0.01583333333,-0.1815352747105459,0.01973611202940749,0.01583333333,0.1598761673603701,0.5605204356588189,-0.02111111111,0.2156430128675279,0.0942277136624512,-0.02111111111,0.13424640452131256,0.024250116590506764,-0.01583333333,0.3765468243520915,0.05027385471403638,-0.01583333333
1.51,0.034423506058147084,0.9472496903771118,0.03166666667,0.034423506058147084,0.9472496903771118,-0.03166666667,0.07168727774708342,1.5591567409482923,0.05277777778,0.07168727774708342,1.5591567409482923,-0.05277777778,-0.03400072122120372,0.5378326317184623,0.02111111111,-0.2961366489268159,0.14372924274481236,0.02111111111,-0.40333809745927446,0.13856741577452764,0.01583333333,-0.19182479607643393,0.017534974940569825,0.01583333333,0.161998174997197,0.5608151808492037,-0.02111111111,0.20491578732877047,0.09266210484480097,-0.02111111111,0.12247198133011136,0.023895162648924564,-0.01583333333,0.36493560668527836,0.04835162959987773,-0.01583333333
1.52,0.036153897352924,0.9476683031524662,0.03166666667,0.036153897352924,0.9476683031524662,-0.03166666667,0.07216776818072121,1.5596501887726248,0.05277777778,0.07216776818072121,1.5596501887726248,-0.05277777778,-0.023084284895971946,0.5373085612287163,0.02111111111,-0.29655184866335754,0.15039195190979393,0.02111111111,-0.40390663767577417,0.1515700993577104,0.01583333333,-0.20209607548577302,0.014971324163166572,0.01583333333,0.16327833677125964,0.5610547446355674,-0.02111111111,0.19397471993019216,0.09151614930374785,-0.02111111111,0.11061808251969191,0.023852603141854258,-0.01583333333,0.3531994287681084,0.047112415015549705,-0.01583333333
1.53,0.037877731939343864,0.9482796498014155,0.03166666667,0.037877731939343864,0.9482796498014155,-0.03166666667,0.0726119368058527,1.5603354987494487,0.05277777778,0.0726119368058527,1.5603354987494487,-0.05277777778,-0.011041018762536249,0.5370979952289205,0.02111111111,-0.2947904196652364,0.15714677811850697,0.02111111111,-0.4018177230050486,0.16528884909963246,0.01583333333,-0.21245832685369778,0.011894757018843238,0.01583333333,0.16326242799299878,0.5610342303217888,-0.02111111111,0.1829029032667711,0.09058555690834375,-0.02111111111,0.0987155510752607,0.023969785796900227,-0.01583333333,0.3414153098759459,0.045959680616635364,-0.01583333333
1.54,0.03946918879500682,0.9490358959004402,0.03166666667,0.03946918879500682,0.9490358959004402,-0.03166666667,0.07304625547449331,1.561156315272648,0.05277777778,0.07304625547449331,1.561156315272648,-0.05277777778,0.0016004688204813294,0.5372528098825609,0.02111111111,-0.29072503578479053,0.16345717934194504,0.02111111111,-0.3967751990912082,0.17906249913731037,0.01583333333,-0.22307258490579276,0.008141083799013599,0.01583333333,0.16213004165805736,0.5608299831621419,-0.02111111111,0.17183423049783628,0.08983869225171504,-0.02111111111,0.08686686234455351,0.024241790223092412,-0.01583333333,0.3296948710655499,0.04476705701038537,-0.01583333333
1.55,0.04086360982548856,0.9498883448375545,0.03166666667,0.04086360982548856,0.9498883448375545,-0.03166666667,0.07347294470928323,1.5620610806708672,0.05277777778,0.07347294470928323,1.5620610806708672,-0.05277777778,0.014332485571680549,0.5377854805401499,0.02111111111,-0.284390301668084,0.16879444589396309,0.02111111111,-0.38864236382398376,0.1921834286301501,0.01583333333,-0.2341424401256097,0.0037252052136845792,0.01583333333,0.15996851405939297,0.560466036401263,-0.02111111111,0.16076618103761955,0.08921263337046326,-0.02111111111,0.07509893430239117,0.024559119200043722,-0.01583333333,0.31804342533249824,0.04365630941787585,-0.01583333333
1.56,0.041962721841793255,0.9506352611551919,0.03166666667,0.041962721841793255,0.9506352611551919,-0.03166666667,0.07382374627485533,1.562847399503724,0.05277777778,0.07382374627485533,1.562847399503724,-0.05277777778,0.027323074461208588,0.5385199695509635,0.02111111111,-0.27804997855538777,0.17478855670745425,0.02111111111,-0.38025307957852406,0.20456124090540906,0.01583333333,-0.24275667539912604,0.003361173226917813,0.01583333333,0.15716216759453094,0.5599198306228623,-0.02111111111,0.14968480821474986,0.08859811116469113,-0.02111111111,0.06341277975322171,0.024787814601305184,-0.01583333333,0.30644482557608216,0.04273643848306542,-0.01583333333
1.57,0.042878296429565046,0.9512947631395441,0.03166666667,0.042878296429565046,0.9512947631395441,-0.03166666667,0.07402885636463649,1.5635434624725337,0.05277777778,0.07402885636463649,1.5635434624725337,-0.05277777778,0.04050318118428527,0.5395046915802924,0.02111111111,-0.27225345956219354,0.18195290421064858,0.02111111111,-0.3726858394835809,0.2164220748736923,0.01583333333,-0.2476838330097108,0.007230232839638834,0.01583333333,0.15368112871159892,0.5591727011982628,-0.02111111111,0.13854025589567645,0.08794598846748886,-0.02111111111,0.05178197196837472,0.02484160083918481,-0.01583333333,0.29486518031372067,0.04208347476944424,-0.01583333333
1.58,0.04360625126061541,0.9519132545248137,0.03166666667,0.04360625126061541,0.9519132545248137,-0.03166666667,0.07409549828695906,1.5641952426928252,0.05277777778,0.07409549828695906,1.5641952426928252,-0.05277777778,0.053740906598434696,0.5408090768082358,0.02111111111,-0.266826473211566,0.1901928895829635,0.02111111111,-0.3659329574381046,0.2280133420887107,0.01583333333,-0.24915677571093547,0.01412072469082809,0.01583333333,0.14961203646872617,0.5583146856781642,-0.02111111111,0.1273590702671063,0.08731291601213009,-0.02111111111,0.04018791796785457,0.024830111968504744,-0.01583333333,0.2833055647172966,0.04157938762768944,-0.01583333333
1.59,0.04408934575209298,0.952553349241186,0.03166666667,0.04408934575209298,0.952553349241186,-0.03166666667,0.07409213095545006,1.5648593675843405,0.05277777778,0.07409213095545006,1.5648593675843405,-0.05277777778,0.06700689875642003,0.5425246425177823,0.02111111111,-0.2608913337548899,0.1988174248308348,0.02111111111,-0.35905661484730483,0.239031414994129,0.01583333333,-0.24744829206617647,0.022397367157512893,0.01583333333,0.14472377717667223,0.5573754569553349,-0.02111111111,0.11609002745504922,0.08670374246283236,-0.02111111111,0.02860006176910545,0.02472389685636999,-0.01583333333,0.2717310999694213,0.041277647480635914,-0.01583333333
1.6,0.04432190472508035,0.9532449763473503,0.03166666667,0.04432190472508035,0.9532449763473503,-0.03166666667,0.07404272837909287,1.5655647456350432,0.05277777778,0.07404272837909287,1.5655647456350432,-0.05277777778,0.08018160950081132,0.5446932975900427,0.02111111111,-0.25425102601122557,0.2075143593313461,0.02111111111,-0.3517892150854779,0.24941188588046626,0.01583333333,-0.24311525364599776,0.03129105124712772,0.01583333333,0.1391624752537434,0.5564497044558538,-0.02111111111,0.10474680698552957,0.08618347930661296,-0.02111111111,0.016980569378642264,0.024652510931986144,-0.01583333333,0.26012170427199616,0.04105729434615275,-0.01583333333
1.61,0.044362775107477645,0.9540204620795122,0.03166666667,0.044362775107477645,0.9540204620795122,-0.03166666667,0.07395003012854229,1.566346699929504,0.05277777778,0.07395003012854229,1.566346699929504,-0.05277777778,0.0930740014623408,0.5473231635331892,0.02111111111,-0.24675554442056713,0.21585074138307236,0.02111111111,-0.34394313949411975,0.2588241496976348,0.01583333333,-0.2364345929674002,0.04012654838521526,0.01583333333,0.13290150151014712,0.5555647086986837,-0.02111111111,0.09330955967375523,0.08576007412690351,-0.02111111111,0.005306700800733838,0.024624091164264512,-0.01583333333,0.24845537948308902,0.04091668000455127,-0.01583333333
1.62,0.04422159470589691,0.9548983274283496,0.03166666667,0.04422159470589691,0.9548983274283496,-0.03166666667,0.07383928953356098,1.5672230936858493,0.05277777778,0.07383928953356098,1.5672230936858493,-0.05277777778,0.10549145726303709,0.5503909163530116,0.02111111111,-0.23826053485854598,0.22331406617731675,0.02111111111,-0.3353773081053101,0.26675221994914994,0.01583333333,-0.22740995246690138,0.04828076068606177,0.01583333333,0.12600884232837992,0.5547763724385437,-0.02111111111,0.08181911761043476,0.08546982399996345,-0.02111111111,-0.0064073584560925476,0.024707293666826863,-0.01583333333,0.2367556640977941,0.04078438477659607,-0.01583333333
1.63,0.043978371234236396,0.9558899682280572,0.03166666667,0.043978371234236396,0.9558899682280572,-0.03166666667,0.07370677286962443,1.5682093696481094,0.05277777778,0.07370677286962443,1.5682093696481094,-0.05277777778,0.11721349144291428,0.5538192561192481,0.02111111111,-0.2288289761996452,0.2295093512898954,0.02111111111,-0.32630669834498566,0.2725235054395192,0.01583333333,-0.21535157780075254,0.055554176682875434,0.01583333333,0.11840911238259023,0.5540813703195759,-0.02111111111,0.07026348781856986,0.08529435730821411,-0.02111111111,-0.018159497319220216,0.02486141604094874,-0.01583333333,0.22501969733284488,0.040692009348429814,-0.01583333333
1.64,0.043652704672143716,0.9570112877201954,0.03166666667,0.043652704672143716,0.9570112877201954,-0.03166666667,0.07357079251431496,1.5693214503331268,0.05277777778,0.07357079251431496,1.5693214503331268,-0.05277777778,0.12793761884824043,0.5574995130869727,0.02111111111,-0.21815346219534854,0.23353428205644045,0.02111111111,-0.31631621660716125,0.27533895826061,0.01583333333,-0.20063522504932998,0.06085204353551352,0.01583333333,0.11022638454332347,0.553547829254176,-0.02111111111,0.05870234220410211,0.08528856136667834,-0.02111111111,-0.029931608033823137,0.025195129328794107,-0.01583333333,0.21327953899645993,0.04052700319691112,-0.01583333333
1.65,0.043218805577370414,0.9582415540611882,0.03166666667,0.043218805577370414,0.9582415540611882,-0.03166666667,0.07344553779234633,1.570536558024809,0.05277777778,0.07344553779234633,1.570536558024809,-0.05277777778,0.13747967502012165,0.5613001408569365,0.02111111111,-0.20625779399637076,0.23503504818468995,0.02111111111,-0.30548996424430214,0.27463261265505473,0.01583333333,-0.1828128823655819,0.06406893587813392,0.01583333333,0.10172990316794689,0.5532367117413871,-0.02111111111,0.047229673029729274,0.08550659586916837,-0.02111111111,-0.04168146246369668,0.025834338004294376,-0.01583333333,0.20159109501370276,0.040158833614933276,-0.01583333333
1.66,0.04265550885269397,0.9595449008661339,0.03166666667,0.04265550885269397,0.9595449008661339,-0.03166666667,0.07331519171938905,1.571818378215692,0.05277777778,0.07331519171938905,1.571818378215692,-0.05277777778,0.14584794864529085,0.565118347918599,0.02111111111,-0.19310998364610216,0.23397041339378782,0.02111111111,-0.2936901572727798,0.2704089072648398,0.01583333333,-0.16213422112247758,0.0652753798742364,0.01583333333,0.09318243751897265,0.5531692070110326,-0.02111111111,0.035905608752889104,0.08597041430047475,-0.02111111111,-0.05337495308582899,0.026842706487788824,-0.01583333333,0.18998771890282726,0.03954460707925696,-0.01583333333
1.67,0.041949466716477715,0.9608783722541839,0.03166666667,0.041949466716477715,0.9608783722541839,-0.03166666667,0.07316584978831142,1.5731237190287581,0.05277777778,0.07316584978831142,1.5731237190287581,-0.05277777778,0.15305310074746303,0.5688512920442617,0.02111111111,-0.17863730541336872,0.23038489418253844,0.02111111111,-0.28070075004946876,0.2628156863076352,0.01583333333,-0.13897115530274606,0.06457479655725201,0.01583333333,0.0848298856032052,0.5533345276068053,-0.02111111111,0.024657412203244036,0.0866857848037087,-0.02111111111,-0.06504922416002742,0.02819003297499119,-0.01583333333,0.17840746022919438,0.03894043865574021,-0.01583333333
1.68,0.04116054856377381,0.9622004467618142,0.03166666667,0.04116054856377381,0.9622004467618142,-0.03166666667,0.07297005240655269,1.5744152641947822,0.05277777778,0.07297005240655269,1.5744152641947822,-0.05277777778,0.15921347355369,0.5724155741643902,0.02111111111,-0.16284832276609193,0.22463692319412942,0.02111111111,-0.26638988643033557,0.2523382422807818,0.01583333333,-0.1137222545273344,0.0623926643769423,0.01583333333,0.07657673329481472,0.5536497946814942,-0.02111111111,0.013349062345496321,0.08758111514400563,-0.02111111111,-0.07676470818109335,0.029704499113117386,-0.01583333333,0.16676547079641013,0.038636482279186375,-0.01583333333
1.69,0.04031414410109699,0.9634649488296213,0.03166666667,0.04031414410109699,0.9634649488296213,-0.03166666667,0.07272249951750297,1.5756483573914757,0.05277777778,0.07272249951750297,1.5756483573914757,-0.05277777778,0.16448792076486482,0.5757604883157714,0.02111111111,-0.14577105401073687,0.2172091023192152,0.02111111111,-0.2506583927754781,0.2396037140167762,0.01583333333,-0.08678411345896289,0.05923756149755602,0.01583333333,0.06831076125761557,0.5540423054005315,-0.02111111111,0.0019794196462569885,0.08857993349254378,-0.02111111111,-0.0885179348932374,0.031299548274262456,-0.01583333333,0.15506818506865605,0.03854734504320342,-0.01583333333
1.7,0.03941243408009476,0.9646280618402236,0.03166666667,0.03941243408009476,0.9646280618402236,-0.03166666667,0.07243238110910172,1.5767787870030774,0.05277777778,0.07243238110910172,1.5767787870030774,-0.05277777778,0.16899826991864583,0.5788468130551783,0.02111111111,-0.12744293500391918,0.20855219871140457,0.02111111111,-0.2334479238919915,0.2251737591864511,0.01583333333,-0.05844706533630996,0.05558181391525557,0.01583333333,0.059969285371420794,0.5544592785642695,-0.02111111111,-0.009432303220513187,0.08962381400108055,-0.02111111111,-0.10029926062295134,0.03292730537052192,-0.01583333333,0.14332986226966793,0.038546813771338874,-0.01583333333
1.71,0.03840490443603847,0.9656465460569407,0.03166666667,0.03840490443603847,0.9656465460569407,-0.03166666667,0.0721324988166209,1.577758689864352,0.05277777778,0.0721324988166209,1.577758689864352,-0.05277777778,0.17283992874771092,0.5816573756841603,0.02111111111,-0.10790117613467684,0.19908022506849937,0.02111111111,-0.21471987132246687,0.20956992452728204,0.01583333333,-0.02897355835851924,0.05182000973683579,0.01583333333,0.05164615368473897,0.5548715522861152,-0.02111111111,-0.020853888344914848,0.09068477283030657,-0.02111111111,-0.11209099581583859,0.034581752236690674,-0.01583333333,0.13157051709917172,0.03855611005426504,-0.01583333333
1.72,0.03729094405062476,0.966491924943197,0.03166666667,0.03729094405062476,0.966491924943197,-0.03166666667,0.07183704758066556,1.5785584196560656,0.05277777778,0.07183704758066556,1.5785584196560656,-0.05277777778,0.17606266070747933,0.5841617971801663,0.02111111111,-0.08717391302169386,0.18911089609044607,0.02111111111,-0.19444624564456786,0.1932262162395522,0.01583333333,0.0013768266805199714,0.048174319522352294,0.01583333333,0.043314280692905105,0.5552429630548438,-0.02111111111,-0.03228305176737334,0.09172455307509847,-0.02111111111,-0.12388837389803845,0.03622056905867595,-0.01583333333,0.11979451101322956,0.03854005120250688,-0.01583333333
1.73,0.03602270666693201,0.9671373292127544,0.03166666667,0.03602270666693201,0.9671373292127544,-0.03166666667,0.07158278294653206,1.5791457508820932,0.05277777778,0.07158278294653206,1.5791457508820932,-0.05277777778,0.17867963012077387,0.5863407054573424,0.02111111111,-0.06534160963049432,0.17895127788298493,0.02111111111,-0.1726730814495957,0.17645146839416248,0.01583333333,0.032557686951386,0.04504728239677333,0.01583333333,0.03508848259378188,0.5555516599043511,-0.02111111111,-0.043703013523792716,0.09272753586125182,-0.02111111111,-0.13568089386455226,0.03784005738803459,-0.01583333333,0.10801218770975383,0.038480673429373655,-0.01583333333
1.74,0.03461563096494049,0.9675729362853032,0.03166666667,0.03461563096494049,0.9675729362853032,-0.03166666667,0.07137922709519968,1.5795102412592503,0.05277777778,0.07137922709519968,1.5795102412592503,-0.05277777778,0.1806742169293868,0.5881567728208565,0.02111111111,-0.042407921446396324,0.16879736637246945,0.02111111111,-0.14937437180932,0.15958227189428711,0.01583333333,0.06429999054859123,0.042407209414961455,0.01583333333,0.026923212685008264,0.5557735789020384,-0.02111111111,-0.05511826682899008,0.09366819176198693,-0.02111111111,-0.1474663975658164,0.03940420724459189,-0.01583333333,0.09622534132415263,0.03837231922887012,-0.01583333333
1.75,0.03307049346482143,0.9677898854499183,0.03166666667,0.03307049346482143,0.9677898854499183,-0.03166666667,0.07124116416867375,1.5796410332932678,0.05277777778,0.07124116416867375,1.5796410332932678,-0.05277777778,0.18206844371589773,0.5895964177097933,0.02111111111,-0.01844937740800867,0.15892036386523523,0.02111111111,-0.12462542865919787,0.14301332327351862,0.01583333333,0.09637037950131008,0.0403119057001578,0.01583333333,0.018808392608739986,0.5558911724184743,-0.02111111111,-0.06653267686580355,0.09452955580212513,-0.02111111111,-0.1592443490271283,0.04088929862671888,-0.01583333333,0.08443493319752549,0.03821800482570416,-0.01583333333
1.76,0.031362165809114134,0.9677822282496076,0.03166666667,0.031362165809114134,0.9677822282496076,-0.03166666667,0.07119746553141446,1.5795272536607186,0.05277777778,0.07119746553141446,1.5795272536607186,-0.05277777778,0.18281531845949606,0.5906336787938147,0.02111111111,0.006360470649952793,0.1495608960125177,0.02111111111,-0.09857889571210451,0.12690264068216223,0.01583333333,0.12880502716895922,0.03924831956042703,0.01583333333,0.010850755233264483,0.5558921887751644,-0.02111111111,-0.0779448908979403,0.09531077155544537,-0.02111111111,-0.17101826152742983,0.04230458590614823,-0.01583333333,0.07263804147492,0.03802271676745504,-0.01583333333
1.77,0.02952822530166712,0.9675575982795463,0.03166666667,0.02952822530166712,0.9675575982795463,-0.03166666667,0.07125075669725892,1.5791768079134085,0.05277777778,0.07125075669725892,1.5791768079134085,-0.05277777778,0.18284352178678648,0.5912192464176149,0.02111111111,0.03189538721455837,0.14088155409381492,0.02111111111,-0.07133481118642052,0.11141534146712385,0.01583333333,0.16148789291118715,0.03944092342312949,0.01583333333,0.002995504171499786,0.5557710113252856,-0.02111111111,-0.089360829053866,0.09600550837552413,-0.02111111111,-0.18278895258195327,0.04363472657993819,-0.01583333333,0.06083489561045674,0.03779101303328057,-0.01583333333
1.78,0.027617840371338173,0.9671339227021788,0.03166666667,0.027617840371338173,0.9671339227021788,-0.03166666667,0.0714000537463958,1.5786091429778555,0.05277777778,0.0714000537463958,1.5786091429778555,-0.05277777778,0.18198539028283298,0.5912681824166609,0.02111111111,0.058149018710614175,0.13294863878897117,0.02111111111,-0.04287942473902269,0.09665652970370692,0.01583333333,0.19434117071055507,0.04086121188364611,0.01583333333,-0.004798335673764423,0.5555372096629421,-0.02111111111,-0.10077940923772502,0.09662245844332396,-0.02111111111,-0.194554504888449,0.04488591463572384,-0.01583333333,0.04902817002099191,0.03752324663726976,-0.01583333333
1.79,0.025651030601206496,0.9665305910854057,0.03166666667,0.025651030601206496,0.9665305910854057,-0.03166666667,0.07165526887389943,1.5778426531945673,0.05277777778,0.07165526887389943,1.5778426531945673,-0.05277777778,0.18004871138288683,0.5907019687654653,0.02111111111,0.08523857347738427,0.125867798765476,0.02111111111,-0.013131749335321796,0.08288965402606757,0.01583333333,0.22729543253802825,0.043121593820257834,0.01583333333,-0.01246586314507004,0.5552027857067738,-0.02111111111,-0.1121822211437761,0.09718133619288533,-0.02111111111,-0.206303102445827,0.04608969539659178,-0.01583333333,0.0372292742202375,0.03721783474214603,-0.01583333333
1.8,0.023642426517706386,0.9657525224547313,0.03166666667,0.023642426517706386,0.9657525224547313,-0.03166666667,0.07202636083884863,1.5768808413197744,0.05277777778,0.07202636083884863,1.5768808413197744,-0.05277777778,0.17697463273716824,0.5894949018856277,0.02111111111,0.11307337408737865,0.11994668042870088,0.02111111111,0.017825029874684407,0.07042520287836629,0.01583333333,0.2603462528644112,0.046546660300121744,0.01583333333,-0.019921608745234676,0.5547619197496739,-0.02111111111,-0.12355725169712503,0.09768942144779541,-0.02111111111,-0.21802788098156328,0.047264259051909396,-0.01583333333,0.02544446136529363,0.03687450889953555,-0.01583333333
1.81,0.021593564383669793,0.9647950014650625,0.03166666667,0.021593564383669793,0.9647950014650625,-0.03166666667,0.07251684403823579,1.5757169660468158,0.05277777778,0.07251684403823579,1.5757169660468158,-0.05277777778,0.17299691679343548,0.5877507701933778,0.02111111111,0.141290506469859,0.11566233260090614,0.02111111111,0.04955554428038989,0.059890056526865104,0.01583333333,0.2931003271910394,0.051365555773247584,0.01583333333,-0.027090548134521164,0.5541959969255834,-0.02111111111,-0.1349086524952016,0.09814492632151217,-0.02111111111,-0.22973425600088884,0.048413141535266095,-0.01583333333,0.013668531936526979,0.03650468989841511,-0.01583333333
1.82,0.019594631228594988,0.9636565217028159,0.03166666667,0.019594631228594988,0.9636565217028159,-0.03166666667,0.07307522606425754,1.5743599302369669,0.05277777778,0.07307522606425754,1.5743599302369669,-0.05277777778,0.16853361300959877,0.5856166139835591,0.02111111111,0.16878102631010516,0.11336144397056513,0.02111111111,0.08099789578617664,0.05155054023030479,0.01583333333,0.32458752445237005,0.05867943932903132,0.01583333333,-0.033908463816333494,0.5534889498629356,-0.02111111111,-0.1462305408050525,0.09855190594473501,-0.02111111111,-0.24141873618234347,0.049547467908633076,-0.01583333333,0.0019045302556823795,0.03611182851099726,-0.01583333333
1.83,0.017761276302195365,0.9623591093516625,0.03166666667,0.017761276302195365,0.9623591093516625,-0.03166666667,0.07362960594851008,1.5728487136544196,0.05277777778,0.07362960594851008,1.5728487136544196,-0.05277777778,0.16395967210370485,0.5832286884621612,0.02111111111,0.19450652630174795,0.11298183839779324,0.02111111111,0.11099073045132157,0.045515066184835584,0.01583333333,0.35361697915154655,0.06830172539039697,0.01583333333,-0.04030796129081773,0.5526500251087791,-0.02111111111,-0.1575081380214882,0.09894264464590308,-0.02111111111,-0.2530743474047856,0.0507163919226375,-0.01583333333,-0.00984382203698439,0.035695076221366875,-0.01583333333
1.84,0.016299866518082008,0.9609417057589718,0.03166666667,0.016299866518082008,0.9609417057589718,-0.03166666667,0.07407607232466047,1.571253705691631,0.05277777778,0.07407607232466047,1.571253705691631,-0.05277777778,0.15935780380430925,0.5805801133664112,0.02111111111,0.21746791450023187,0.1140319322384038,0.02111111111,0.1386711625663392,0.041111403459592494,0.01583333333,0.37912419942999326,0.08072283437467137,0.01583333333,-0.04625905565203465,0.5517154409303773,-0.02111111111,-0.16871020770554845,0.09937316278833652,-0.02111111111,-0.264680535138705,0.05199742192731355,-0.01583333333,-0.021563219833161118,0.03524333601615141,-0.01583333333
1.85,0.015305772179472505,0.9594601432150203,0.03166666667,0.015305772179472505,0.9594601432150203,-0.03166666667,0.0743501658003945,1.5696507583519166,0.05277777778,0.0743501658003945,1.5696507583519166,-0.05277777778,0.15483572992742442,0.577739846730866,0.02111111111,0.23738285117962396,0.11601453070185513,0.02111111111,0.1631728750463059,0.0384347745189805,0.01583333333,0.4006285577549766,0.0932209693626905,0.01583333333,-0.05167905293369689,0.5507334707619573,-0.02111111111,-0.17978642468766476,0.09991389968789127,-0.02111111111,-0.27620222270349803,0.053493612323635545,-0.01583333333,-0.03323084545986771,0.034741592794335,-0.01583333333
1.86,0.014723134915628681,0.9579484551633553,0.03166666667,0.014723134915628681,0.9579484551633553,-0.03166666667,0.07445924416444437,1.568071741451479,0.05277777778,0.07445924416444437,1.568071741451479,-0.05277777778,0.15092262273435367,0.5749721076274403,0.02111111111,0.2537274962712402,0.11837894492187712,0.02111111111,0.18363262785864184,0.037067117072338944,0.01583333333,0.417766027234919,0.10465616716628906,0.01583333333,-0.056468212493794,0.5497196653077042,-0.02111111111,-0.19071089399042868,0.10060932541173911,-0.02111111111,-0.28762286464477776,0.05527609620833286,-0.01583333333,-0.04484308574694362,0.03418801060502118,-0.01583333333
1.87,0.01452914191254992,0.9564431986143948,0.03166666667,0.01452914191254992,0.9564431986143948,-0.03166666667,0.07440862328530001,1.5665524305800622,0.05277777778,0.07440862328530001,1.5665524305800622,-0.05277777778,0.1479602658287452,0.5724410523756769,0.02111111111,0.26611584817346956,0.12044656377961815,0.02111111111,0.19957743575070536,0.03620996445648696,0.01583333333,0.4302985631585911,0.11466052062868981,0.01583333333,-0.06057186632801513,0.5486948225671484,-0.02111111111,-0.20144474284548297,0.10150321381570693,-0.02111111111,-0.2989102612237221,0.05741185260194701,-0.01583333333,-0.056385181044047605,0.033572517881022806,-0.01583333333
1.88,0.01471538064011926,0.9549883090425573,0.03166666667,0.01471538064011926,0.9549883090425573,-0.03166666667,0.07420092979769635,1.5651360752931827,0.05277777778,0.07420092979769635,1.5651360752931827,-0.05277777778,0.14607269982206983,0.5702250474073922,0.02111111111,0.27453639091770454,0.12167783137628585,0.02111111111,0.21063027470516477,0.035439692512347014,0.01583333333,0.4385164724808579,0.12177977161487924,0.01583333333,-0.0639345408160415,0.5476860439864337,-0.02111111111,-0.21193938278580587,0.10264718541414558,-0.02111111111,-0.31002214003593487,0.059978696815401085,-0.01583333333,-0.06783907854707666,0.03288454386725081,-0.01583333333
1.89,0.015248311313188503,0.9536186875747443,0.03166666667,0.015248311313188503,0.9536186875747443,-0.03166666667,0.07386113085546532,1.5638509094415602,0.05277777778,0.07386113085546532,1.5638509094415602,-0.05277777778,0.1453592776479393,0.5683951495885426,0.02111111111,0.279039262248624,0.12171098274724568,0.02111111111,0.21649451970439415,0.034487733871042064,0.01583333333,0.4428391124988298,0.12479196250301107,0.01583333333,-0.06647422441234153,0.5467047569762581,-0.02111111111,-0.2221575289165839,0.10409002614565421,-0.02111111111,-0.32092634142731263,0.06305622131536734,-0.01583333333,-0.07920445604265017,0.032116626583407595,-0.01583333333
1.9,0.016058720371007723,0.952352642836791,0.03166666667,0.016058720371007723,0.952352642836791,-0.03166666667,0.07343992527245453,1.5627019072283068,0.05277777778,0.07343992527245453,1.5627019072283068,-0.05277777778,0.14586182792142915,0.5670025338485598,0.02111111111,0.2799034766832311,0.12045920711270713,0.02111111111,0.21726522247813057,0.03329836783128446,0.01583333333,0.4438072569500995,0.12310613483055408,0.01583333333,-0.06816591946102456,0.5457496646119788,-0.02111111111,-0.23205444105189577,0.10585472838621762,-0.02111111111,-0.3315738575235222,0.06668360775285152,-0.01583333333,-0.09046792991984098,0.03126242665365252,-0.01583333333
1.91,0.01710808251831128,0.9511990510614324,0.03166666667,0.01710808251831128,0.9511990510614324,-0.03166666667,0.07298415060681769,1.5616879471391374,0.05277777778,0.07298415060681769,1.5616879471391374,-0.05277777778,0.1474769133397273,0.5660318455876733,0.02111111111,0.27749190998892725,0.11805511071735969,0.02111111111,0.2132565079235822,0.032046899177307415,0.01583333333,0.4418414839647311,0.11651959964533551,0.01583333333,-0.06900939314240061,0.5448171745368396,-0.02111111111,-0.24159179049054813,0.10796023128718202,-0.02111111111,-0.3419185647458873,0.07089368215342075,-0.01583333333,-0.10162659682306471,0.03031661291633772,-0.01583333333
1.92,0.020053101716044432,0.9494064960198068,0.03166666667,0.020053101716044432,0.9494064960198068,-0.03166666667,0.07202880856835998,1.560239822809045,0.05277777778,0.07202880856835998,1.560239822809045,-0.05277777778,0.15126384564441286,0.5644906538494124,0.02111111111,0.2660243509948136,0.11155238056946543,0.02111111111,0.19618752247126342,0.03001090811658145,0.01583333333,0.43110024458451857,0.09483946189834011,0.01583333333,-0.06831668830777424,0.5432109873974102,-0.02111111111,-0.2580945029846171,0.11289151492794036,-0.02111111111,-0.36003376040460966,0.08042018073449048,-0.01583333333,-0.12197114397374403,0.028334491200950135,-0.01583333333
1.93,0.022074931855446983,0.9486101622754134,0.03166666667,0.022074931855446983,0.9486101622754134,-0.03166666667,0.07162405408984365,1.5596451135711695,0.05277777778,0.07162405408984365,1.5596451135711695,-0.05277777778,0.1526064063630189,0.5634151328499654,0.02111111111,0.2580981977449219,0.10781811674284592,0.02111111111,0.18540230420227102,0.028834387624417687,0.01583333333,0.4229412332028143,0.08325851467638513,0.01583333333,-0.0665781072277811,0.5423589317690709,-0.02111111111,-0.26628984739110356,0.11614735957849065,-0.02111111111,-0.3691464310019405,0.08660097456844595,-0.01583333333,-0.13282899098572398,0.027096387011890738,-0.01583333333
1.94,0.02425336747255245,0.9479558962894049,0.03166666667,0.02425336747255245,0.9479558962894049,-0.03166666667,0.07134900339584374,1.5591848454534536,0.05277777778,0.07134900339584374,1.5591848454534536,-0.05277777778,0.15383472097579576,0.5623842275255813,0.02111111111,0.24970232119366215,0.1042657868391706,0.02111111111,0.17447636773874536,0.027713969887551218,0.01583333333,0.41394861766330654,0.07287778186309589,0.01583333333,-0.06376462193240083,0.5415047169375603,-0.02111111111,-0.27385915591676746,0.11985546320355273,-0.02111111111,-0.3776413393454293,0.09358392899035889,-0.01583333333,-0.14357897358868194,0.025749296740685518,-0.01583333333
1.95,0.02641262309219517,0.9474508884872173,0.03166666667,0.02641262309219517,0.9474508884872173,-0.03166666667,0.07124727276370905,1.5588498428599238,0.05277777778,0.07124727276370905,1.5588498428599238,-0.05277777778,0.15567950773414924,0.5617337863446348,0.02111111111,0.24074440194271293,0.1010200992194698,0.02111111111,0.163349685722195,0.02667407049976881,0.01583333333,0.40411011058518576,0.06437216350042312,0.01583333333,-0.059741517439901595,0.5406228958183088,-0.02111111111,-0.2806874164480829,0.12404482535912531,-0.02111111111,-0.3853796458635515,0.10144380782581602,-0.01583333333,-0.15422217327350518,0.024288436905342714,-0.01583333333
1.96,0.028667053437662137,0.9471436799895989,0.03166666667,0.028667053437662137,0.9471436799895989,-0.03166666667,0.0712450085017512,1.558703934553094,0.05277777778,0.0712450085017512,1.558703934553094,-0.05277777778,0.15777047177873083,0.5613348301993263,0.02111111111,0.23110859177765408,0.09811605093710213,0.02111111111,0.1519758241404692,0.025611470438605663,0.01583333333,0.3934944944063574,0.058099319076073234,0.01583333333,-0.05438469389851279,0.5397698636950958,-0.02111111111,-0.2865757586456718,0.1287990032398792,-0.02111111111,-0.3921350643105842,0.11033640759372632,-0.01583333333,-0.1647503886909758,0.022684039174730997,-0.01583333333
1.97,0.031160834816503176,0.947089226928921,0.03166666667,0.031160834816503176,0.947089226928921,-0.03166666667,0.07126951170389227,1.5588163893612828,0.05277777778,0.07126951170389227,1.5588163893612828,-0.05277777778,0.15915408379443863,0.5608471484214217,0.02111111111,0.22108589957867653,0.09554788684133281,0.02111111111,0.14048601040192257,0.024661080202999695,0.01583333333,0.38252338497021454,0.05302721684834101,0.01583333333,-0.047597436505307344,0.5390257452861928,-0.02111111111,-0.29127053371171435,0.1341789551687394,-0.02111111111,-0.39760896357762526,0.12039883460422847,-0.01583333333,-0.17515997453896512,0.020884133822023115,-0.01583333333
1.98,0.033495097764809946,0.9472452954763149,0.03166666667,0.033495097764809946,0.9472452954763149,-0.03166666667,0.07146263065487785,1.5591090823320561,0.05277777778,0.07146263065487785,1.5591090823320561,-0.05277777778,0.16044632962021677,0.5606011205725019,0.02111111111,0.2106431409896421,0.09347390186089527,0.02111111111,0.12884028274009288,0.023956651576675946,0.01583333333,0.3711833265596021,0.04958042000345622,0.01583333333,-0.03921732913329089,0.5383401794565913,-0.02111111111,-0.29453897968999565,0.14013417273858958,-0.02111111111,-0.4014961358646042,0.13164520828416656,-0.01583333333,-0.18548352008821042,0.01883883336885475,-0.01583333333
1.99,0.0353366618670128,0.9475600438839472,0.03166666667,0.0353366618670128,0.9475600438839472,-0.03166666667,0.07191759810340216,1.5595082952281891,0.05277777778,0.07191759810340216,1.5595082952281891,-0.05277777778,0.1621571726873061,0.5608480348249034,0.02111111111,0.19975680979590835,0.0920725043942327,0.02111111111,0.1169929788345421,0.023685494100518213,0.01583333333,0.3594643809206268,0.048064738684836794,0.01583333333,-0.029235958050171804,0.537717701600573,-0.02111111111,-0.29610402313440565,0.1465487495156239,-0.02111111111,-0.4034195861385775,0.14399501865572784,-0.01583333333,-0.19574970981773573,0.01648050628564454,-0.01583333333
2.0,0.037058090091008994,0.9480676000226343,0.03166666667,0.037058090091008994,0.9480676000226343,-0.03166666667,0.07242073849558728,1.560087461070477,0.05277777778,0.07242073849558728,1.560087461070477,-0.05277777778,0.16288759157085966,0.5609878507843492,0.02111111111,0.18878115389703007,0.0910411970148563,0.02111111111,0.10513267513493638,0.023742663144712378,0.01583333333,0.3477287661236813,0.04684818268170681,0.01583333333,-0.01791102230992797,0.5373334753621124,-0.02111111111,-0.2956373792381949,0.15324232535401983,-0.02111111111,-0.4029230855781092,0.15725846377490613,-0.01583333333,-0.20599593845296155,0.013709074639165375,-0.01583333333
2.01,0.03866805831595106,0.9487376165574605,0.03166666667,0.03866805831595106,0.9487376165574605,-0.03166666667,0.07291914967685514,1.5608206909516094,0.05277777778,0.07291914967685514,1.5608206909516094,-0.05277777778,0.16246091941234092,0.5609317581244211,0.02111111111,0.17776779826044561,0.09023505896800832,0.02111111111,0.09326898899355213,0.024023451808724373,0.01583333333,0.3360107964289325,0.04554421664407668,0.01583333333,-0.005623757732204502,0.5372702125054972,-0.02111111111,-0.29293216404925293,0.15982646275727136,-0.02111111111,-0.3996410969990484,0.17101210848508563,-0.01583333333,-0.21642446707293322,0.010331073777778643,-0.01583333333
2.02,0.04010983031304109,0.9495302422125165,0.03166666667,0.04010983031304109,0.9495302422125165,-0.03166666667,0.07340860428068559,1.561665863518333,0.05277777778,0.07340860428068559,1.561665863518333,-0.05277777778,0.16095332322998582,0.5607022540029956,0.02111111111,0.1667630281650741,0.08958516100400082,0.02111111111,0.08148015610623952,0.024409149374299416,0.01583333333,0.32436420636964564,0.04426025825358008,0.01583333333,0.007051286240462602,0.5375805022993282,-0.02111111111,-0.28791381667541993,0.16573576791744127,-0.02111111111,-0.3933252887108584,0.18452935644001675,-0.01583333333,-0.22719706597042702,0.006237062705263807,-0.01583333333
2.03,0.041330780290374125,0.9503403915509849,0.03166666667,0.041330780290374125,0.9503403915509849,-0.03166666667,0.07385076424442069,1.5625178804076358,0.05277777778,0.07385076424442069,1.5625178804076358,-0.05277777778,0.15855641463727926,0.5602956750343779,0.02111111111,0.15573029034980473,0.08900078468738143,0.02111111111,0.06976246646697151,0.024759208937465207,0.01583333333,0.3127614406563735,0.04315015613961212,0.01583333333,0.019846368140863165,0.5382009554015247,-0.02111111111,-0.28148343468717285,0.1712343237101322,-0.02111111111,-0.38493774412276976,0.19730444755278495,-0.01583333333,-0.23744972206631093,0.003309571986528509,-0.01583333333
2.04,0.04232981749575708,0.9510416912645422,0.03166666667,0.04232981749575708,0.9510416912645422,-0.03166666667,0.07416265137770517,1.5632552960678416,0.05277777778,0.07416265137770517,1.5632552960678416,-0.05277777778,0.155486159592524,0.5596719107929782,0.02111111111,0.14464394883843146,0.08838099595350973,0.02111111111,0.058112963597874476,0.02493682123857459,0.01583333333,0.30118660595382135,0.04231303451728019,0.01583333333,0.03288470332964731,0.5390315105124257,-0.02111111111,-0.27541687309598667,0.17770644499540428,-0.02111111111,-0.37691081056197556,0.20943913764007638,-0.01583333333,-0.24459383989463646,0.004795672878769197,-0.01583333333
2.05,0.04318160339322575,0.9516804677845538,0.03166666667,0.04318160339322575,0.9516804677845538,-0.03166666667,0.0743110195406032,1.5639302425248387,0.05277777778,0.0743110195406032,1.5639302425248387,-0.05277777778,0.15173317343909126,0.5588636304077885,0.02111111111,0.13348310521140636,0.08772791920528072,0.02111111111,0.04650101791210137,0.024949303406374905,0.01583333333,0.2896169380186471,0.04172362267248844,0.01583333333,0.04604847866758476,0.5401425787417657,-0.02111111111,-0.2698378953371651,0.18531914029532093,-0.02111111111,-0.36974001612361285,0.2211621813947587,-0.01583333333,-0.24810541960302923,0.009994586046019993,-0.01583333333
2.06,0.043857700433485636,0.9523090459340982,0.03166666667,0.043857700433485636,0.9523090459340982,-0.03166666667,0.07433439374899739,1.5645916590987694,0.05277777778,0.07433439374899739,1.5645916590987694,-0.05277777778,0.14724617123378475,0.5579361958684155,0.02111111111,0.12222936625485509,0.08707725002759081,0.02111111111,0.03489381274332755,0.024844705080097937,0.01583333333,0.2780279202874467,0.0413533132836541,0.01583333333,0.05925637233421657,0.5416081986725001,-0.02111111111,-0.26427950077152146,0.19374108110320637,-0.02111111111,-0.36302383096734303,0.23250951866524527,-0.01583333333,-0.24825472338363117,0.01753328662892875,-0.01583333333
2.07,0.044275489081616076,0.9529693647200309,0.03166666667,0.044275489081616076,0.9529693647200309,-0.03166666667,0.07430374733904915,1.5652741343611232,0.05277777778,0.07430374733904915,1.5652741343611232,-0.05277777778,0.14202323456960458,0.5569784868416812,0.02111111111,0.11089911362219207,0.08648652238610505,0.02111111111,0.023279530620261633,0.024712221283860754,0.01583333333,0.2664193903001434,0.041135894166051554,0.01583333333,0.07245931412211784,0.5434991846052083,-0.02111111111,-0.25814320193684015,0.20244925293130067,-0.02111111111,-0.35608669740728116,0.2432986114566954,-0.01583333333,-0.24547186422006445,0.026155600804595308,-0.01583333333
2.08,0.04444694333587245,0.9536925305383007,0.03166666667,0.04444694333587245,0.9536925305383007,-0.03166666667,0.07423824201653827,1.5660088750385317,0.05277777778,0.07423824201653827,1.5660088750385317,-0.05277777778,0.13613262148442057,0.5560565270806475,0.02111111111,0.09949462445469845,0.08599725217991838,0.02111111111,0.011627744343034527,0.02463318733062459,0.01583333333,0.2547720700446878,0.040990609963245425,0.01583333333,0.0855115017850533,0.5458489955498225,-0.02111111111,-0.25120683075238553,0.21104909712067949,-0.02111111111,-0.34862243046106356,0.2533590139297836,-0.01583333333,-0.24029274942968673,0.03506698795601154,-0.01583333333
2.09,0.04441595577148133,0.9545066696164572,0.03166666667,0.04441595577148133,0.9545066696164572,-0.03166666667,0.07414891392710007,1.5668258497982661,0.05277777778,0.07414891392710007,1.5668258497982661,-0.05277777778,0.12957412581620714,0.5552054488940615,0.02111111111,0.088024837155426,0.08562511535307393,0.02111111111,-6.452665147500813e-05,0.02463545649525855,0.01583333333,0.24308726373319256,0.040881539987118784,0.01583333333,0.09821164031106434,0.5486546575422533,-0.02111111111,-0.24332378203358956,0.21906404142076352,-0.02111111111,-0.3404680128385149,0.26226102806454354,-0.01583333333,-0.23285470592684776,0.043614956589135695,-0.01583333333
2.1,0.04420577546440144,0.9554235460479951,0.03166666667,0.04420577546440144,0.9554235460479951,-0.03166666667,0.07405346439973011,1.5677371443654144,0.05277777778,0.07405346439973011,1.5677371443654144,-0.05277777778,0.12239591400364933,0.5544643985120641,0.02111111111,0.07651936215140619,0.08539158919897705,0.02111111111,-0.01178650404373286,0.024762742269259737,0.01583333333,0.2313821193163649,0.04075489688484364,0.01583333333,0.11037130604184404,0.5518762346019411,-0.02111111111,-0.23448274604037694,0.2260986534094478,-0.02111111111,-0.3317095851831168,0.2694445093261043,-0.01583333333,-0.22274005386841308,0.051471186093311305,-0.01583333333
2.11,0.04385818125952695,0.9564591391999844,0.03166666667,0.04385818125952695,0.9564591391999844,-0.03166666667,0.07396146329020642,1.5687602249659558,0.05277777778,0.07396146329020642,1.5687602249659558,-0.05277777778,0.11468224285758544,0.5538792285809785,0.02111111111,0.06500817191944869,0.08533001197216883,0.02111111111,-0.023530884390654976,0.025077186497479184,0.01583333333,0.21967071315335315,0.04055980088059098,0.01583333333,0.12168411125637632,0.555422293387035,-0.02111111111,-0.22453653388085973,0.23142529199179318,-0.02111111111,-0.3222304719948193,0.2740802494160937,-0.01583333333,-0.20974810079603087,0.05789874103577036,-0.01583333333
2.12,0.04341305590020232,0.9576231501048464,0.03166666667,0.04341305590020232,0.9576231501048464,-0.03166666667,0.07387021064299362,1.5699067354998657,0.05277777778,0.07387021064299362,1.5699067354998657,-0.05277777778,0.1065786513164068,0.5534992473125033,0.02111111111,0.053565359773146685,0.0854800434015956,0.02111111111,-0.03526188887034467,0.025669685784446415,0.01583333333,0.20799952483209544,0.040182197613351414,0.01583333333,0.13182729554095035,0.5591543126241838,-0.02111111111,-0.21334342241757126,0.23428995271184316,-0.02111111111,-0.3118991583786866,0.27530046157097154,-0.01583333333,-0.19369275783274006,0.06219491198095012,-0.01583333333
2.13,0.04283493369266274,0.9588795923993326,0.03166666667,0.04283493369266274,0.9588795923993326,-0.03166666667,0.07377310237961085,1.5711390610378375,0.05277777778,0.07377310237961085,1.5711390610378375,-0.05277777778,0.09838014539374812,0.5533619287651675,0.02111111111,0.0422669508636188,0.08587734039340511,0.02111111111,-0.04693878361389889,0.02662961916043967,0.01583333333,0.19641203863263412,0.03955655646322544,0.01583333333,0.1407982321766254,0.5629671001536344,-0.02111111111,-0.2009363841391909,0.2346357879927632,-0.02111111111,-0.3007094499349132,0.2729975449828543,-0.01583333333,-0.17456655757902367,0.06449167191405009,-0.01583333333
2.14,0.04215266824106302,0.9601901149196451,0.03166666667,0.04215266824106302,0.9601901149196451,-0.03166666667,0.07363538676035158,1.572421824041152,0.05277777778,0.07363538676035158,1.572421824041152,-0.05277777778,0.09023357763895351,0.5534427831381601,0.02111111111,0.031032721501599733,0.08650934678524302,0.02111111111,-0.05859872935466107,0.027895861676814855,0.01583333333,0.18484530951027617,0.03892891824427456,0.01583333333,0.14863027235518922,0.5667518422000897,-0.02111111111,-0.1872743524514077,0.23248743189551657,-0.02111111111,-0.28848195284448536,0.26729141451453303,-0.01583333333,-0.15275145277179797,0.06489586183090304,-0.01583333333
2.15,0.041433115860282296,0.9615180209480783,0.03166666667,0.041433115860282296,0.9615180209480783,-0.03166666667,0.0734257665786184,1.57372329495282,0.05277777778,0.0734257665786184,1.57372329495282,-0.05277777778,0.08204552681295152,0.5536707122812389,0.02111111111,0.019728584578983355,0.08731441958937275,0.02111111111,-0.0703054178850065,0.02931334933440454,0.01583333333,0.17321242740063675,0.03857549938346635,0.01583333333,0.15540676899450379,0.5704113620989407,-0.02111111111,-0.17232887825579182,0.22805437197726708,-0.02111111111,-0.2750387870313868,0.25851944160245427,-0.01583333333,-0.1286732959454988,0.06367624460733029,-0.01583333333
2.16,0.04069213093974325,0.9628170293731013,0.03166666667,0.04069213093974325,0.9628170293731013,-0.03166666667,0.07314294766852096,1.5749981886003692,0.05277777778,0.07314294766852096,1.5749981886003692,-0.05277777778,0.07373481244951757,0.5539861557458436,0.02111111111,0.008342083422397048,0.08823016500247799,0.02111111111,-0.08205984533264138,0.03080077735814212,0.01583333333,0.1615133447049689,0.03847081588451312,0.01583333333,0.16127851833546858,0.573888028941834,-0.02111111111,-0.15609912980979312,0.22174605608219516,-0.02111111111,-0.2602373391008023,0.24725038606773914,-0.01583333333,-0.10277991801660515,0.061256061042464144,-0.01583333333
2.17,0.039910283247468495,0.9640347006901994,0.03166666667,0.039910283247468495,0.9640347006901994,-0.03166666667,0.07280474428043188,1.5761921817786502,0.05277777778,0.07280474428043188,1.5761921817786502,-0.05277777778,0.06529996584295467,0.5543439312780405,0.02111111111,-0.0030979102019238133,0.08920697973696523,0.02111111111,-0.09384880824447164,0.03232833550081588,0.01583333333,0.14976733453331995,0.03848490712506125,0.01583333333,0.16638014098163628,0.5771403286881147,-0.02111111111,-0.13868709541128862,0.21407160468838604,-0.02111111111,-0.2441005740359726,0.23399987929422522,-0.01583333333,-0.07516367462766163,0.058366589697975674,-0.01583333333
2.18,0.03910643980245089,0.9651449078745142,0.03166666667,0.03910643980245089,0.9651449078745142,-0.03166666667,0.0724151430825584,1.5772799889677351,0.05277777778,0.0724151430825584,1.5772799889677351,-0.05277777778,0.05665388211395805,0.5547117730383186,0.02111111111,-0.014573831134837394,0.09020367129749957,0.02111111111,-0.10565822022901324,0.03385644704288463,0.01583333333,0.13799086628870766,0.038530956126628345,0.01583333333,0.17075962302025338,0.5801197679540641,-0.02111111111,-0.11988557298697913,0.20516711406368482,-0.02111111111,-0.22626646247668314,0.2193187240215076,-0.01583333333,-0.04669654224120963,0.054572336678053196,-0.01583333333
2.19,0.03825042972461848,0.9660988561202443,0.03166666667,0.03825042972461848,0.9660988561202443,-0.03166666667,0.0719990515539469,1.5782098409455676,0.05277777778,0.0719990515539469,1.5782098409455676,-0.05277777778,0.04783795050815873,0.5550569148563163,0.02111111111,-0.026078547950910462,0.09118639374327758,0.02111111111,-0.11748567540227645,0.03535827448858858,0.01583333333,0.1261871623290322,0.038563980037318576,0.01583333333,0.1745329241153923,0.5828054462538413,-0.02111111111,-0.09991504564478451,0.1956046052244408,-0.02111111111,-0.20695435028399223,0.20366342138810947,-0.01583333333,-0.01717598273032772,0.05078798318837749,-0.01583333333
2.2,0.037261685707266234,0.9668755465849705,0.03166666667,0.037261685707266234,0.9668755465849705,-0.03166666667,0.07161287988260778,1.5789530111905008,0.05277777778,0.07161287988260778,1.5789530111905008,-0.05277777778,0.03905704079291537,0.5553831279025181,0.02111111111,-0.0375675034036457,0.09216578654500596,0.02111111111,-0.1293048082442784,0.03687483252914794,0.01583333333,0.11438333188941924,0.03855374714078977,0.01583333333,0.17759159565859667,0.5851471191303255,-0.02111111111,-0.07866680023591566,0.18545905105876648,-0.02111111111,-0.1860082707604487,0.1871804457093493,-0.01583333333,0.013308893813457012,0.046968476525857644,-0.01583333333
2.21,0.035992852283071815,0.9674374805135868,0.03166666667,0.035992852283071815,0.9674374805135868,-0.03166666667,0.07133523947799375,1.5794585119222881,0.05277777778,0.07133523947799375,1.5794585119222881,-0.05277777778,0.03068721719334373,0.5556694167583514,0.02111111111,-0.04900067902582985,0.09314392031275581,0.02111111111,-0.14109917370469052,0.03845240858716774,0.01583333333,0.10259474796479982,0.03848302619841969,0.01583333333,0.17997215555711785,0.587164630812459,-0.02111111111,-0.05628984178834576,0.17516707378132962,-0.02111111111,-0.1635378192072401,0.17022626120407533,-0.01583333333,0.044827653110045385,0.04385158675508466,-0.01583333333
2.22,0.03440046755506917,0.9677762187042087,0.03166666667,0.03440046755506917,0.9677762187042087,-0.03166666667,0.07120110535980162,1.5797112971858815,0.05277777778,0.07120110535980162,1.5797112971858815,-0.05277777778,0.022839032189537287,0.5558802454080893,0.02111111111,-0.06037218062867518,0.0940992195742062,0.02111111111,-0.1528645105952434,0.04007692858260023,0.01583333333,0.09082327624855845,0.03834749536225242,0.01583333333,0.18164499318534935,0.5888438255222684,-0.02111111111,-0.0327322772534204,0.16493131855041104,-0.02111111111,-0.13945379524064222,0.15321696239958507,-0.01583333333,0.07700065884593765,0.04126073121000588,-0.01583333333
2.23,0.03245485477940373,0.967869559977557,0.03166666667,0.03245485477940373,0.967869559977557,-0.03166666667,0.0712349185539635,1.5796823858261553,0.05277777778,0.0712349185539635,1.5796823858261553,-0.05277777778,0.015562293754974274,0.5559604474209412,0.02111111111,-0.07168543933662103,0.09499058352870354,0.02111111111,-0.16459662236628628,0.04169989185085483,0.01583333333,0.0790715001862918,0.03815384506667438,0.01583333333,0.18275049594621573,0.5902231401880401,-0.02111111111,-0.008295272290588435,0.15525559131861777,-0.02111111111,-0.1140316829075593,0.1366559515920639,-0.01583333333,0.10962949768080082,0.039896431678440925,-0.01583333333
2.24,0.03035199816185567,0.9677428817576234,0.03166666667,0.03035199816185567,0.9677428817576234,-0.03166666667,0.07137188115901813,1.5794096181575237,0.05277777778,0.07137188115901813,1.5794096181575237,-0.05277777778,0.008450118857849333,0.5558946455267557,0.02111111111,-0.08300630328101366,0.09578675505373485,0.02111111111,-0.17633214834164995,0.043238194494081304,0.01583333333,0.06730359543072803,0.037913464212271236,0.01583333333,0.18310103164731087,0.5911557625603974,-0.02111111111,0.01705319614743611,0.1460892149284373,-0.02111111111,-0.08723288327692572,0.12060049698599383,-0.01583333333,0.14254396850693546,0.03942582864425476,-0.01583333333
2.25,0.02842562038568444,0.9674350620589341,0.03166666667,0.02842562038568444,0.9674350620589341,-0.03166666667,0.07148952153334795,1.5789612901449832,0.05277777778,0.07148952153334795,1.5789612901449832,-0.05277777778,0.0007108607733197717,0.5557120959532531,0.02111111111,-0.09441079084178383,0.09644975428913088,0.02111111111,-0.18809397026235844,0.04455038694143319,0.01583333333,0.055502358736341045,0.03765423624331213,0.01583333333,0.18253552965935907,0.5914510306646273,-0.02111111111,0.04325513101988954,0.1374466139452864,-0.02111111111,-0.059096552031319374,0.10506405771179983,-0.01583333333,0.1757117857748103,0.03985843761033685,-0.01583333333
2.26,0.02657378382787046,0.966934575160948,0.03166666667,0.02657378382787046,0.966934575160948,-0.03166666667,0.07164501534186668,1.5783161346710612,0.05277777778,0.07164501534186668,1.5783161346710612,-0.05277777778,-0.0073270885185409305,0.5554254482632204,0.02111111111,-0.10586028774622572,0.09701210102274804,0.02111111111,-0.1998676024674465,0.045711391669102555,0.01583333333,0.04368371846153557,0.03737577712416372,0.01583333333,0.1810916710991136,0.5911473797990037,-0.02111111111,0.07005940635626857,0.12970049451441895,-0.02111111111,-0.02983226362699072,0.09038890622277201,-0.01583333333,0.20896977164869046,0.04180581920387044,-0.01583333333
2.27,0.024644625150060558,0.9662528646919784,0.03166666667,0.024644625150060558,0.9662528646919784,-0.03166666667,0.07192514800416715,1.5774675400539566,0.05277777778,0.07192514800416715,1.5774675400539566,-0.05277777778,-0.015158322719452218,0.5550411644739554,0.02111111111,-0.11728271370144346,0.0975252245899833,0.02111111111,-0.21161863040394152,0.04684401160149336,0.01583333333,0.03187883436889216,0.03706070718547706,0.01583333333,0.17853234800219026,0.5902199535039181,-0.02111111111,0.09773158408576856,0.12297236252219396,-0.02111111111,0.0007681205046638911,0.07690655347167098,-0.01583333333,0.242323100756406,0.04468978902093368,-0.01583333333
2.28,0.022648012193284474,0.9653832268015367,0.03166666667,0.022648012193284474,0.9653832268015367,-0.03166666667,0.07232508143137781,1.5764077893283797,0.05277777778,0.07232508143137781,1.5764077893283797,-0.05277777778,-0.022701299736080018,0.5545368142229312,0.02111111111,-0.12867576554836352,0.09798257629885693,0.02111111111,-0.22334731568668242,0.04794902393637843,0.01583333333,0.020087258289922166,0.0367090689132092,0.01583333333,0.17513375322594316,0.5887808982270559,-0.02111111111,0.12582185993898778,0.11778648381537549,-0.02111111111,0.03215500395754149,0.06533065646103828,-0.01583333333,0.2752804673317979,0.048695228749466746,-0.01583333333
2.29,0.020701166569894545,0.9643314463493776,0.03166666667,0.020701166569894545,0.9643314463493776,-0.03166666667,0.07279272445132907,1.5751549043277784,0.05277777778,0.07279272445132907,1.5751549043277784,-0.05277777778,-0.029915305258089126,0.5539040213754755,0.02111111111,-0.1400421628702262,0.09839389547532984,0.02111111111,-0.23505730097788105,0.04904016816870173,0.01583333333,0.008305124567953792,0.03633354672388733,0.01583333333,0.1710450020717168,0.586857599025043,-0.02111111111,0.1535400575255781,0.11440704222903875,-0.02111111111,0.06361877886497502,0.05575484507150612,-0.01583333333,0.30731117478384185,0.054891961871939496,-0.01583333333
2.3000000000000003,0.01892515037038096,0.9631160383968894,0.03166666667,0.01892515037038096,0.9631160383968894,-0.03166666667,0.07326531177262491,1.573743563225229,0.05277777778,0.07326531177262491,1.573743563225229,-0.05277777778,-0.036728841261448014,0.5531484635665715,0.02111111111,-0.15136158116549536,0.098785812479523,0.02111111111,-0.24673543383131938,0.05015941753243479,0.01583333333,-0.003457210507897851,0.035931471345677236,0.01583333333,0.1664650808931648,0.5845126497869924,-0.02111111111,0.18002297299889217,0.11288676496282057,-0.02111111111,0.09428016995688038,0.04827694101153331,-0.01583333333,0.33749468677245786,0.06355526573183591,-0.01583333333
2.31,0.017385557652047752,0.9617664204327276,0.03166666667,0.017385557652047752,0.9617664204327276,-0.03166666667,0.07369878015343834,1.572215147346557,0.05277777778,0.07369878015343834,1.572215147346557,-0.05277777778,-0.04304485318692452,0.552284443769991,0.02111111111,-0.16260991553212775,0.09919807285545829,0.02111111111,-0.25836904691368945,0.05137117883688688,0.01583333333,-0.015192874442476384,0.03549422893003558,0.01583333333,0.16168306381277014,0.5818793160960026,-0.02111111111,0.2045637276065,0.11308598325462493,-0.02111111111,0.12319411292087826,0.04304719907902176,-0.01583333333,0.36493771515310935,0.0738166510708695,-0.01583333333
2.32,0.016149493001016618,0.9603146392727452,0.03166666667,0.016149493001016618,0.9603146392727452,-0.03166666667,0.07404367378838668,1.570615459401774,0.05277777778,0.07404367378838668,1.570615459401774,-0.05277777778,-0.04878975597895964,0.5513300283941776,0.02111111111,-0.17376008599984316,0.09967388542905548,0.02111111111,-0.26994046261644483,0.05274095877353276,0.01583333333,-0.026891959484358297,0.0350165823008347,0.01583333333,0.15710790628772567,0.579132777323971,-0.02111111111,0.22628144278250628,0.1146098568261189,-0.02111111111,0.1493334435241375,0.039740668192979146,-0.01583333333,0.3887356133697696,0.08527449594001765,-0.01583333333
2.33,0.015270341405855321,0.9588019711703221,0.03166666667,0.015270341405855321,0.9588019711703221,-0.03166666667,0.07425900897480994,1.5689979760061825,0.05277777778,0.07425900897480994,1.5689979760061825,-0.05277777778,-0.053904000888513326,0.550313403787165,0.02111111111,-0.1847777405668543,0.10026565137570542,0.02111111111,-0.28142489919653707,0.05434532014546553,0.01583333333,-0.038541068001956724,0.03449153107797445,0.01583333333,0.15307875723612815,0.5764235729132748,-0.02111111111,0.24455315179914466,0.11684411351369506,-0.02111111111,0.17189193527531282,0.037810832117065096,-0.01583333333,0.40825561255234166,0.09713149007173047,-0.01583333333
2.34,0.014805547039252388,0.9572744041800176,0.03166666667,0.014805547039252388,0.9572744041800176,-0.03166666667,0.07430993354854293,1.5674203336144106,0.05277777778,0.07430993354854293,1.5674203336144106,-0.05277777778,-0.05834998342129732,0.549270804148632,0.02111111111,-0.19562449186699574,0.10103186380815132,0.02111111111,-0.29279316585837134,0.05626820824136192,0.01583333333,-0.050127279974569144,0.033907612893219925,0.01583333333,0.14978902995657742,0.5738412448847685,-0.02111111111,0.2589743309097813,0.11908757319334284,-0.02111111111,0.19030787148388684,0.03656930529220827,-0.01583333333,0.4231302726255811,0.10854470333007846,-0.01583333333
2.35,0.014772242539031297,0.9557816871758551,0.03166666667,0.014772242539031297,0.9557816871758551,-0.03166666667,0.07418514425704215,1.565936531726525,0.05277777778,0.07418514425704215,1.565936531726525,-0.05277777778,-0.062105853913099605,0.5482425617734996,0.02111111111,-0.2062527953870898,0.10202964143239701,0.02111111111,-0.3040041787017763,0.05858987672615566,0.01583333333,-0.06163082926273539,0.03325437045936921,0.01583333333,0.1473221012939163,0.5714509093012944,-0.02111111111,0.26956233779677086,0.12079062589688144,-0.02111111111,0.20411127040275318,0.03571234974042542,-0.01583333333,0.4336626070666022,0.117522570568474,-0.01583333333
2.36,0.015125915919893016,0.9543582799803184,0.03166666667,0.015125915919893016,0.9543582799803184,-0.03166666667,0.07390894549363589,1.5645741292118331,0.05277777778,0.07390894549363589,1.5645741292118331,-0.05277777778,-0.06511148672034918,0.5472440422748542,0.02111111111,-0.2166276822090041,0.1033028289332798,0.02111111111,-0.31502684522540786,0.061378651602513476,0.01583333333,-0.07304672804191445,0.03252815275142534,0.01583333333,0.1458409558675223,0.5693540570818633,-0.02111111111,0.27633275094453585,0.121529956815556,-0.02111111111,0.21300980579982837,0.03486694418115602,-0.01583333333,0.44021686640445273,0.12297869145415247,-0.01583333333
2.37,0.015779973300611854,0.9530270478755094,0.03166666667,0.015779973300611854,0.9530270478755094,-0.03166666667,0.07353203500262197,1.5633413329683403,0.05277777778,0.07353203500262197,1.5633413329683403,-0.05277777778,-0.06730686811542258,0.5462733986917644,0.02111111111,-0.22671158451059842,0.1048802948091383,0.02111111111,-0.32582322676363384,0.06468499111411616,0.01583333333,-0.08436864791316384,0.03172418487039656,0.01583333333,0.1455197030472326,0.567659190604403,-0.02111111111,0.2794378877237066,0.12107701034581175,-0.02111111111,0.2168773641325116,0.03386313209251878,-0.01583333333,0.4432792273265209,0.12402368188218502,-0.01583333333
2.38,0.01667337575438838,0.9518015131479032,0.03166666667,0.01667337575438838,0.9518015131479032,-0.03166666667,0.07310473561553671,1.5622393304916748,0.05277777778,0.07310473561553671,1.5622393304916748,-0.05277777778,-0.06867186727689151,0.5453261540586452,0.02111111111,-0.2364640673560782,0.10678198701582647,0.02111111111,-0.3363477980684747,0.06854502772107099,0.01583333333,-0.09558933695856472,0.030834395267056364,0.01583333333,0.14639787930257764,0.5664105891988622,-0.02111111111,0.27912489930325823,0.1194077184456338,-0.02111111111,0.21583258693429636,0.03271114557952887,-0.01583333333,0.4432636974893732,0.12024295892632411,-0.01583333333
2.39,0.01777597616552973,0.950684522104527,0.03166666667,0.01777597616552973,0.950684522104527,-0.03166666667,0.0726737061510102,1.56126217192611,0.05277777778,0.0726737061510102,1.56126217192611,-0.05277777778,-0.06918958605912413,0.5443917707151549,0.02111111111,-0.24584860312666473,0.1090255907643547,0.02111111111,-0.34655580304062467,0.07299212227089039,0.01583333333,-0.1067100928888122,0.029855551731884977,0.01583333333,0.14836814826424877,0.5655846189323097,-0.02111111111,0.2756453917323819,0.116667400570723,-0.02111111111,0.2102669336089139,0.03151506507734465,-0.01583333333,0.4402771905821791,0.11202599652883335,-0.01583333333
2.4,0.01915060135723024,0.9496791563474632,0.03166666667,0.01915060135723024,0.9496791563474632,-0.03166666667,0.07225405096227643,1.5604154749492396,0.05277777778,0.07225405096227643,1.5604154749492396,-0.05277777778,-0.06885419198861904,0.5434731652840966,0.02111111111,-0.2548171533604685,0.11163987641972606,0.02111111111,-0.3563900950267922,0.07807518458742452,0.01583333333,-0.11773406761167607,0.02877986052388712,0.01583333333,0.15096109741929542,0.5649964162862109,-0.02111111111,0.269449755631863,0.11317208906027604,-0.02111111111,0.20105622476209245,0.030412989357508968,-0.01583333333,0.43442814241158234,0.10058617831663755,-0.01583333333
2.41,0.020920278802507495,0.9488026989986169,0.03166666667,0.020920278802507495,0.9488026989986169,-0.03166666667,0.0718585938784194,1.5597234101194901,0.05277777778,0.0718585938784194,1.5597234101194901,-0.05277777778,-0.06763016950830471,0.5425927073406432,0.02111111111,-0.2632878011662292,0.11467211100991531,0.02111111111,-0.3657589592258037,0.08387056500804377,0.01583333333,-0.12865067734276178,0.027599870516454614,0.01583333333,0.15303967620337344,0.5642033151967474,-0.02111111111,0.2617906889721603,0.10944865471755966,-0.02111111111,0.19035474860157925,0.029309963681698734,-0.01583333333,0.4267018236322101,0.08869673426706717,-0.01583333333
2.42,0.023042900362675735,0.9480772330745512,0.03166666667,0.023042900362675735,0.9480772330745512,-0.03166666667,0.07152195022140759,1.5591980140532387,0.05277777778,0.07152195022140759,1.5591980140532387,-0.05277777778,-0.06540159135862066,0.5417493191039054,0.02111111111,-0.2711605143637476,0.11816323791932049,0.02111111111,-0.37454887852706736,0.09045857378826118,0.01583333333,-0.13944910092792606,0.026311687901819883,0.01583333333,0.15435303830742478,0.5631492597064583,-0.02111111111,0.25360445680985244,0.10582307255831408,-0.02111111111,0.17949116358673128,0.02817532996953344,-0.01583333333,0.4180803877296809,0.07779297319207232,-0.01583333333
2.43,0.025409066236520464,0.9475255658164381,0.03166666667,0.025409066236520464,0.9475255658164381,-0.03166666667,0.07125809457224169,1.5588492884216356,0.05277777778,0.07125809457224169,1.5588492884216356,-0.05277777778,-0.062029174716940416,0.5409337730365051,0.02111111111,-0.2783194922849446,0.12215376829616664,0.02111111111,-0.3826249576882421,0.09792835913970846,0.01583333333,-0.15012840333318764,0.024907262125756044,0.01583333333,0.15543179401279017,0.5620946635421677,-0.02111111111,0.2449884280967451,0.10239537605311344,-0.02111111111,0.16850133928980585,0.027109664198771352,-0.01583333333,0.4087394235035656,0.06800454516688638,-0.01583333333
2.44,0.027877163408421564,0.947163105780455,0.03166666667,0.027877163408421564,0.947163105780455,-0.03166666667,0.07110014792755799,1.55867811036208,0.05277777778,0.07110014792755799,1.55867811036208,-0.05277777778,-0.057341510722365714,0.5401296318837857,0.02111111111,-0.2846167865726982,0.126685469151662,0.02111111111,-0.3898124808213981,0.10638374406794038,0.01583333333,-0.16069392725084264,0.02336918627335613,0.01583333333,0.15673624287163207,0.5612763974257151,-0.02111111111,0.23577148388961278,0.09924739295172147,-0.02111111111,0.15730091691531514,0.026040444623166965,-0.01583333333,0.39860123436925043,0.060112209953479316,-0.01583333333
2.45,0.03038509476245447,0.9470136856610523,0.03166666667,0.03038509476245447,0.9470136856610523,-0.03166666667,0.07106034456004949,1.5587034364932117,0.05277777778,0.07106034456004949,1.5587034364932117,-0.05277777778,-0.0511866825319458,0.5393540043428808,0.02111111111,-0.2898417457500165,0.13180560769007515,0.02111111111,-0.3958615698842611,0.11594388418067492,0.01583333333,-0.17114414655148957,0.02166340875350184,0.01583333333,0.15809518376115989,0.5606796864371295,-0.02111111111,0.2259868897481458,0.09646675035189467,-0.02111111111,0.14589456685126173,0.025027065854096656,-0.01583333333,0.38784394801231653,0.05413420160937918,-0.01583333333
2.46,0.03260902632470673,0.9470488696731906,0.03166666667,0.03260902632470673,0.9470488696731906,-0.03166666667,0.07125771660289128,1.5588700085356748,0.05277777778,0.07125771660289128,1.5588700085356748,-0.05277777778,-0.043414139692844474,0.5385739776803669,0.02111111111,-0.29377005575574316,0.13749801655460292,0.02111111111,-0.4004868728434692,0.12666056575984008,0.01583333333,-0.1814999249825517,0.019742629646886473,0.01583333333,0.1598945358081765,0.5605333962551575,-0.02111111111,0.21567509695107245,0.09424248570939298,-0.02111111111,0.13428102081222323,0.024261927667542788,-0.01583333333,0.3765803994996373,0.05029535778704407,-0.01583333333
2.47,0.03443382464102529,0.9472598985852501,0.03166666667,0.03443382464102529,0.9472598985852501,-0.03166666667,0.07169147725759283,1.5591673217635518,0.05277777778,0.07169147725759283,1.5591673217635518,-0.05277777778,-0.03398189570267194,0.5378416797352623,0.02111111111,-0.2961061866017272,0.14373066966594583,0.02111111111,-0.4033074341080888,0.13856495234476865,0.01583333333,-0.19178929159682687,0.017540972139689887,0.01583333333,0.16201654082554637,0.5608281488393312,-0.02111111111,0.2049479244872125,0.09267649856797139,-0.02111111111,0.12250661101114788,0.023906561197782568,-0.01583333333,0.36496925791366613,0.04837272667418214,-0.01583333333
2.48,0.036164215509871526,0.947678512010877,0.03166666667,0.036164215509871526,0.947678512010877,-0.03166666667,0.07217196651701194,1.5596607577391448,0.05277777778,0.07217196651701194,1.5596607577391448,-0.05277777778,-0.023065441377479935,0.5373177942671467,0.02111111111,-0.29652158898023434,0.15039321994337185,0.02111111111,-0.4038764180152641,0.1515674708782786,0.01583333333,-0.20206039203570508,0.014976768215499286,0.01583333333,0.16329670532881102,0.5610677049216816,-0.02111111111,0.19400690151608804,0.09153016893818028,-0.02111111111,0.11065272094638329,0.02386359810377363,-0.01583333333,0.35323313660826,0.04713311321270852,-0.01583333333
2.49,0.03788804965889592,0.9482898593246013,0.03166666667,0.03788804965889592,0.9482898593246013,-0.03166666667,0.07261613396517867,1.5603460555840805,0.05277777778,0.07261613396517867,1.5603460555840805,-0.05277777778,-0.01102215968265284,0.5371074359856916,0.02111111111,-0.29476035892955377,0.15714794085401423,0.02111111111,-0.4017879691239974,0.16528612803605047,0.01583333333,-0.21242243736045258,0.011899610453820653,0.01583333333,0.1632808083133196,0.5610471571427074,-0.02111111111,0.18293512447737714,0.09059921249104647,-0.02111111111,0.09875019494545782,0.023980389558100508,-0.01583333333,0.3414490739561908,0.04597999235059315,-0.01583333333
2.5,0.039479506117892735,0.9490461060238922,0.03166666667,0.039479506117892735,0.9490461060238922,-0.03166666667,0.07305045159150675,1.5611668611361607,0.05277777778,0.07305045159150675,1.5611668611361607,-0.05277777778,0.001619339133445464,0.5372624728405953,0.02111111111,-0.2906951542896381,0.16345830198183448,0.02111111111,-0.39674591288393796,0.17905977645261692,0.01583333333,-0.2230364619808729,0.008145309355622854,0.01583333333,0.16214844039544996,0.5608428567069175,-0.02111111111,0.17186648729882323,0.08985199819794754,-0.02111111111,0.08690150805689606,0.024252018397538495,-0.01583333333,0.3297286955729587,0.04478699828875744,-0.01583333333
2.51,0.040873926815797684,0.9498985554623938,0.03166666667,0.040873926815797684,0.9498985554623938,-0.03166666667,0.07347713997060364,1.5620716173584466,0.05277777778,0.07347713997060364,1.5620716173584466,-0.05277777778,0.014351361612784146,0.537795371252934,0.02111111111,-0.2843605643970972,0.16879559908740766,0.02111111111,-0.38861352536434113,0.19218080777028965,0.01583333333,-0.2341060634606323,0.0037287645015370297,0.01583333333,0.15998693646025217,0.5604788398300806,-0.02111111111,0.16079847055486432,0.08922560426508219,-0.02111111111,0.07513358131339928,0.024568988860138967,-0.01583333333,0.31807730826154224,0.043675896842331974,-0.01583333333
2.52,0.041973038574409406,0.9506454721673453,0.03166666667,0.041973038574409406,0.9506454721673453,-0.03166666667,0.07382794088449506,1.562857929095511,0.05277777778,0.07382794088449506,1.562857929095511,-0.05277777778,0.027341950233090224,0.538530098867913,0.02111111111,-0.27802040528439687,0.17478974330622565,0.02111111111,-0.38022465219504703,0.2045587345509459,0.01583333333,-0.2427202001229412,0.003364166889580411,0.01583333333,0.15718061534322333,0.5599325567173945,-0.02111111111,0.14971712645840218,0.08861075894804754,-0.02111111111,0.0634474276786122,0.024797341037143948,-0.01583333333,0.3064787553620919,0.04275568618637557,-0.01583333333
2.53,0.04288861291709837,0.9513049745191086,0.03166666667,0.04288861291709837,0.9513049745191086,-0.03166666667,0.07403305036361905,1.5635539853270854,0.05277777778,0.07403305036361905,1.5635539853270854,-0.05277777778,0.04052204995914377,0.5395150669226394,0.02111111111,-0.2722240846436816,0.18195410929137523,0.02111111111,-0.3726577890132589,0.21641965665757368,0.01583333333,-0.2476474149657113,0.00723281487113131,0.01583333333,0.15369960410362948,0.5591853400956266,-0.02111111111,0.13857260045262032,0.08795832191413172,-0.02111111111,0.051816623477799854,0.024850797144899177,-0.01583333333,0.2948991419537222,0.04210239438969631,-0.01583333333
2.54,0.04361656751965136,0.9519234662460956,0.03166666667,0.04361656751965136,0.9519234662460956,-0.03166666667,0.07409969172458897,1.564205759275963,0.05277777778,0.07409969172458897,1.564205759275963,-0.05277777778,0.05375976119591623,0.5408197030292897,0.02111111111,-0.26679732645500853,0.19019410488940452,0.02111111111,-0.3659052591722585,0.22801098562355704,0.01583333333,-0.24912052183381667,0.014123039444056351,0.01583333333,0.1496305409348561,0.5583272293183144,-0.02111111111,0.12739143883673687,0.0873249438321752,-0.02111111111,0.04022257375889091,0.024838989423935802,-0.01583333333,0.2833395503428126,0.041597989775588484,-0.01583333333
2.5500000000000003,0.04409966184281858,0.9525635612136657,0.03166666667,0.04409966184281858,0.9525635612136657,-0.03166666667,0.07409632398449219,1.564869879554057,0.05277777778,0.07409632398449219,1.564869879554057,-0.05277777778,0.0670257315053019,0.5425355248989687,0.02111111111,-0.2608624219818707,0.19881866972391027,0.02111111111,-0.3590292376487502,0.23902912405837012,0.01583333333,-0.24741224959499736,0.02239954072797129,0.01583333333,0.144742312893722,0.5573878936711192,-0.02111111111,0.11612241929967354,0.08671547526049828,-0.02111111111,0.028634725315928103,0.024732469393067676,-0.01583333333,0.2717651011717143,0.041295945245616014,-0.01583333333
2.56,0.04433222071816206,0.953255188465363,0.03166666667,0.04433222071816206,0.953255188465363,-0.03166666667,0.07404692117299577,1.5655752549306763,0.05277777778,0.07404692117299577,1.5655752549306763,-0.05277777778,0.08020041251125624,0.544704439105034,0.02111111111,-0.2542223455775321,0.20751566041078295,0.02111111111,-0.3517621276782281,0.24940967442703235,0.01583333333,-0.2430794414923042,0.0312931869266469,0.01583333333,0.1391810431242548,0.5564620255858086,-0.02111111111,0.10477922093894666,0.08619492661511485,-0.02111111111,0.01701524123983677,0.02466078943866839,-0.01583333333,0.26015571974734136,0.04107529848510431,-0.01583333333
2.57,0.04437309105428164,0.9540306742664488,0.03166666667,0.04437309105428164,0.9540306742664488,-0.03166666667,0.07395422281148853,1.5663572079583745,0.05277777778,0.07395422281148853,1.5663572079583745,-0.05277777778,0.09309276729005506,0.5473345622160883,0.02111111111,-0.24672707789180176,0.21585213066925202,0.02111111111,-0.34391630139241797,0.25882203877025584,0.01583333333,-0.236399007047655,0.04012873797465438,0.01583333333,0.13292010249899258,0.5555769039299354,-0.02111111111,0.09334199525178669,0.08577124407233544,-0.02111111111,0.005341382189788739,0.024632085019036652,-0.01583333333,0.24848940897407157,0.04093439979343404,-0.01583333333
2.58,0.044231910663248705,0.9549085395995798,0.03166666667,0.044231910663248705,0.9549085395995798,-0.03166666667,0.07384348224176943,1.5672336020034114,0.05277777778,0.07384348224176943,1.5672336020034114,-0.05277777778,0.10551017931158596,0.5504025661767838,0.02111111111,-0.23823224919607228,0.22331558185670192,0.02111111111,-0.3353506635845443,0.2667502368285858,0.01583333333,-0.22737456917414123,0.048283096434499156,0.01583333333,0.1260274766637036,0.5547884326091401,-0.02111111111,0.08185157416919232,0.08548072499893761,-0.02111111111,-0.006372667765011983,0.024715011501804524,-0.01583333333,0.23678971151070005,0.04080182911961158,-0.01583333333
2.59,0.04398868722994323,0.9559001803421592,0.03166666667,0.04398868722994323,0.9559001803421592,-0.03166666667,0.07371096566983075,1.5682198790156119,0.05277777778,0.07371096566983075,1.5682198790156119,-0.05277777778,0.11723216483180139,0.5538311451334303,0.02111111111,-0.22880082701159615,0.22951103053471444,0.02111111111,-0.32628016951531646,0.27252167047252285,0.01583333333,-0.21531637028669953,0.05555678009427528,0.01583333333,0.11842778052895421,0.5540932832461245,-0.02111111111,0.07029596547167694,0.08530499673552516,-0.02111111111,-0.01812479596532003,0.0248688659922761,-0.01583333333,0.22505376526846954,0.04070918645487616,-0.01583333333
2.6,0.043663020733545256,0.9570214997363963,0.03166666667,0.043663020733545256,0.9570214997363963,-0.03166666667,0.07357498547259456,1.5693319614995906,0.05277777778,0.07357498547259456,1.5693319614995906,-0.05277777778,0.12795624118755847,0.5575116229007209,0.02111111111,-0.21812537868885973,0.23353617411112515,0.02111111111,-0.3162897041749392,0.27533730846675286,0.01583333333,-0.20060013323306602,0.06085502115290703,0.01583333333,0.11024508591986043,0.5535595848440285,-0.02111111111,0.0587348403897143,0.08529894667997978,-0.02111111111,-0.029896897434303835,0.02520231799597062,-0.01583333333,0.2133136361264557,0.04054392029770075,-0.01583333333
2.61,0.043229121745603144,0.9582517659180446,0.03166666667,0.043229121745603144,0.9582517659180446,-0.03166666667,0.07344973100902819,1.5705470721183727,0.05277777778,0.07344973100902819,1.5705470721183727,-0.05277777778,0.1374982461638799,0.561312449870588,0.02111111111,-0.20622969644021216,0.2350372040282328,0.02111111111,-0.3054633517313814,0.2746311844601944,0.01583333333,-0.18277784740373398,0.06407241493499832,0.01583333333,0.10174863558743744,0.5532483057612144,-0.02111111111,0.047262189675915084,0.08551673494828049,-0.02111111111,-0.04164674826888645,0.025841270429927198,-0.01583333333,0.20162523603407062,0.040175496931403036,-0.01583333333
2.62,0.04266582517065316,0.9595551124993725,0.03166666667,0.04266582517065316,0.9595551124993725,-0.03166666667,0.07331938530104187,1.5718288964151457,0.05277777778,0.07331938530104187,1.5718288964151457,-0.05277777778,0.14586646978951284,0.5651308351159208,0.02111111111,-0.19308179286020638,0.23397288531914207,0.02111111111,-0.29366333056608274,0.2704077425784401,0.01583333333,-0.16209918917993188,0.0652794775893881,0.01583333333,0.09320119765654587,0.5531806409005215,-0.02111111111,0.03593814051281691,0.08598031445554338,-0.02111111111,-0.053340243719329807,0.026849386201959875,-0.01583333333,0.1900219199986128,0.039561021290143425,-0.01583333333
2.63,0.0419597832267348,0.9608885835997214,0.03166666667,0.0419597832267348,0.9608885835997214,-0.03166666667,0.07317004384354003,1.573134242507514,0.05277777778,0.07317004384354003,1.573134242507514,-0.05277777778,0.1530715742852467,0.5688639368895876,0.02111111111,-0.178608945481876,0.23038773684351532,0.02111111111,-0.280673602407135,0.26281483498802,0.01583333333,-0.13893607813820807,0.0645796145800179,0.01583333333,0.0848486694899222,0.5533458079909317,-0.02111111111,0.024689954475489558,0.08669544883156571,-0.02111111111,-0.06501452759840096,0.028196460560026483,-0.01583333333,0.17844172657982837,0.038956604499548145,-0.01583333333
2.64,0.041170865278631195,0.9622106578006214,0.03166666667,0.041170865278631195,0.9622106578006214,-0.03166666667,0.07297424697164537,1.5744257932980172,0.05277777778,0.07297424697164537,1.5744257932980172,-0.05277777778,0.1592319026551352,0.5724283573816282,0.02111111111,-0.16281973030095476,0.22464018868613117,0.02111111111,-0.26636232839828755,0.25233775697240196,0.01583333333,-0.11368709879430633,0.06239828592579344,0.01583333333,0.0765955377283769,0.5536609251676805,-0.02111111111,0.013381611013706857,0.08759054169969499,-0.02111111111,-0.07673002788057978,0.029710674044362576,-0.01583333333,0.16679979362277303,0.03865239841044246,-0.01583333333
2.65,0.0403244610222404,0.9634751595585179,0.03166666667,0.0403244610222404,0.9634751595585179,-0.03166666667,0.07272669460294046,1.5756588921733172,0.05277777778,0.07272669460294046,1.5756588921733172,-0.05277777778,0.16450630866941937,0.5757733933298079,0.02111111111,-0.14574218162273375,0.21721283976963457,0.02111111111,-0.2506303562709852,0.2396036491734096,0.01583333333,-0.08674886243947066,0.05924405176965325,0.01583333333,0.06832958354506385,0.5540532868757215,-0.02111111111,0.002011971272167609,0.08858912192051316,-0.02111111111,-0.08848327332220124,0.03130547084971533,-0.01583333333,0.15510255653295263,0.038563011057653945,-0.01583333333
2.66,0.03942275121161076,0.964638272252392,0.03166666667,0.03942275121161076,0.964638272252392,-0.03166666667,0.0724365767317152,1.5767893275841085,0.05277777778,0.0724365767317152,1.5767893275841085,-0.05277777778,0.16901661977863167,0.5788598256765591,0.02111111111,-0.12741375014797143,0.20855645479618967,0.02111111111,-0.23341935974582656,0.22517417035099588,0.01583333333,-0.0584117176523367,0.05558922524981427,0.01583333333,0.05998812300390228,0.554470110610837,-0.02111111111,-0.009399751693602812,0.08963276483377086,-0.02111111111,-0.10026462035838576,0.03293297665792143,-0.01583333333,0.14336427755899428,0.03856223021915588,-0.01583333333
2.67,0.038415221810587,0.9656567561023522,0.03166666667,0.038415221810587,0.9656567561023522,-0.03166666667,0.07213669506804508,1.5777692371551018,0.05277777778,0.07213669506804508,1.5777692371551018,-0.05277777778,0.17285824325122745,0.5816704845554413,0.02111111111,-0.10787165972501517,0.19908504523785403,0.02111111111,-0.21469074780693015,0.20957086879080772,0.01583333333,-0.0289381249949896,0.051828383979078074,0.01583333333,0.05166500392896217,0.5548822372872522,-0.02111111111,-0.020821340297973702,0.09069348747978007,-0.02111111111,-0.11205638058229611,0.034587173630225954,-0.01583333333,0.1316049731634723,0.03857127790513483,-0.01583333333
2.68,0.037301261705770125,0.9665021345640157,0.03166666667,0.037301261705770125,0.9665021345640157,-0.03166666667,0.0718412445691366,1.5785689747073162,0.05277777778,0.0718412445691366,1.5785689747073162,-0.05277777778,0.17608094259047427,0.5841749919357793,0.02111111111,-0.08714405639335746,0.18911632442689563,0.02111111111,-0.1944165458728176,0.19322775134683878,0.01583333333,0.001412328371478977,0.04818368766857137,0.01583333333,0.043333140979132156,0.5552535028486405,-0.02111111111,-0.032250510345326444,0.09173303330645943,-0.02111111111,-0.12385378704629482,0.036225742391974215,-0.01583333333,0.11982900489074105,0.038554971849343415,-0.01583333333
2.69,0.03603302466892354,0.9671475383070213,0.03166666667,0.03603302466892354,0.9671475383070213,-0.03166666667,0.07158698086252899,1.5791563155465225,0.05277777778,0.07158698086252899,1.5791563155465225,-0.05277777778,0.17869788202660916,0.5863539768636843,0.02111111111,-0.06531141403024152,0.1789573567627598,0.02111111111,-0.17264279828389273,0.1764536515615944,0.01583333333,0.03259322612034285,0.04505767490006246,0.01583333333,0.035107350309246436,0.5555620594939004,-0.02111111111,-0.04367048217943241,0.09273578358707779,-0.02111111111,-0.13564633944402188,0.03784498443223753,-0.01583333333,0.10804671631068813,0.03849534819632448,-0.01583333333
2.7,0.03462594937752624,0.967583144753776,0.03166666667,0.03462594937752624,0.967583144753776,-0.03166666667,0.07138342613289761,1.5795208173330875,0.05277777778,0.07138342613289761,1.5795208173330875,-0.05277777778,0.1806924420465306,0.5881701110085888,0.02111111111,-0.04237739457271711,0.16880413795363203,0.02111111111,-0.14934351008530605,0.15958516112411858,0.01583333333,0.06433553910416362,0.04241864571302502,0.01583333333,0.026942085496780663,0.5557838420761627,-0.02111111111,-0.05508574866770176,0.09367620894808493,-0.02111111111,-0.14743187889461054,0.039408890071154584,-0.01583333333,0.09625990107592566,0.03838674972581131,-0.01583333333
2.71,0.033080812355946045,0.9678000931856391,0.03166666667,0.033080812355946045,0.9678000931856391,-0.03166666667,0.0712453645464115,1.5796516227051032,0.05277777778,0.0712453645464115,1.5796516227051032,-0.05277777778,0.1820866453356243,0.5896098132190672,0.02111111111,-0.018418535412720177,0.1589278677514771,0.02111111111,-0.12459400639125308,0.14301697389647927,0.01583333333,0.09640590964916002,0.0403243962376037,0.01583333333,0.018827268366024344,0.5559013027334673,-0.02111111111,-0.0665001748268582,0.09453734437824857,-0.02111111111,-0.15920986899224307,0.040893739443233865,-0.01583333333,0.08446951988921939,0.038232192815642566,-0.01583333333
2.72,0.031372485264281214,0.9677924351168966,0.03166666667,0.031372485264281214,0.9677924351168966,-0.03166666667,0.07120166753433577,1.5795378588504176,0.05277777778,0.07120166753433577,1.5795378588504176,-0.05277777778,0.18283350030845943,0.5906471216700697,0.02111111111,0.006391604054832356,0.14956916753854405,0.02111111111,-0.0985469349470399,0.12690710445762735,0.01583333333,0.12884049392496066,0.03926187876292839,0.01583333333,0.010869631946421177,0.5559021923671035,-0.02111111111,-0.07791240816944828,0.09531833281231084,-0.02111111111,-0.17098382357696104,0.04230878612725533,-0.01583333333,0.07267265050522931,0.03803666324410514,-0.01583333333
2.73,0.029538545393562845,0.9675678041602335,0.03166666667,0.029538545393562845,0.9675678041602335,-0.03166666667,0.07125496059497227,1.5791874309888287,0.05277777778,0.07125496059497227,1.5791874309888287,-0.05277777778,0.1828616887048928,0.5912327245633872,0.02111111111,0.03192678310020111,0.1408906248826446,0.02111111111,-0.07130233915130053,0.11142066735694822,0.01583333333,0.1615232437367699,0.03945556227869482,0.01583333333,0.003014380090277498,0.5557808925177956,-0.02111111111,-0.08932836852364359,0.09601284330681392,-0.02111111111,-0.18275455954581532,0.04363868750452698,-0.01583333333,0.06086952220023739,0.03780471891646942,-0.01583333333
2.74,0.027628161154819596,0.9671441275036364,0.03166666667,0.027628161154819596,0.9671441275036364,-0.03166666667,0.07140425977548545,1.578619785570873,0.05277777778,0.07140425977548545,1.578619785570873,-0.05277777778,0.18200354913167946,0.5912816794489553,0.02111111111,0.058180645691397775,0.13295854116979527,0.02111111111,-0.04284647273100306,0.09666276798473283,0.01583333333,0.1943763543415104,0.04087693903312373,0.01583333333,-0.0047794621681061305,0.5555469710278638,-0.02111111111,-0.10074697359521083,0.09662956759764729,-0.02111111111,-0.19452015933554734,0.044889637131934466,-0.01583333333,0.049062809885747266,0.03753671244636429,-0.01583333333
2.75,0.025661352126889154,0.966540794719672,0.03166666667,0.025661352126889154,0.966540794719672,-0.03166666667,0.07165947727666089,1.5778533168406508,0.05277777778,0.07165947727666089,1.5778533168406508,-0.05277777778,0.18006687097378224,0.5907154640659942,0.02111111111,0.0852703966514716,0.12587857026422278,0.02111111111,-0.013098358635540028,0.08289685843061574,0.01583333333,0.22733041376787605,0.043138415343892844,0.01583333333,-0.012446993532010592,0.555212430722912,-0.02111111111,-0.11214981319644096,0.09718821961296281,-0.02111111111,-0.20626880749509613,0.046093179578810164,-0.01583333333,0.037263923850568564,0.03723106022652595,-0.01583333333
2.76,0.023652748833769378,0.9657627248356458,0.03166666667,0.023652748833769378,0.9657627248356458,-0.03166666667,0.07203057186930387,1.5768915275094755,0.05277777778,0.07203057186930387,1.5768915275094755,-0.05277777778,0.17699280248901478,0.5895083733700555,0.02111111111,0.11310534918214012,0.11995835620041412,0.02111111111,0.017858808682752525,0.07043342483258869,0.01583333333,0.2603809866201652,0.04656458312236397,0.01583333333,-0.01990274429436615,0.5547714533162191,-0.02111111111,-0.12352487447593202,0.09769607836444694,-0.02111111111,-0.21799364034627464,0.04726750404116283,-0.01583333333,0.025479117395810352,0.036887492790792065,-0.01583333333
2.77,0.021603887538015943,0.9648052025047291,0.03166666667,0.021603887538015943,0.9648052025047291,-0.03166666667,0.07252105797039006,1.575727676288733,0.05277777778,0.07252105797039006,1.575727676288733,-0.05277777778,0.17301510395446162,0.5877642004183996,0.02111111111,0.14132257578037538,0.11567493437653797,0.02111111111,0.04958964183295524,0.059899331150116385,0.01583333333,0.2931347655287989,0.05138457219463224,0.01583333333,-0.02707168983801222,0.5542054254080179,-0.02111111111,-0.13487630930164424,0.09815135502856731,-0.02111111111,-0.2297000738060308,0.048416145489304376,-0.01583333333,0.013703190274728189,0.03651742997349505,-0.01583333333
2.78,0.01960495522180644,0.9636667213877628,0.03166666667,0.01960495522180644,0.9636667213877628,-0.03166666667,0.07307944302070972,1.5743706646973268,0.05277777778,0.07307944302070972,1.5743706646973268,-0.05277777778,0.16855182176239086,0.585629992211936,0.02111111111,0.16881312298278164,0.11337495414107573,0.02111111111,0.08103223804933835,0.0515608657860322,0.01583333333,0.3246215813646962,0.058699508464199635,0.01583333333,-0.033889612469770576,0.5534982792562019,-0.02111111111,-0.14619823534312942,0.09855810262915865,-0.02111111111,-0.24138461718590348,0.04955022679582027,-0.01583333333,0.0019391864830395344,0.036124320339587894,-0.01583333333
2.79,0.017771601073793653,0.9623693077681134,0.03166666667,0.017771601073793653,0.9623693077681134,-0.03166666667,0.07363382582127202,1.5728594707236425,0.05277777778,0.07363382582127202,1.5728594707236425,-0.05277777778,0.16397790422409483,0.5832420093420527,0.02111111111,0.19453858695279402,0.11299620215061751,0.02111111111,0.11102524101723531,0.045526399658721003,0.01583333333,0.3536505780569913,0.06832276389599845,0.01583333333,-0.04028911755630716,0.5526592606421187,-0.02111111111,-0.15747587453690748,0.09894860317203452,-0.02111111111,-0.25304029753293095,0.050718899085144944,-0.01583333333,-0.009809171507086267,0.03570731261690349,-0.01583333333
2.8000000000000003,0.016310191908265236,0.9609519031593459,0.03166666667,0.016310191908265236,0.9609519031593459,-0.03166666667,0.07408029459195564,1.5712644808235474,0.05277777778,0.07408029459195564,1.5712644808235474,-0.05277777778,0.15937606178593736,0.5805933694052313,0.02111111111,0.2174998910415575,0.11404706023527983,0.02111111111,0.13870578811501785,0.04112367365191164,0.01583333333,0.3791572403290733,0.08074472265677332,0.01583333333,-0.046240220335834414,0.5517245846377814,-0.02111111111,-0.1686779910991012,0.09937887393529332,-0.02111111111,-0.2646465618329434,0.051999667182029696,-0.01583333333,-0.021528576558457108,0.035255305976880445,-0.01583333333
2.81,0.01531609797917833,0.9594703399387624,0.03166666667,0.01531609797917833,0.9594703399387624,-0.03166666667,0.07435438969099684,1.5696615454890854,0.05277777778,0.07435438969099684,1.5696615454890854,-0.05277777778,0.15485401590289202,0.577753030857107,0.02111111111,0.23741471214495502,0.11603032230497612,0.02111111111,0.1632075552000607,0.03844787618674132,0.01583333333,0.40066104627097365,0.09324356921392817,0.01583333333,-0.05166022678940702,0.5507425245979427,-0.02111111111,-0.1797542604717175,0.09991935318744877,-0.02111111111,-0.2761683352866813,0.05349558382927185,-0.01583333333,-0.03319620815664698,0.03475328317006008,-0.01583333333
2.82,0.014733460938144555,0.9579586515176222,0.03166666667,0.014733460938144555,0.9579586515176222,-0.03166666667,0.07446346895111067,1.5680825351363321,0.05277777778,0.07446346895111067,1.5680825351363321,-0.05277777778,0.1509409342771321,0.5749852244055857,0.02111111111,0.25375922990121147,0.11839527914862152,0.02111111111,0.18366731707022274,0.03708091218299746,0.01583333333,0.4177980126971902,0.10467932755884886,0.01583333333,-0.05644939586069099,0.5497286342741958,-0.02111111111,-0.19067878821644996,0.10061451176546582,-0.02111111111,-0.2875890739670291,0.055277782530473316,-0.01583333333,-0.0448084517399949,0.03419940813518544,-0.01583333333
2.83,0.014539467981198378,0.9564533948920437,0.03166666667,0.014539467981198378,0.9564533948920437,-0.03166666667,0.07441284825863494,1.5665632256220197,0.05277777778,0.07441284825863494,1.5665632256220197,-0.05277777778,0.14797859798031734,0.5724541136335142,0.02111111111,0.2661474653392023,0.12046330484137857,0.02111111111,0.1996121160540959,0.03622429768233388,0.01583333333,0.43033010525515875,0.11468408263687013,0.01583333333,-0.060553059210140404,0.5487037131870921,-0.02111111111,-0.20141270196489675,0.1015081245444669,-0.02111111111,-0.2988765794359096,0.05741324304696966,-0.01583333333,-0.056350545876866526,0.033583609348321525,-0.01583333333
2.84,0.014725706581972208,0.9549985055306931,0.03166666667,0.014725706581972208,0.9549985055306931,-0.03166666667,0.07420515425891264,1.5651468666063026,0.05277777778,0.07420515425891264,1.5651468666063026,-0.05277777778,0.1460910469427715,0.5702380676102594,0.02111111111,0.274567920297335,0.12169484197578867,0.02111111111,0.21066494111196213,0.035454392926080866,0.01583333333,0.4385476851021831,0.12180358740744959,0.01583333333,-0.06391574287326991,0.5476948640489963,-0.02111111111,-0.21190741368121724,0.10265181307689097,-0.02111111111,-0.30998858074717456,0.059979781458182606,-0.01583333333,-0.06780443568594519,0.03289531585416463,-0.01583333333
2.85,0.015258636973679338,0.9536288845288602,0.03166666667,0.015258636973679338,0.9536288845288602,-0.03166666667,0.07386535419080693,1.5638616924933597,0.05277777778,0.07386535419080693,1.5638616924933597,-0.05277777778,0.14537763341168836,0.5684081457964022,0.02111111111,0.2790707447701749,0.12172812662667504,0.02111111111,0.21652917558179904,0.03450261806283448,0.01583333333,0.44287015602601476,0.12481590040626946,0.01583333333,-0.0664554347983735,0.5467135165184147,-0.02111111111,-0.22212563915327999,0.10409436416642837,-0.02111111111,-0.3208929201034696,0.06305699088163705,-0.01583333333,-0.07916979732839563,0.03212706504984181,-0.01583333333
2.86,0.016069045633366936,0.9523628404477136,0.03166666667,0.016069045633366936,0.9523628404477136,-0.03166666667,0.07344414703930087,1.5627126786207608,0.05277777778,0.07344414703930087,1.5627126786207608,-0.05277777778,0.14588018542039008,0.5670155252128783,0.02111111111,0.27993495679412095,0.12047635715707566,0.02111111111,0.21729987323074704,0.033313254163186916,0.01583333333,0.44383831521080325,0.12313008277198675,0.01583333333,-0.06814713686187339,0.5457583754256006,-0.02111111111,-0.23202263851107358,0.10585877250610193,-0.02111111111,-0.3315405905919072,0.06668405542557196,-0.01583333333,-0.09043324633386718,0.0312725185918115,-0.01583333333
2.87,0.01711840729242463,0.9512092494737665,0.03166666667,0.01711840729242463,0.9512092494737665,-0.03166666667,0.07298837048917656,1.561698704281628,0.05277777778,0.07298837048917656,1.561698704281628,-0.05277777778,0.14749526620400505,0.5660448498692389,0.02111111111,0.27752342825735776,0.1180721524568607,0.02111111111,0.21329115308737312,0.03206161636679172,0.01583333333,0.44187275003763626,0.1165434601662809,0.01583333333,-0.0689906159414046,0.5448258490965189,-0.02111111111,-0.24156008345092905,0.1079639790641379,-0.02111111111,-0.34188546960249433,0.07089380320730473,-0.01583333333,-0.10159187878913634,0.030326345681397693,-0.01583333333
2.88,0.020063425216264256,0.9494166965024413,0.03166666667,0.020063425216264256,0.9494166965024413,-0.03166666667,0.07203302373271324,1.5602505430182065,0.05277777778,0.07203302373271324,1.5602505430182065,-0.05277777778,0.1512821909334484,0.5645036791097783,0.02111111111,0.26605601019812897,0.11156898496675116,0.02111111111,0.19622213897420393,0.030024975093545743,0.01583333333,0.43113226775737834,0.0948629253323236,0.01583333333,-0.06829791738149356,0.5432196210513532,-0.02111111111,-0.2580629971663665,0.11289470675125934,-0.02111111111,-0.3600010343259941,0.08041968489621279,-0.01583333333,-0.12193633465799775,0.02834351790899571,-0.01583333333
2.89,0.022085254556816158,0.9486203640413802,0.03166666667,0.022085254556816158,0.9486203640413802,-0.03166666667,0.07162826643922253,1.559655810797807,0.05277777778,0.07162826643922253,1.559655810797807,-0.05277777778,0.15262475563822128,0.5634281470916549,0.02111111111,0.25812994088077856,0.10783443242304308,0.02111111111,0.18543690793761458,0.028848058043205296,0.01583333333,0.42297365978304524,0.08328168660879096,0.01583333333,-0.06655933678472027,0.5423675623247002,-0.02111111111,-0.26625846519982266,0.11615025034560844,-0.02111111111,-0.3691139361035195,0.08660014276581297,-0.01583333333,-0.13279411609285535,0.027105007954459526,-0.01583333333
2.9,0.024263689361302798,0.9479660993492764,0.03166666667,0.024263689361302798,0.9479660993492764,-0.03166666667,0.07135321299274776,1.5591955194391227,0.05277777778,0.07135321299274776,1.5591955194391227,-0.05277777778,0.15385307615872434,0.5623972253527274,0.02111111111,0.24973414615306433,0.10428179791845388,0.02111111111,0.17451096194644475,0.027727241093740945,0.01583333333,0.41398140512694953,0.07290063192314901,0.01583333333,-0.0637458491157407,0.5415133627820243,-0.02111111111,-0.27382790865464085,0.11985805746877598,-0.02111111111,-0.3776091003135287,0.09358276530413304,-0.01583333333,-0.14354402135874195,0.025757495603355107,-0.01583333333
2.91,0.02642294422771572,0.9474610927362234,0.03166666667,0.02642294422771572,0.9474610927362234,-0.03166666667,0.07125147990744424,1.5588604954248568,0.05277777778,0.07125147990744424,1.5588604954248568,-0.05277777778,0.15569786431933677,0.5617467802606944,0.02111111111,0.2407763062307916,0.10103578243576383,0.02111111111,0.16338427783963128,0.02668693432012715,0.01583333333,0.4041431945862941,0.06439465770761493,0.01583333333,-0.05972273859381935,0.5406315813180873,-0.02111111111,-0.2806563164198512,0.12404713294252667,-0.02111111111,-0.38534769015883263,0.10144232251782938,-0.01583333333,-0.1541871315388763,0.02429619795798152,-0.01583333333
2.92,0.02867737381720762,0.947153885422376,0.03166666667,0.02867737381720762,0.947153885422376,-0.03166666667,0.07124921327662223,1.5587145657348436,0.05277777778,0.07124921327662223,1.5587145657348436,-0.05277777778,0.15778882868694208,0.5613478232136127,0.02111111111,0.2311405715615985,0.09813138147905476,0.02111111111,0.15201042565433903,0.02562391967631382,0.01583333333,0.39352779621306716,0.058121429034599166,0.01583333333,-0.05436590564854049,0.5397786136103817,-0.02111111111,-0.2865448192554422,0.12880103658195463,-0.02111111111,-0.3921034234240167,0.11033461458644063,-0.01583333333,-0.16471524189158024,0.022691341624589523,-0.01583333333
2.93,0.03117115436408474,0.9470994336534287,0.03166666667,0.03117115436408474,0.9470994336534287,-0.03166666667,0.0712737139778442,1.5588269971419733,0.05277777778,0.0712737139778442,1.5588269971419733,-0.05277777778,0.15917244770350553,0.5608601218158605,0.02111111111,0.22111794910574992,0.09556285621707017,0.02111111111,0.14052062441299315,0.024673116721708098,0.01583333333,0.3825568641421897,0.05304893483933662,0.01583333333,-0.0475786361268275,0.5390345836545902,-0.02111111111,-0.29123976840502475,0.13418073069642117,-0.02111111111,-0.39757767221623674,0.12039675354579603,-0.01583333333,-0.17512470276750552,0.020890950802761557,-0.01583333333
2.94,0.03350541658694835,0.9472555033178965,0.03166666667,0.03350541658694835,0.9472555033178965,-0.03166666667,0.07146683083724942,1.5591196698183736,0.05277777778,0.07146683083724942,1.5591196698183736,-0.05277777778,0.16046470012052244,0.5606140753608193,0.02111111111,0.21067525225908854,0.09348850118866725,0.02111111111,0.12887491154927797,0.023968277033106868,0.01583333333,0.37121693022417596,0.04960173916113833,0.01583333333,-0.039198513374230186,0.538349140976186,-0.02111111111,-0.2945084016590071,0.14013571940896985,-0.02111111111,-0.40146523108833254,0.13164287420728174,-0.01583333333,-0.18544810322975347,0.01884513988684379,-0.01583333333
2.95,0.03534698021735824,0.9475702524474544,0.03166666667,0.03534698021735824,0.9475702524474544,-0.03166666667,0.07192179696940522,1.5595188695704612,0.05277777778,0.07192179696940522,1.5595188695704612,-0.05277777778,0.16217554360072786,0.5608609884426601,0.02111111111,0.19978897095285114,0.0920867246751364,0.02111111111,0.11702762095002976,0.023696709469433794,0.01583333333,0.35949804767235427,0.048085652890329816,0.01583333333,-0.029217124491806978,0.5377268273603414,-0.02111111111,-0.29607364293105976,0.1465501105635606,-0.02111111111,-0.40338910402351624,0.1439924848244584,-0.01583333333,-0.19571412728831702,0.016486279351437344,-0.01583333333
2.96,0.03706840802553285,0.9480778092194736,0.03166666667,0.03706840802553285,0.9480778092194736,-0.03166666667,0.07242493622973262,1.560098023863199,0.05277777778,0.07242493622973262,1.560098023863199,-0.05277777778,0.16290596900763368,0.5610007858486525,0.02111111111,0.18881335702373547,0.09105504816510862,0.02111111111,0.10516732381883434,0.023753480595636,0.01583333333,0.3477624903927211,0.04686870395778299,0.01583333333,-0.017892171749485746,0.5373427944588692,-0.02111111111,-0.2956071995892313,0.15324354980723442,-0.02111111111,-0.40289305464436376,0.1572557943616569,-0.01583333333,-0.205960165701194,0.01371428242663858,-0.01583333333
2.97,0.038678375870025,0.9487478263313606,0.03166666667,0.038678375870025,0.9487478263313606,-0.03166666667,0.07292334639847269,1.560831243205819,0.05277777778,0.07292334639847269,1.560831243205819,-0.05277777778,0.1624793106108006,0.5609446536101796,0.02111111111,0.17780003831447172,0.0902485542252755,0.02111111111,0.09330363856450213,0.02403388508178557,0.01583333333,0.33604458497509593,0.04556435957221611,0.01583333333,-0.005604893269215528,0.5372797463024455,-0.02111111111,-0.29290217560177856,0.15982760968040877,-0.02111111111,-0.39961153298012586,0.17100938412288996,-0.01583333333,-0.21638847595919744,0.010335678209322935,-0.01583333333
2.98,0.04012014754036547,0.9495404524802119,0.03166666667,0.04012014754036547,0.9495404524802119,-0.03166666667,0.07341280015013207,1.5616764067431612,0.05277777778,0.07341280015013207,1.5616764067431612,-0.05277777778,0.1609717342181269,0.5607150914891823,0.02111111111,0.1667953016003151,0.08959831522140382,0.02111111111,0.0815148043567757,0.02441921518806528,0.01583333333,0.3243980603815195,0.044280039413473,0.01583333333,0.007070159694418085,0.5375902617493997,-0.02111111111,-0.2878839930465771,0.16573690564116117,-0.02111111111,-0.3932961846810912,0.184526674137006,-0.01583333333,-0.22716083038181487,0.00624102567379467,-0.01583333333
2.99,0.04134109724993781,0.9503506022220889,0.03166666667,0.04134109724993781,0.9503506022220889,-0.03166666667,0.0738549594274699,1.5625284162479705,0.05277777778,0.0738549594274699,1.5625284162479705,-0.05277777778,0.1585748494251846,0.5603084409704512,0.02111111111,0.15576259414056276,0.08901361057730728,0.02111111111,0.06979711384754661,0.024768923363055438,0.01583333333,0.3127953522046616,0.0431695905094546,0.01583333333,0.019865244850903123,0.5382109471410871,-0.02111111111,-0.2814537600140137,0.17123549732995258,-0.02111111111,-0.3849090722602456,0.1973018787132358,-0.01583333333,-0.23741329052675664,0.0033129028230559077,-0.01583333333
3.0,0.04234013421865643,0.9510519022912799,0.03166666667,0.04234013421865643,0.9510519022912799,-0.03166666667,0.07416684596296494,1.5632658253923075,0.05277777778,0.07416684596296494,1.5632658253923075,-0.05277777778,0.1555046204091901,0.5596845960547366,0.02111111111,0.14467627993474608,0.08839350325682721,0.02111111111,0.05814761213546967,0.02494619844883865,0.01583333333,0.3012205592484267,0.042332134659334955,0.01583333333,0.032903576978839236,0.5390417437491872,-0.02111111111,-0.275387376678321,0.17770764512965598,-0.02111111111,-0.3768825347472895,0.20943667274956607,-0.01583333333,-0.2445573784472157,0.0047985008307989685,-0.01583333333
3.01,0.04319191987345898,0.951690679175048,0.03166666667,0.04319191987345898,0.951690679175048,-0.03166666667,0.07431521352153266,1.5639407651788821,0.05277777778,0.07431521352153266,1.5639407651788821,-0.05277777778,0.1517516627124805,0.5588762243019056,0.02111111111,0.13351546171303072,0.08774011579066143,0.02111111111,0.04653567056453415,0.02495835534173972,0.01583333333,0.28965091950381666,0.041742399231235475,0.01583333333,0.04606734238314423,0.540153058945732,-0.02111111111,-0.2698086098221084,0.1853203537212197,-0.02111111111,-0.3697121060133248,0.22115979216195275,-0.01583333333,-0.2480690628862372,0.009997062366007642,-0.01583333333
3.02,0.043868016688180564,0.9523192576618642,0.03166666667,0.043868016688180564,0.9523192576618642,-0.03166666667,0.07433858717603695,1.5646021755628545,0.05277777778,0.07433858717603695,1.5646021755628545,-0.05277777778,0.1472646911773804,0.5579486871754007,0.02111111111,0.12226174695527221,0.08708914423148756,0.02111111111,0.03492847262740367,0.02485344357896898,0.01583333333,0.27806191963268756,0.041371777133617435,0.01583333333,0.059275218855354105,0.5416189301867731,-0.02111111111,-0.26425044699608063,0.19374230993807712,-0.02111111111,-0.3629962597108875,0.2325071895571302,-0.01583333333,-0.2482185531697118,0.01753554845709679,-0.01583333333
3.03,0.044285805181159855,0.9529795766793606,0.03166666667,0.044285805181159855,0.9529795766793606,-0.03166666667,0.0743079403893952,1.5652846465724202,0.05277777778,0.0743079403893952,1.5652846465724202,-0.05277777778,0.14204178656458002,0.5569908657976093,0.02111111111,0.11093151740645091,0.08649812449413058,0.02111111111,0.02331419965384182,0.024720659021819205,0.01583333333,0.26645340219229663,0.04115405748525568,0.01583333333,0.07247813571705078,0.5435101722854234,-0.02111111111,-0.25811438339601117,0.20245051920804613,-0.02111111111,-0.3560594352050952,0.24329635006744316,-0.01583333333,-0.24543591638594664,0.026157764182383803,-0.01583333333
3.04,0.04445725935336589,0.9537027426199427,0.03166666667,0.04445725935336589,0.9537027426199427,-0.03166666667,0.07424243486909723,1.5660193850025448,0.05277777778,0.07424243486909723,1.5660193850025448,-0.05277777778,0.1361512062190181,0.5560687850401818,0.02111111111,0.09952705023878172,0.08600857157293768,0.02111111111,0.01166242292345241,0.02464133482224414,0.01583333333,0.2548060941336851,0.04100848321480452,0.01583333333,0.08553029068040569,0.5458602410890042,-0.02111111111,-0.2511782380625178,0.2110504308231661,-0.02111111111,-0.34859544409414034,0.25335683930798447,-0.01583333333,-0.24025703146839064,0.03506914669608613,-0.01583333333
3.0500000000000003,0.04442627176876659,0.9545168817282078,0.03166666667,0.04442627176876659,0.9545168817282078,-0.03166666667,0.07415310673109697,1.566836359208982,0.05277777778,0.07415310673109697,1.566836359208982,-0.05277777778,0.1295927438160388,0.5552175763639837,0.02111111111,0.08805728430139428,0.08563616085454989,0.02111111111,-2.9838186697536684e-05,0.024643323232129644,0.01583333333,0.24312130216010916,0.04089913278260581,0.01583333333,0.09823038933299551,0.5486661577637757,-0.02111111111,-0.2432953908965177,0.21906547823133976,-0.02111111111,-0.3404412565557855,0.2622589657999205,-0.01583333333,-0.23281920388735233,0.04361719903170483,-0.01583333333
3.06,0.04421609150142489,0.955433758100533,0.03166666667,0.04421609150142489,0.955433758100533,-0.03166666667,0.0740576572992781,1.5677476548642262,0.05277777778,0.0740576572992781,1.5677476548642262,-0.05277777778,0.12241456524288785,0.5544763865032627,0.02111111111,0.07655183000051453,0.08540236955404845,0.02111111111,-0.011751806260153513,0.02477033693496762,0.01583333333,0.23141617721922494,0.04077221828268959,0.01583333333,0.11039000904676571,0.5518879821014983,-0.02111111111,-0.23445452038196093,0.2261002309013142,-0.02111111111,-0.33168299520601585,0.26944258316983033,-0.01583333333,-0.22270474504556087,0.05147361889266741,-0.01583333333
3.0700000000000003,0.043868497385039146,0.9564693511205816,0.03166666667,0.043868497385039146,0.9564693511205816,-0.03166666667,0.0739656564033559,1.5687707378887583,0.05277777778,0.0739656564033559,1.5687707378887583,-0.05277777778,0.11470092669053762,0.5538910689870822,0.02111111111,0.06504065956128481,0.08534053514370826,0.02111111111,-0.023496179219989026,0.0250845161237407,0.01583333333,0.2197047988248827,0.04057685855836558,0.01583333333,0.12170276422663198,0.555434273830198,-0.02111111111,-0.22450841629276502,0.23142705463366287,-0.02111111111,-0.3222039598213611,0.27407848904758325,-0.01583333333,-0.2097129414522257,0.05790148013505189,-0.01583333333
3.08,0.04342337214814065,0.9576333618427044,0.03166666667,0.04342337214814065,0.9576333618427044,-0.03166666667,0.07387440405355525,1.569917251778657,0.05277777778,0.07387440405355525,1.569917251778657,-0.05277777778,0.10659736627558819,0.5535109341841148,0.02111111111,0.05359786573076085,0.08549031729422446,0.02111111111,-0.035227180804423,0.025676755855250352,0.01583333333,0.20803365220293496,0.04019899812909081,0.01583333333,0.13184589739377583,0.5591665044675487,-0.02111111111,-0.21331533398235766,0.23429195194310765,-0.02111111111,-0.3118726101194027,0.2752989034621629,-0.01583333333,-0.19365768544604,0.062198082298646484,-0.01583333333
3.09,0.04284525010684936,0.9588898038886741,0.03166666667,0.04284525010684936,0.9588898038886741,-0.03166666667,0.07377729619756428,1.5711495818782526,0.05277777778,0.07377729619756428,1.5711495818782526,-0.05277777778,0.09839888856216952,0.553373462732352,0.02111111111,0.04229947213557433,0.08588737272895292,0.02111111111,-0.04690408063393096,0.026636433673538212,0.01583333333,0.19644622434042935,0.03957310499886968,0.01583333333,0.14081678323313546,0.5629794824806333,-0.02111111111,-0.20090824603492863,0.23463807498934525,-0.02111111111,-0.3006827497184579,0.27299622688290337,-0.01583333333,-0.17453151722856208,0.06449539969659673,-0.01583333333
3.1,0.04216298484322949,0.9602003261274745,0.03166666667,0.04216298484322949,0.9602003261274745,-0.03166666667,0.0736395810438528,1.5724323500455553,0.05277777778,0.0736395810438528,1.5724323500455553,-0.05277777778,0.09025234577819327,0.5534541672565223,0.02111111111,0.03106525435427407,0.08651914083301016,0.02111111111,-0.05856403804784081,0.02790242200143009,0.01583333333,0.1848795593000786,0.03894521632161537,0.01583333333,0.14864877430156836,0.5667643942496843,-0.02111111111,-0.18724608853092048,0.23249005825061675,-0.02111111111,-0.28845499122657803,0.26729038001491734,-0.01583333333,-0.15271639544036988,0.0649002567132052,-0.01583333333
3.11,0.04144343263825924,0.9615282318921285,0.03166666667,0.04144343263825924,0.9615282318921285,-0.03166666667,0.07342996130225575,1.573733825792767,0.05277777778,0.07342996130225575,1.573733825792767,-0.05277777778,0.08206431730484622,0.5536819465022956,0.02111111111,0.019761125678031143,0.08732397438397921,0.02111111111,-0.07027074067713493,0.029319655434102143,0.01583333333,0.17324673392769213,0.03859154618956308,0.01583333333,0.1554252246587299,0.5704240635414929,-0.02111111111,-0.17230042046796198,0.22805738808644005,-0.02111111111,-0.2750114675875809,0.258518738867517,-0.01583333333,-0.12863818289090762,0.06368139664790948,-0.01583333333
3.12,0.04070244787550217,0.9628272400800156,0.03166666667,0.04070244787550217,0.9628272400800156,-0.03166666667,0.07314714279106518,1.5750087237848418,0.05277777778,0.07314714279106518,1.5750087237848418,-0.05277777778,0.07375362292979182,0.5539972380982378,0.02111111111,0.00837462981424733,0.08823947976950619,0.02111111111,-0.08202518357114766,0.030806829814968913,0.01583333333,0.16154769947006314,0.03848661126280277,0.01583333333,0.1612969307607702,0.5739008621643655,-0.02111111111,-0.1560704239734346,0.22174951049918895,-0.02111111111,-0.2602095853002351,0.24725006681203907,-0.01583333333,-0.1027447245690047,0.06126204023240128,-0.01583333333
3.13,0.03992060033584527,0.9640449111673725,0.03166666667,0.03992060033584527,0.9640449111673725,-0.03166666667,0.07280893979235314,1.5762027211698257,0.05277777778,0.07280893979235314,1.5762027211698257,-0.05277777778,0.0653187938279132,0.5543548601111472,0.02111111111,-0.0030653614628007655,0.08921605492232976,0.02111111111,-0.09381416408430018,0.03233413547900017,0.01583333333,0.14980173223573365,0.038500451744028795,0.01583333333,0.1663985130184306,0.5771532791201649,-0.02111111111,-0.13865810412825472,0.21407554183369193,-0.02111111111,-0.24407232593530787,0.2339999939616723,-0.01583333333,-0.07512840133056442,0.05837346198190388,-0.01583333333
3.14,0.03911675703318593,0.9651551181370638,0.03166666667,0.03911675703318593,0.9651551181370638,-0.03166666667,0.07241933896081718,1.5772905322867106,0.05277777778,0.07241933896081718,1.5772905322867106,-0.05277777778,0.05667272523251217,0.5547225445975229,0.02111111111,-0.01454128256381361,0.09021250843614026,0.02111111111,-0.10562359554876954,0.03386199661313626,0.01583333333,0.13802530379366873,0.03854625165659848,0.01583333333,0.17077795795608805,0.5801328216230048,-0.02111111111,-0.11985626398507426,0.20517158372869027,-0.02111111111,-0.22623768187438587,0.21931933440171952,-0.01583333333,-0.046661171927076264,0.05458012998686981,-0.01583333333
3.15,0.038260747106382366,0.9661090661547532,0.03166666667,0.038260747106382366,0.9661090661547532,-0.03166666667,0.0720032478241752,1.5782203884356893,0.05277777778,0.0720032478241752,1.5782203884356893,-0.05277777778,0.04785680610649337,0.555067526761132,0.02111111111,-0.026046002341218538,0.09119499467675546,0.02111111111,-0.11745107260929469,0.035363575856667495,0.01583333333,0.12622163669885378,0.03857902831633958,0.01583333333,0.17455122471776005,0.5828185920525795,-0.02111111111,-0.09988540501845358,0.19560964989131113,-0.02111111111,-0.20692501217317188,0.2036645817270255,-0.01583333333,-0.017140529753803785,0.05079673478429403,-0.01583333333
3.16,0.03727200329564345,0.9668857563069334,0.03166666667,0.03727200329564345,0.9668857563069334,-0.03166666667,0.0716170766946215,1.5789635643938018,0.05277777778,0.0716170766946215,1.5789635643938018,-0.05277777778,0.039075905815586585,0.5553935833390199,0.02111111111,-0.03753496428540721,0.09217415372949156,0.02111111111,-0.12927023155729675,0.03687988785832637,0.01583333333,0.11441784122486594,0.03856854999422776,0.01583333333,0.17760986537373644,0.5851603452519716,-0.02111111111,-0.07863681715618254,0.18546471905826073,-0.02111111111,-0.18597835617489397,0.18718221778995237,-0.01583333333,0.013344416718323898,0.046978221405211185,-0.01583333333
3.17,0.03600317021066995,0.9674476897209514,0.03166666667,0.03600317021066995,0.9674476897209514,-0.03166666667,0.07133943719351077,1.5794690745229234,0.05277777778,0.07133943719351077,1.5794690745229234,-0.05277777778,0.030706088408783597,0.5556797291459117,0.02111111111,-0.04896815104817594,0.09315205610826066,0.02111111111,-0.14106462993617802,0.0384572191420842,0.01583333333,0.10262929031365275,0.038497584510175806,0.01583333333,0.17999039683841966,0.5871779288924871,-0.02111111111,-0.05625951898456083,0.17517341121395846,-0.02111111111,-0.16350731917878103,0.17022870593464462,-0.01583333333,0.04486320795878862,0.043862366205644154,-0.01583333333
3.18,0.034410785980273334,0.9677864271534072,0.03166666667,0.034410785980273334,0.9677864271534072,-0.03166666667,0.07120530443238104,1.5797218736108616,0.05277777778,0.07120530443238104,1.5797218736108616,-0.05277777778,0.02285790695963877,0.5558904311633426,0.02111111111,-0.060339668354938224,0.09410712614167871,0.02111111111,-0.15283000667809232,0.04008149540036884,0.01583333333,0.09085784914808802,0.03836180969287572,0.01583333333,0.1816632086520874,0.5888571873901487,-0.02111111111,-0.03270162380190314,0.1649383741552118,-0.02111111111,-0.1394227156405857,0.1532201446160968,-0.01583333333,0.07703621652207701,0.04127257169424374,-0.01583333333
3.19,0.03246517387727775,0.9678797673955547,0.03166666667,0.03246517387727775,0.9678797673955547,-0.03166666667,0.07123911952164014,1.5796929810142002,0.05277777778,0.07123911952164014,1.5796929810142002,-0.05277777778,0.015581170134277214,0.5559705244912891,0.02111111111,-0.0716529471141072,0.09499826294350527,0.02111111111,-0.16456216467049092,0.041704216200472745,0.01583333333,0.079106099529024,0.038167916144028646,0.01583333333,0.18276868703822574,0.5902365610155792,-0.02111111111,-0.008264312463251627,0.15526340382115494,-0.02111111111,-0.11400004421725024,0.1366599270128956,-0.01583333333,0.1096650065729764,0.039909353623901384,-0.01583333333
3.2,0.0303623180170269,0.9677530880058922,0.03166666667,0.0303623180170269,0.9677530880058922,-0.03166666667,0.07137608434477447,1.5794202345740394,0.05277777778,0.07137608434477447,1.5794202345740394,-0.05277777778,0.008468995535233736,0.5559046200712758,0.02111111111,-0.082973834067515,0.09579420813049028,0.02111111111,-0.17629774007299132,0.04324227740359681,0.01583333333,0.06733821649368932,0.03792729255579482,0.01583333333,0.18311920306742452,0.5911692301161208,-0.02111111111,0.01708443856448419,0.14609782249828873,-0.02111111111,-0.0872007099517898,0.12060532085237102,-0.01583333333,0.14257938863498268,0.03943984364964058,-0.01583333333
3.21,0.028435940928370276,0.9674452672370656,0.03166666667,0.028435940928370276,0.9674452672370656,-0.03166666667,0.07149372681159984,1.5789719259315498,0.05277777778,0.07149372681159984,1.5789719259315498,-0.05277777778,0.0007297363215041531,0.5557219520998736,0.02111111111,-0.0943783451422025,0.09645698180191692,0.02111111111,-0.18805960867016414,0.044554231239914664,0.01583333333,0.055536995979686116,0.03766782440046786,0.01583333333,0.18255369039248437,0.5914645232974776,-0.02111111111,0.04328663050296058,0.13745604875567452,-0.02111111111,-0.059063870233938304,0.10506977981191282,-0.01583333333,0.17574707560914807,0.03987355209612403,-0.01583333333
3.22,0.02658410504240258,0.966944779285673,0.03166666667,0.02658410504240258,0.966944779285673,-0.03166666667,0.07164922273855025,1.5783267894775324,0.05277777778,0.07164922273855025,1.5783267894775324,-0.05277777778,-0.007308215902200372,0.5554351785807377,0.02111111111,-0.10582786723840527,0.09701910328280822,0.02111111111,-0.19983328741761602,0.04571499887971611,0.01583333333,0.04371836674110671,0.03738912639428032,0.01583333333,0.18110982923913974,0.5911608784845686,-0.02111111111,0.07009112641836071,0.12971078261607677,-0.02111111111,-0.029799108877464717,0.09039557177612531,-0.01583333333,0.20900486953065506,0.041822036877498664,-0.01583333333
3.23,0.024654947100219246,0.9662630676544732,0.03166666667,0.024654947100219246,0.9662630676544732,-0.03166666667,0.07192935780520829,1.5774782157911194,0.05277777778,0.07192935780520829,1.5774782157911194,-0.05277777778,-0.015139454579200084,0.5550507744254496,0.02111111111,-0.11725032148142928,0.09753200150244362,0.02111111111,-0.21158436565026517,0.04684738150311715,0.01583333333,0.03191349025994708,0.03707381699351582,0.01583333333,0.17855051252792373,0.5902334372617908,-0.02111111111,0.09776348476141723,0.12298354315854093,-0.02111111111,0.0008017004961292096,0.07691421823642276,-0.01583333333,0.24235796922520508,0.04470711601066636,-0.01583333333
3.24,0.022658334936895497,0.9653934284999267,0.03166666667,0.022658334936895497,0.9653934284999267,-0.03166666667,0.0723292939268798,1.576418487766911,0.05277777778,0.0723292939268798,1.576418487766911,-0.05277777778,-0.022682437313554085,0.5545463107188696,0.02111111111,-0.12864340492931672,0.09798912681213684,0.02111111111,-0.22331310542182434,0.04795215527353793,0.01583333333,0.0201219179582334,0.036721937642317126,0.01583333333,0.17515193072722202,0.5887943514172045,-0.02111111111,0.12585388643418668,0.11779857960334983,-0.02111111111,0.032188939839969295,0.0653393556269595,-0.01583333333,0.2753150684368337,0.04871365294722869,-0.01583333333
3.25,0.02071149010813252,0.9643416467706528,0.03166666667,0.02071149010813252,0.9643416467706528,-0.03166666667,0.07279693975238279,1.5751656256340913,0.05277777778,0.07279693975238279,1.5751656256340913,-0.05277777778,-0.029896449624995193,0.5539134099739104,0.02111111111,-0.14000983750913332,0.09840021591885212,0.02111111111,-0.2350231498611132,0.049043057038122714,0.01583333333,0.008339783754889363,0.03634617010049286,0.01583333333,0.17106319859306574,0.5868710068230336,-0.02111111111,0.15357214739010858,0.11442004838929659,-0.02111111111,0.06365300127572303,0.05576458993827046,-0.01583333333,0.3073454315149639,0.054911454435228296,-0.01583333333
3.26,0.018935474644345834,0.9631262376255891,0.03166666667,0.018935474644345834,0.9631262376255891,-0.03166666667,0.07326952976862458,1.5737543058250112,0.05277777778,0.07326952976862458,1.5737543058250112,-0.05277777778,-0.036709993352883705,0.5531577490293744,0.02111111111,-0.15132929519468727,0.09879189687368123,0.02111111111,-0.24670134756486184,0.05016205744441356,0.01583333333,-0.0034225553182155866,0.03594384239796872,0.01583333333,0.16648330147736598,0.5845259991219652,-0.02111111111,0.1800550630573863,0.11290064653714676,-0.02111111111,0.09431460780135045,0.048287712586018966,-0.01583333333,0.3375285132893676,0.0635757658747689,-0.01583333333
3.27,0.01739588256816014,0.9617766186124413,0.03166666667,0.01739588256816014,0.9617766186124413,-0.03166666667,0.07370300057946601,1.5722259086279733,0.05277777778,0.07370300057946601,1.5722259086279733,-0.05277777778,-0.04302601370506276,0.5522936316063474,0.02111111111,-0.16257767363844178,0.09920391376747323,0.02111111111,-0.25833503267152247,0.05137356140643557,0.01583333333,-0.015158225316854207,0.035506338559182074,0.01583333333,0.1617013113562398,0.5818925984847797,-0.02111111111,0.2045957606623824,0.11310067983124078,-0.02111111111,0.12322869011443208,0.04305894408198443,-0.01583333333,0.3649710613751891,0.07383806579330332,-0.01583333333
3.28,0.01615981842935215,0.9603248366102161,0.03166666667,0.01615981842935215,0.9603248366102161,-0.03166666667,0.07404789620562631,1.570626235650538,0.05277777778,0.07404789620562631,1.570626235650538,-0.05277777778,-0.0487709254190571,0.551339124369191,0.02111111111,-0.1737278934287626,0.09967947428596902,0.02111111111,-0.2699065289753319,0.05274307410249151,0.01583333333,-0.02685731706262537,0.03502841958409565,0.01583333333,0.15712618075147014,0.579145991246669,-0.02111111111,0.22631337570117496,0.1146252760227443,-0.02111111111,0.14936809595907014,0.039753296585384075,-0.01583333333,0.3887684442600711,0.08529670038278678,-0.01583333333
3.29,0.015280667187593942,0.9588121679238172,0.03166666667,0.015280667187593942,0.9588121679238172,-0.03166666667,0.07426323279355086,1.5690087626158435,0.05277777778,0.07426323279355086,1.5690087626158435,-0.05277777778,-0.05388517954182166,0.5503224138922649,0.02111111111,-0.18474560309679397,0.10027097907467136,0.02111111111,-0.2813910562013661,0.054347157416372485,0.01583333333,-0.03850643104953036,0.03450308371800963,0.01583333333,0.15309705633804083,0.5764367226683149,-0.02111111111,0.24458496205595368,0.11686013970872983,-0.02111111111,0.17192661710940998,0.037824224336599085,-0.01583333333,0.4082879213710303,0.0971543367908965,-0.01583333333
3.3000000000000003,0.014815872987171453,0.9572846006580905,0.03166666667,0.014815872987171453,0.9572846006580905,-0.03166666667,0.07431415803419256,1.5674311251058413,0.05277777778,0.07431415803419256,1.5674311251058413,-0.05277777778,-0.058331171440792806,0.5492797340790287,0.02111111111,-0.19559241580176695,0.10103692098408279,0.02111111111,-0.2927594250881878,0.05626975598936451,0.01583333333,-0.0500926449747047,0.033918867294543756,0.01583333333,0.14980735048663946,0.5738543375905185,-0.02111111111,0.2590060187258639,0.11910407555708319,-0.02111111111,0.19034255917921675,0.036583321166567005,-0.01583333333,0.4231620811187323,0.10856803204290004,-0.01583333333
3.31,0.014782568457487155,0.9557918837027977,0.03166666667,0.014782568457487155,0.9557918837027977,-0.03166666667,0.07418936862408194,1.565947322351977,0.05277777778,0.07418936862408194,1.565947322351977,-0.05277777778,-0.06208705128027012,0.5482514173502229,0.02111111111,-0.2062207873698414,0.10203441961814652,0.02111111111,-0.3039705530111354,0.05859112410014298,0.01583333333,-0.06159619034574268,0.033265312787599866,0.01583333333,0.1473404397179097,0.5714639534324799,-0.02111111111,0.26959392148476,0.12080747293529775,-0.02111111111,0.20414594843133466,0.03572682943209822,-0.01583333333,0.4336940125027104,0.11754623224816275,-0.01583333333
3.3200000000000003,0.015136241635307662,0.95436847684359,0.03166666667,0.015136241635307662,0.95436847684359,-0.03166666667,0.07391316904761916,1.5645849138748897,0.05277777778,0.07391316904761916,1.5645849138748897,-0.05277777778,-0.0650926929906875,0.5472528313380247,0.02111111111,-0.2165957493717568,0.10330732088862143,0.02111111111,-0.3149933488984343,0.06137958881149285,0.01583333333,-0.07301207788857117,0.03253876918816982,0.01583333333,0.14585930735469738,0.5693670651894632,-0.02111111111,0.27636426319397034,0.12154701655951872,-0.02111111111,0.21304447086586875,0.03488171552766242,-0.01583333333,0.44024800681883747,0.12300255101259122,-0.01583333333
3.33,0.015790298682985628,0.9530372452887558,0.03166666667,0.015790298682985628,0.9530372452887558,-0.03166666667,0.07353625723925732,1.563352107871688,0.05277777778,0.07353625723925732,1.563352107871688,-0.05277777778,-0.06728808226304869,0.5462821318660336,0.02111111111,-0.22667973440875266,0.10488449535318056,0.02111111111,-0.32578987533161663,0.0646856104255118,0.01583333333,-0.08433397824206099,0.03173446239131229,0.01583333333,0.14553806114120302,0.567672180305818,-0.02111111111,0.2794693696225764,0.1210941550778113,-0.02111111111,0.2169120188626779,0.033878016310230435,-0.01583333333,0.44331027545357526,0.12404762210229361,-0.01583333333
3.34,0.016683700708847837,0.9518117112647332,0.03166666667,0.016683700708847837,0.9518117112647332,-0.03166666667,0.07310895618900128,1.5622500928915817,0.05277777778,0.07310895618900128,1.5622500928915817,-0.05277777778,-0.06865308784570347,0.5453348434719891,0.02111111111,-0.23643230789531172,0.10678589305504793,0.02111111111,-0.3363146080594096,0.06854532366269023,0.01583333333,-0.09555463871680864,0.03084432157728592,0.01583333333,0.14641623700204892,0.5664235800029207,-0.02111111111,0.2791563934107705,0.11942482850942898,-0.02111111111,0.21586723387164017,0.03272596675558698,-0.01583333333,0.4432948429722392,0.1202668772767766,-0.01583333333
3.35,0.01778630062128402,0.9506947210370345,0.03166666667,0.01778630062128402,0.9506947210370345,-0.03166666667,0.07267792482752149,1.5612729198053885,0.05277777778,0.07267792482752149,1.5612729198053885,-0.05277777778,-0.06917081127718452,0.5444004293534285,0.02111111111,-0.24581694277243366,0.10902920063943355,0.02111111111,-0.3465227921678578,0.07299209110156338,0.01583333333,-0.10667535674510081,0.029865114425470768,0.01583333333,0.14838649914571253,0.5655976287210309,-0.02111111111,0.27567693614358574,0.11668436550461042,-0.02111111111,0.21030157229023563,0.03152966178476613,-0.01583333333,0.44030860864223553,0.11204979358212258,-0.01583333333
3.36,0.019160925227066066,0.9496893562324513,0.03166666667,0.019160925227066066,0.9496893562324513,-0.03166666667,0.07225826746627116,1.560426205838187,0.05277777778,0.07225826746627116,1.560426205838187,-0.05277777778,-0.06883542011352459,0.5434818050426858,0.02111111111,-0.2547856013554914,0.1116431886722703,0.02111111111,-0.35635728260874333,0.07807482309205413,0.01583333333,-0.11769928357158996,0.028789045309047023,0.01583333333,0.15097943878540682,0.5650094523462834,-0.02111111111,0.269481377316232,0.11318881574633399,-0.02111111111,0.2010908502371474,0.030427233701289982,-0.01583333333,0.434459960772382,0.10060975748098352,-0.01583333333
3.37,0.020930601961801347,0.9488129000303305,0.03166666667,0.020930601961801347,0.9488129000303305,-0.03166666667,0.07186280782805524,1.5597341205038084,0.05277777778,0.07186280782805524,1.5597341205038084,-0.05277777778,-0.06761139897418464,0.5426013384795778,0.02111111111,-0.26325636763170696,0.11467512397274371,0.02111111111,-0.3657263666500854,0.08386987011495696,0.01583333333,-0.12861583412895103,0.027608659999657142,0.01583333333,0.15305801448120246,0.5642163597282738,-0.02111111111,0.2618223953448622,0.10946509746826849,-0.02111111111,0.19038935984032784,0.029323809355717843,-0.01583333333,0.4267340592110582,0.08872003377657559,-0.01583333333
3.38,0.023053222710233426,0.9480874354052979,0.03166666667,0.023053222710233426,0.9480874354052979,-0.03166666667,0.07152616135873163,1.5592087011439277,0.05277777778,0.07152616135873163,1.5592087011439277,-0.05277777778,-0.06538282008956084,0.5417579549600537,0.02111111111,-0.271129210260357,0.11816595246467454,0.02111111111,-0.3745165295540951,0.09045754547717133,0.01583333333,-0.13941418626759883,0.026320063633149024,0.01583333333,0.15437138153372168,0.5631622906509196,-0.02111111111,0.25363624550216457,0.10583921718226025,-0.02111111111,0.17952576332386877,0.028188776990798144,-0.01583333333,0.41811300257021866,0.0778159637426061,-0.01583333333
3.39,0.02541938771049134,0.9475357695323312,0.03166666667,0.02541938771049134,0.9475357695323312,-0.03166666667,0.07126230280669417,1.5588599505972458,0.05277777778,0.07126230280669417,1.5588599505972458,-0.05277777778,-0.062010399917693144,0.5409424317880054,0.02111111111,-0.27828832948406435,0.12215618933572914,0.02111111111,-0.38259287887865656,0.09792700216217295,0.01583333333,-0.15009340386571954,0.02491520506880919,0.01583333333,0.15545014555073516,0.5621076715088101,-0.02111111111,0.2450202966732939,0.10241120761125572,-0.02111111111,0.16853593045918552,0.027122709713990056,-0.01583333333,0.4087723786855165,0.06802720017275515,-0.01583333333
3.4,0.027887484004472395,0.9471733108751922,0.03166666667,0.027887484004472395,0.9471733108751922,-0.03166666667,0.07110435337140197,1.5586887476560864,0.05277777778,0.07110435337140197,1.5586887476560864,-0.05277777778,-0.057322728845793904,0.5401383377843902,0.02111111111,-0.2845857781093837,0.12668760684296698,0.02111111111,-0.38978070231799156,0.10638206945335876,0.01583333333,-0.16065882834842005,0.023376676467326496,0.01583333333,0.15675460177007758,0.5612893848771618,-0.02111111111,0.2358034300593459,0.0992628890260378,-0.02111111111,0.1573355092048726,0.02605308220037704,-0.01583333333,0.3986344635951548,0.060134499516127565,-0.01583333333
3.41,0.03039541450137006,0.9470238920895022,0.03166666667,0.03039541450137006,0.9470238920895022,-0.03166666667,0.0710645473994231,1.5587140496435752,0.05277777778,0.0710645473994231,1.5587140496435752,-0.05277777778,-0.05116788984623876,0.539362785848964,0.02111111111,-0.2898109054886555,0.13180747805983567,0.02111111111,-0.39583012555147434,0.11594191034178075,0.01583333333,-0.1711089311794607,0.021670423686962953,0.01583333333,0.1581135498913687,0.5606926535762732,-0.02111111111,0.2260189090070495,0.09648189247291111,-0.02111111111,0.14592916875484652,0.025039291688436827,-0.01583333333,0.3878773854369119,0.054156105395677494,-0.01583333333
3.42,0.032619345378035194,0.9470590771597025,0.03166666667,0.032619345378035194,0.9470590771597025,-0.03166666667,0.07126191744289878,1.5588806024784985,0.05277777778,0.07126191744289878,1.5588806024784985,-0.05277777778,-0.04339533207521847,0.5385828722749562,0.02111111111,-0.2937393979066071,0.1374996466638892,0.02111111111,-0.40045579963004435,0.12665832452901993,0.01583333333,-0.18146457522687304,0.019749147979512716,0.01583333333,0.15991290419676923,0.5605463570188645,-0.02111111111,0.21570718091828894,0.09425725832970916,-0.02111111111,0.13431563709639754,0.024273739411234944,-0.01583333333,0.37661397425276755,0.05031686148505434,-0.01583333333
3.43,0.03444414322182139,0.9472701067965739,0.03166666667,0.03444414322182139,0.9472701067965739,-0.03166666667,0.07169567676229437,1.5591779025208066,0.05277777778,0.07169567676229437,1.5591779025208066,-0.05277777778,-0.03396307016510227,0.5378507279285725,0.02111111111,-0.2960757240338292,0.143732097108969,0.02111111111,-0.4032767703704111,0.13856248944477734,0.01583333333,-0.1917537870691567,0.017546970062215894,0.01583333333,0.1620349065945343,0.5608411169967745,-0.02111111111,0.20498006154075515,0.09269089286613186,-0.02111111111,0.12254124069801436,0.023917960413587125,-0.01583333333,0.36500290875994373,0.048393824376287274,-0.01583333333
3.44,0.03617453366473045,0.9476887208724694,0.03166666667,0.03617453366473045,0.9476887208724694,-0.03166666667,0.0721761648476133,1.5596713266476483,0.05277777778,0.0721761648476133,1.5596713266476483,-0.05277777778,-0.02304659784365049,0.5373270274824473,0.02111111111,-0.29649132904760567,0.15039448849247972,0.02111111111,-0.4038461979613185,0.15156484291298927,0.01583333333,-0.20202470851510726,0.014982213000519495,0.01583333333,0.163315073827155,0.5610806653751662,-0.02111111111,0.194039083008225,0.09154418914891133,-0.02111111111,0.11068735939101462,0.0238745937327745,-0.01583333333,0.35326684407822284,0.04715381203971768,-0.01583333333
3.45,0.037898367376352625,0.9483000688509641,0.03166666667,0.037898367376352625,0.9483000688509641,-0.03166666667,0.07262033111893648,1.5603566123606833,0.05277777778,0.07262033111893648,1.5603566123606833,-0.05277777778,-0.011003300591586433,0.537116876919644,0.02111111111,-0.2947302979390385,0.15714910409881627,0.02111111111,-0.4017582148446802,0.16528340747005427,0.01583333333,-0.21238654777192617,0.011904464631802086,0.01583333333,0.16329918857510234,0.5610600841312317,-0.02111111111,0.18296734560478936,0.09061286865113,-0.02111111111,0.09878483884506356,0.02399099398632909,-0.01583333333,0.34148283767752596,0.04600030471637988,-0.01583333333
3.46,0.03948982343867741,0.9490563161505174,0.03166666667,0.03948982343867741,0.9490563161505174,-0.03166666667,0.07305464770306186,1.5611774069416346,0.05277777778,0.07305464770306186,1.5611774069416346,-0.05277777778,0.001638209453148673,0.5372721359760361,0.02111111111,-0.29066527253612756,0.16345942512541312,0.02111111111,-0.39671662627639703,0.1790570542486693,0.01583333333,-0.2230003389336175,0.00814953566644111,0.01583333333,0.1621668390753701,0.5608557304196673,-0.02111111111,0.17189874402653835,0.08986530472246251,-0.02111111111,0.08693615380944973,0.02426224723877477,-0.01583333333,0.32976251973205517,0.04480694020106382,-0.01583333333
3.47,0.040884243804000533,0.9499087660904031,0.03166666667,0.040884243804000533,0.9499087660904031,-0.03166666667,0.07348133522655748,1.562082153987979,0.05277777778,0.07348133522655748,1.562082153987979,-0.05277777778,0.014370237656071708,0.5378052621432391,0.02111111111,-0.28433082686628597,0.16879675278004147,0.02111111111,-0.3885846865057925,0.19217818737476877,0.01583333333,-0.23406968664396088,0.0037323245552522977,0.01583333333,0.16000535880504113,0.5604916434273457,-0.02111111111,0.16083076000814225,0.08923857573875243,-0.02111111111,0.075168228374726,0.02457885918672613,-0.01583333333,0.31811119085219486,0.04369548490270892,-0.01583333333
3.48,0.04198335530491542,0.950655683182666,0.03166666667,0.04198335530491542,0.950655683182666,-0.03166666667,0.07383213548883913,1.5628684586292443,0.05277777778,0.07383213548883913,1.5628684586292443,-0.05277777778,0.027360826002383744,0.5385402283623781,0.02111111111,-0.2779908317520835,0.1747909303991499,0.02111111111,-0.3801962244143844,0.20455622864615092,0.01583333333,-0.24268372466957777,0.003367161323822504,0.01583333333,0.15719906303739214,0.5599452829808811,-0.02111111111,0.1497494446469582,0.08862340731109003,-0.02111111111,0.06348207566387404,0.02480686813917439,-0.01583333333,0.30651268481912297,0.04277493452714408,-0.01583333333
3.49,0.04289892940251789,0.9513151859018378,0.03166666667,0.04289892940251789,0.9513151859018378,-0.03166666667,0.07403724435737338,1.5635645081235765,0.05277777778,0.07403724435737338,1.5635645081235765,-0.05277777778,0.04054091872649365,0.5395254424423617,0.02111111111,-0.2721947094618207,0.18195531486025435,0.02111111111,-0.37262973814647593,0.21641723887825953,0.01583333333,-0.24761099672526746,0.0072353976741272585,0.01583333333,0.15371807944288046,0.5591979791624975,-0.02111111111,0.13860494496297074,0.0879706559410039,-0.02111111111,0.051851275056121235,0.024859994116604445,-0.01583333333,0.294933103273688,0.04212131464833675,-0.01583333333
3.5,0.04362688377657008,0.9519336779705401,0.03166666667,0.04362688377657008,0.9519336779705401,-0.03166666667,0.07410388515705335,1.5642162758010354,0.05277777778,0.07410388515705335,1.5642162758010354,-0.05277777778,0.05377861578087156,0.5408303294274356,0.02111111111,-0.2667681794327734,0.19019532067717682,0.02111111111,-0.3658775605096383,0.22800862958372514,0.01583333333,-0.24908426774677933,0.014125354964827141,0.01583333333,0.14964904535011153,0.5583397731285532,-0.02111111111,0.12742380736793024,0.08733697223291331,-0.02111111111,0.04025722962740993,0.02484786754518621,-0.01583333333,0.28337353565682416,0.041616592562492435,-0.01583333333
3.51,0.04410997793142443,0.9525737731893066,0.03166666667,0.04410997793142443,0.9525737731893066,-0.03166666667,0.07410051700841491,1.564880391465704,0.05277777778,0.07410051700841491,1.564880391465704,-0.05277777778,0.06704456423653438,0.54254640745681,0.02111111111,-0.26083350994136684,0.19881991509136876,0.02111111111,-0.359001860053001,0.23902683353783105,0.01583333333,-0.24737620690521075,0.022401715060256816,0.01583333333,0.14476084856203572,0.5574003305576178,-0.02111111111,0.11615481111357562,0.08672720863928168,-0.02111111111,0.028669388948258587,0.024741042595526536,-0.01583333333,0.27179910207050656,0.041314243649855746,-0.01583333333
3.52,0.044342536709122596,0.9532654005865357,0.03166666667,0.044342536709122596,0.9532654005865357,-0.03166666667,0.074051113961806,1.5655857641682376,0.05277777778,0.074051113961806,1.5655857641682376,-0.05277777778,0.0802192154988691,0.5447155807960853,0.02111111111,-0.25419366487530987,0.2075169619578452,0.02111111111,-0.351735039873618,0.24940746337998926,0.01583333333,-0.2430436291151425,0.031295323361543254,0.01583333333,0.13919961094834193,0.5564743468871206,-0.02111111111,0.10481163486897925,0.08620637450511859,-0.02111111111,0.017049913194143194,0.024669068611069107,-0.01583333333,0.26018973492677366,0.04109330326351112,-0.01583333333
3.53,0.044383406998963745,0.954040886456545,0.03166666667,0.044383406998963745,0.954040886456545,-0.03166666667,0.07395841548935476,1.566367715929172,0.05277777778,0.07395841548935476,1.566367715929172,-0.05277777778,0.0931115330897939,0.5473459610743039,0.02111111111,-0.24669861109444127,0.21585352041690092,0.02111111111,-0.34388946289373107,0.2588199282419247,0.01583333333,-0.23636342090295243,0.040130928313050485,0.01583333333,0.13293870344393163,0.5555890993332067,-0.02111111111,0.0933744308134189,0.08578241459963337,-0.02111111111,0.005376063679167091,0.024640079539518592,-0.01583333333,0.24852343817634068,0.04095212022194289,-0.01583333333
3.54,0.04424222661847878,0.9549187517739693,0.03166666667,0.04424222661847878,0.9549187517739693,-0.03166666667,0.07384767494489498,1.5672441102629007,0.05277777778,0.07384767494489498,1.5672441102629007,-0.05277777778,0.10552890132713663,0.5504142161749968,0.02111111111,-0.23820396326614196,0.22331709799246374,0.02111111111,-0.3353240186679457,0.2667482541016445,0.01583333333,-0.22733918565831004,0.04828543292610685,0.01583333333,0.12604611095782214,0.5548004929524228,-0.02111111111,0.08188403071818764,0.08549162658012543,-0.02111111111,-0.006337976966744173,0.024722730002470196,-0.01583333333,0.23682375864173344,0.04081927410257626,-0.01583333333
3.5500000000000003,0.04399900322352892,0.9559103924594212,0.03166666667,0.04399900322352892,0.9559103924594212,-0.03166666667,0.07371515846494368,1.5682303883250426,0.05277777778,0.07371515846494368,1.5682303883250426,-0.05277777778,0.11725083818290652,0.5538430343210801,0.02111111111,-0.2287726775584674,0.22951271023220626,0.02111111111,-0.3262536402915459,0.2725198358963915,0.01583333333,-0.21528116255608715,0.05555938424368376,0.01583333333,0.11844644863705796,0.5541051963460358,-0.02111111111,0.0703284431213094,0.0853156367454021,-0.02111111111,-0.01809009449773895,0.02487631660930925,-0.01583333333,0.22508783292868945,0.04072636420168381,-0.01583333333
3.56,0.0436733367928266,0.957031711755758,0.03166666667,0.0436733367928266,0.957031711755758,-0.03166666667,0.0735791784257628,1.569342472607984,0.05277777778,0.0735791784257628,1.569342472607984,-0.05277777778,0.1279748634846785,0.5575237328869158,0.02111111111,-0.21809729492133692,0.23353806661693682,0.02111111111,-0.3162631913515488,0.27533565906421353,0.01583333333,-0.20056504121073698,0.06085799950479001,0.01583333333,0.11026378726128382,0.5535713406079084,-0.02111111111,0.05876733857781036,0.08530933257619389,-0.02111111111,-0.029862186714896453,0.02520950732881693,-0.01583333333,0.21334773298720283,0.04056083803961362,-0.01583333333
3.5700000000000003,0.04323943791171729,0.9582619777780628,0.03166666667,0.04323943791171729,0.9582619777780628,-0.03166666667,0.07345392422056941,1.5705575861538688,0.05277777778,0.07345392422056941,1.5705575861538688,-0.05277777778,0.13751681726145618,0.561324759055662,0.02111111111,-0.20620159862882081,0.23503936032376066,0.02111111111,-0.3054367388314235,0.2746297566608834,0.01583333333,-0.18274281225114575,0.06407589472430622,0.01583333333,0.10176736797504575,0.5532598999556897,-0.02111111111,0.04729470633026353,0.08552687461061409,-0.02111111111,-0.041612033948141475,0.02584820352100345,-0.01583333333,0.20165937679113816,0.040192160890381405,-0.01583333333
3.58,0.04267614148649601,0.9595653241357744,0.03166666667,0.04267614148649601,0.9595653241357744,-0.03166666667,0.07332357887751298,1.571839414556535,0.05277777778,0.07332357887751298,1.571839414556535,-0.05277777778,0.14588499088398918,0.5651433224836647,0.02111111111,-0.19305360182666872,0.23397535769971334,0.02111111111,-0.293636503477877,0.2704065782954983,0.01583333333,-0.16206415706638005,0.065283576036203,0.01583333333,0.09321995776543954,0.5531920749652129,-0.02111111111,0.035970672286383835,0.08599021519407651,-0.02111111111,-0.0533055342208975,0.02685606658107499,-0.01583333333,0.19005612083695195,0.03957743614563535,-0.01583333333
3.59,0.0419700997348784,0.9608987949484239,0.03166666667,0.0419700997348784,0.9608987949484239,-0.03166666667,0.07317423789353414,1.5731447659282105,0.05277777778,0.07317423789353414,1.5731447659282105,-0.05277777778,0.15309004777013172,0.5688765819043835,0.02111111111,-0.17858058531218823,0.23039057996520362,0.02111111111,-0.2806464543905036,0.26281398408317325,0.01583333333,-0.13890100082615245,0.0645844333347286,0.01583333333,0.08486745335102977,0.5533570885507356,-0.02111111111,0.024722496766838013,0.08670511344303022,-0.02111111111,-0.06497983089876873,0.02820288880927488,-0.01583333333,0.1784759926789381,0.03897277099035294,-0.01583333333
3.6,0.04118118199137817,0.9622208688425957,0.03166666667,0.04118118199137817,0.9622208688425957,-0.03166666667,0.07297844153144731,1.5744363223431976,0.05277777778,0.07297844153144731,1.5744363223431976,-0.05277777778,0.1592503317009144,0.5724411407674479,0.02111111111,-0.16279113760883587,0.22464345464621688,0.02111111111,-0.2663347700009515,0.25233727209293766,0.01583333333,-0.11365194294027066,0.06240390820746322,0.01583333333,0.07661434213932761,0.553672055829955,-0.02111111111,0.0134141597065639,0.08759996883904342,-0.02111111111,-0.07669534743594272,0.029716849639029375,-0.01583333333,0.16683411620361166,0.03866831519081343,-0.01583333333
3.61,0.04033477794127652,0.9634853702905839,0.03166666667,0.04033477794127652,0.9634853702905839,-0.03166666667,0.0727308896830304,1.5756694268971096,0.05277777778,0.0727308896830304,1.5756694268971096,-0.05277777778,0.1645246965158719,0.575786298511602,0.02111111111,-0.14571330902061128,0.21721657769690617,0.02111111111,-0.2506023194120771,0.2396035847752572,0.01583333333,-0.08671361132777354,0.05925054277554001,0.01583333333,0.06834840581288079,0.5540642685273572,-0.02111111111,0.002044522928298362,0.08859831093211773,-0.02111111111,-0.08844861160093234,0.03131139408776349,-0.01583333333,0.15513692775774468,0.03857867772308764,-0.01583333333
3.62,0.03943306834102263,0.9646484826677316,0.03166666667,0.03943306834102263,0.9646484826677316,-0.03166666667,0.07244077234892315,1.5767998681070958,0.05277777778,0.07244077234892315,1.5767998681070958,-0.05277777778,0.16903496957836342,0.5788728384649366,0.02111111111,-0.1273845650923171,0.2085607113675459,0.02111111111,-0.2333907952580165,0.2251745819786084,0.01583333333,-0.05837636990673055,0.055596637318776565,0.01583333333,0.06000696061974105,0.554480942834157,-0.02111111111,-0.009367200130917304,0.08964171625000772,-0.02111111111,-0.10022997993751742,0.03293864860704355,-0.01583333333,0.14339869261481702,0.03857764731968869,-0.01583333333
3.63,0.03842553918303506,0.9656669661509377,0.03166666667,0.03842553918303506,0.9656669661509377,-0.03166666667,0.07214089131399665,1.5777797843878143,0.05277777778,0.07214089131399665,1.5777797843878143,-0.05277777778,0.17287655769256488,0.5816835935930119,0.02111111111,-0.10784214313154372,0.19908986590404842,0.02111111111,-0.21466162396445265,0.2095718135362586,0.01583333333,-0.02890269160172336,0.051836758955633444,0.01583333333,0.05168385415948359,0.554892922465394,-0.02111111111,-0.020788792209718767,0.09070220271263646,-0.02111111111,-0.11202176518639669,0.03459259568452394,-0.01583333333,0.13163942900027167,0.03858644641039276,-0.01583333333
3.64,0.03731157935881926,0.9665123441880109,0.03166666667,0.03731157935881926,0.9665123441880109,-0.03166666667,0.0718454415520574,1.5785795297005367,0.05277777778,0.0718454415520574,1.5785795297005367,-0.05277777778,0.1760992244095724,0.5841881868570291,0.02111111111,-0.08711419959854053,0.18912175327069009,0.02111111111,-0.19438684579078752,0.19322928695542904,0.01583333333,0.0014478300593915028,0.048193056548164526,0.01583333333,0.04335200125456157,0.5552640428196427,-0.02111111111,-0.032217968876459384,0.09174151412097165,-0.02111111111,-0.12381920002617489,0.03623091638499945,-0.01583333333,0.11986349854673656,0.03856989315218015,-0.01583333333
3.65,0.036043342668824106,0.967157747404468,0.03166666667,0.036043342668824106,0.967157747404468,-0.03166666667,0.07159117877287957,1.5791668801529308,0.05277777778,0.07159117877287957,1.5791668801529308,-0.05277777778,0.1787161338670147,0.5863672484350636,0.02111111111,-0.06528121828220665,0.178963436160324,0.02111111111,-0.17261251482650555,0.1764558352499458,0.01583333333,0.03262876525260627,0.04506806813450459,0.01583333333,0.035126218016717434,0.5555724592608038,-0.02111111111,-0.04363795078274934,0.09274403189574493,-0.02111111111,-0.13561178484909475,0.03784991213503218,-0.01583333333,0.10808124469611022,0.03851002362082642,-0.01583333333
3.66,0.03463626778802729,0.9675933532254335,0.03166666667,0.03463626778802729,0.9675933532254335,-0.03166666667,0.0713876251648351,1.5795313933489155,0.05277777778,0.0713876251648351,1.5795313933489155,-0.05277777778,0.1807106670969091,0.5881834493608233,0.02111111111,-0.04234686757132386,0.16881091006276966,0.02111111111,-0.1493126480901732,0.15958805089430694,0.01583333333,0.0643710875889685,0.04243008273891187,0.01583333333,0.026960958303287805,0.5557941054277435,-0.02111111111,-0.055053230448606084,0.09368422671664411,-0.02111111111,-0.14739736004301016,0.03941357355509753,-0.01583333333,0.09629446061818647,0.03840118088176821,-0.01583333333
3.67,0.033091131244993285,0.9678103009245487,0.03166666667,0.033091131244993285,0.9678103009245487,-0.03166666667,0.07124956491825542,1.5796622120589419,0.05277777778,0.07124956491825542,1.5796622120589419,-0.05277777778,0.18210484688743903,0.589623208892373,0.02111111111,-0.018387693311074926,0.15893537217536435,0.02111111111,-0.12456258387463451,0.14302062507861635,0.01583333333,0.09644143969208394,0.04033688749853408,0.01583333333,0.018846144120700625,0.5559114332259755,-0.02111111111,-0.0664676727246406,0.09454513353638477,-0.02111111111,-0.1591753887709966,0.04089818091585329,-0.01583333333,0.0845041063773874,0.03824638146594389,-0.01583333333
3.68,0.03138280471737961,0.9678026419873802,0.03166666667,0.03138280471737961,0.9678026419873802,-0.03166666667,0.07120586953120546,1.5795484639821364,0.05277777778,0.07120586953120546,1.5795484639821364,-0.05277777778,0.18285168208856373,0.5906605647099611,0.02111111111,0.006422737543545609,0.1495774396111414,0.02111111111,-0.09851497395752633,0.12691156881038912,0.01583333333,0.1288759605415912,0.039275438682958796,0.01583333333,0.010888508659504253,0.5559121961365767,-0.02111111111,-0.07787992537219245,0.09532589465066277,-0.02111111111,-0.17094938543414415,0.04231298700310727,-0.01583333333,0.07270725933803626,0.038050610382335454,-0.01583333333
3.69,0.029548865483399748,0.9675780100441215,0.03166666667,0.029548865483399748,0.9675780100441215,-0.03166666667,0.07125916448645517,1.5791980540062875,0.05277777778,0.07125916448645517,1.5791980540062875,-0.05277777778,0.18287985555343458,0.5912462028724972,0.02111111111,0.03195817904607634,0.14089969622605814,0.02111111111,-0.0712698669176815,0.11142599384132781,0.01583333333,0.16155859438833084,0.03947020184395955,0.01583333333,0.0030332560114295845,0.5557907738878237,-0.02111111111,-0.08929590791914947,0.0960201788189935,-0.02111111111,-0.18272016631133925,0.04364264908243638,-0.01583333333,0.06090414859855775,0.037818425462313246,-0.01583333333
3.7,0.02763848193625299,0.9671543323083018,0.03166666667,0.02763848193625299,0.9671543323083018,-0.03166666667,0.07140846579814948,1.5786304281059507,0.05277777778,0.07140846579814948,1.5786304281059507,-0.05277777778,0.1820217079105837,0.5912951766444259,0.02111111111,0.05821227270766792,0.13296844411221093,0.02111111111,-0.0428135205522442,0.09666900687655201,0.01583333333,0.19441153776364853,0.04089266688265192,0.01583333333,-0.004760588657676918,0.5555567325702555,-0.02111111111,-0.10071453787290577,0.0966366773321991,-0.02111111111,-0.19448581357831907,0.04489336027998376,-0.01583333333,0.04909744956509651,0.03755017891906218,-0.01583333333
3.71,0.025671673650535645,0.9665509983571534,0.03166666667,0.025671673650535645,0.9665509983571534,-0.03166666667,0.07166368567278637,1.577863980428818,0.05277777778,0.07166368567278637,1.577863980428818,-0.05277777778,0.1800850304947702,0.590728959529714,0.02111111111,0.08530221983495345,0.12588934233043964,0.02111111111,-0.013064967794711738,0.08290406346078728,0.01583333333,0.22736539475408435,0.04315523755676472,0.01583333333,-0.012428123911853035,0.5552220759164427,-0.02111111111,-0.11211740516375968,0.09719510361253686,-0.02111111111,-0.20623451233401774,0.046096664411305756,-0.01583333333,0.03729857330159478,0.037244286375362465,-0.01583333333
3.72,0.023663071147808544,0.9657729272197835,0.03166666667,0.023663071147808544,0.9657729272197835,-0.03166666667,0.07203478289289751,1.5769022136412871,0.05277777778,0.07203478289289751,1.5769022136412871,-0.05277777778,0.17701097217143008,0.5895218450178777,0.02111111111,0.11313732425891329,0.11997003254406013,0.02111111111,0.017892587600301366,0.07044164742557837,0.01583333333,0.26041572009736447,0.04658250662156364,0.01583333333,-0.019883879834170733,0.5547809870600533,-0.02111111111,-0.12349249716376297,0.09770273585978279,-0.02111111111,-0.21795939949454005,0.0472707496790296,-0.01583333333,0.02551377325321666,0.036900477347269936,-0.01583333333
3.73,0.021614210690351684,0.9648154035476274,0.03166666667,0.021614210690351684,0.9648154035476274,-0.03166666667,0.07252527189544221,1.5757383864727894,0.05277777778,0.07252527189544221,1.5757383864727894,-0.05277777778,0.17303329104688164,0.5877776308071638,0.02111111111,0.14135464504468245,0.11568753672676668,0.02111111111,0.04962373946212981,0.059908606423014966,0.01583333333,0.2931692035534956,0.05140358927928785,0.01583333333,-0.027052831530074678,0.5542148540676184,-0.02111111111,-0.13484396601136225,0.09815778431340316,-0.02111111111,-0.22966589138850635,0.04841915009017562,-0.01583333333,0.013737848446150447,0.03653017071444588,-0.01583333333
3.74,0.019615279213021027,0.9636769210759494,0.03166666667,0.019615279213021027,0.9636769210759494,-0.03166666667,0.07308365996981758,1.574381399099856,0.05277777778,0.07308365996981758,1.574381399099856,-0.05277777778,0.16857003044761673,0.5856433706044872,0.02111111111,0.1688452195814413,0.11338846488680338,0.02111111111,0.08106658035606633,0.05157119199999519,0.01583333333,0.3246556379308456,0.058719578246181715,0.01583333333,-0.03387076110979731,0.553507608826495,-0.02111111111,-0.1461659297785558,0.09856429989035292,-0.02111111111,-0.24135049796039315,0.04955298632792059,-0.01583333333,0.00197384255014893,0.03613681283457309,-0.01583333333
3.75,0.01778192584340776,0.9623795061878119,0.03166666667,0.01778192584340776,0.9623795061878119,-0.03166666667,0.07363804568646357,1.5728702277350641,0.05277777778,0.07363804568646357,1.5728702277350641,-0.05277777778,0.1639961362780656,0.5832553303865857,0.02111111111,0.19457064750360353,0.11301056647736146,0.02111111111,0.11105975159481286,0.04553773379706035,0.01583333333,0.35368417658589935,0.06834380302957974,0.01583333333,-0.04027027380650905,0.552668496352333,-0.02111111111,-0.15744361094351095,0.09895456227380395,-0.02111111111,-0.2530062474253446,0.05072140689046625,-0.01583333333,-0.009774521130626268,0.03571954967927252,-0.01583333333
3.76,0.016320517296474442,0.9609621005629738,0.03166666667,0.016320517296474442,0.9609621005629738,-0.03166666667,0.0740845168514998,1.5712752558976866,0.05277777778,0.0740845168514998,1.5712752558976866,-0.05277777778,0.15939431970244317,0.5806066256092102,0.02111111111,0.2175318674590272,0.11406218880331342,0.02111111111,0.1387404136453305,0.04113594451331453,0.01583333333,0.379190280825065,0.08076661154456538,0.01583333333,-0.04622138500251006,0.5517337285218918,-0.02111111111,-0.16864577437737438,0.09938458565661623,-0.02111111111,-0.2646125882844544,0.0520019130772304,-0.01583333333,-0.02149393343001449,0.03526727660488502,-0.01583333333
3.77,0.0153264237769169,0.9594805366657625,0.03166666667,0.0153264237769169,0.9594805366657625,-0.03166666667,0.07435861357372808,1.569672332568493,0.05277777778,0.07435861357372808,1.569672332568493,-0.05277777778,0.15487230181467537,0.577766215149067,0.02111111111,0.2374465729657544,0.1160461144755296,0.02111111111,0.163242235308527,0.03846097852618224,0.01583333333,0.4006935343617567,0.09326616964917284,0.01583333333,-0.05164140062619562,0.5507515786104512,-0.02111111111,-0.17972209613369816,0.0999248072599418,-0.02111111111,-0.276134447619752,0.05349755597276383,-0.01583333333,-0.033161570992069234,0.03476497421362851,-0.01583333333
3.78,0.014743786958696874,0.9579688478751496,0.03166666667,0.014743786958696874,0.9579688478751496,-0.03166666667,0.07446769372984041,1.5680933287634335,0.05277777778,0.07446769372984041,1.5680933287634335,-0.05277777778,0.1509592457575734,0.5749983413499619,0.02111111111,0.2537909633696544,0.11841161393874439,0.02111111111,0.1837020062138993,0.037094707966351184,0.01583333333,0.41782999771694795,0.10470248851594643,0.01583333333,-0.05643057920696905,0.5497376034170208,-0.02111111111,-0.19064668231326923,0.10061969869051696,-0.02111111111,-0.2875552830313708,0.05527946948748191,-0.01583333333,-0.0447738178635855,0.03421080633394321,-0.01583333333
3.79,0.014549794047884037,0.9564635911729535,0.03166666667,0.014549794047884037,0.9564635911729535,-0.03166666667,0.07441707322401973,1.5665740206062266,0.05277777778,0.07441707322401973,1.5665740206062266,-0.05277777778,0.14799693007066264,0.5724671750579942,0.02111111111,0.26617908233060955,0.12048004646283467,0.02111111111,0.19964679627186308,0.036238631581212474,0.01583333333,0.4303616468969542,0.11470764519254648,0.01583333333,-0.06053425207007987,0.5487126039831786,-0.02111111111,-0.20138066094765572,0.10151303584274318,-0.02111111111,-0.2988428973819813,0.057414634123462704,-0.01583333333,-0.056315910831611304,0.03359470148521806,-0.01583333333
3.8,0.014736032521860266,0.9550087020220883,0.03166666667,0.014736032521860266,0.9550087020220883,-0.03166666667,0.07420937871221606,1.565157657861667,0.05277777778,0.07420937871221606,1.565157657861667,-0.05277777778,0.14610939400306752,0.5702510879800684,0.02111111111,0.2745994494941163,0.12171185313221733,0.02111111111,0.2106996074209357,0.03546909401284688,0.01583333333,0.43857889726107213,0.12182740373489344,0.01583333333,-0.06389694490690136,0.5477036842875178,-0.02111111111,-0.21187544443221645,0.10265644130713059,-0.02111111111,-0.30995502118369017,0.05998086672856924,-0.01583333333,-0.06776979293758423,0.032906088512018705,-0.01583333333
3.81,0.015268962632200605,0.9536390814862326,0.03166666667,0.015268962632200605,0.9536390814862326,-0.03166666667,0.07386957751831832,1.5638724754873927,0.05277777778,0.07386957751831832,1.5638724754873927,-0.05277777778,0.1453959891155116,0.5684211421713764,0.02111111111,0.2791022271046226,0.12174527106154598,0.02111111111,0.21656383135522486,0.03451750292753569,0.01583333333,0.4429011990870749,0.12483983883793537,0.01583333333,-0.06643664515959806,0.5467222762363638,-0.02111111111,-0.22209374923750436,0.10409870275243405,-0.02111111111,-0.32085949849588585,0.06305776107110728,-0.01583333333,-0.07913513871715744,0.0321375041889644,-0.01583333333
3.82,0.016079370893750028,0.9523730380618887,0.03166666667,0.016079370893750028,0.9523730380618887,-0.03166666667,0.07344836879843358,1.5627234499554326,0.05277777778,0.07344836879843358,1.5627234499554326,-0.05277777778,0.14589854285952206,0.5670285167443462,0.02111111111,0.27996643671767096,0.12049350775679774,0.02111111111,0.21733452387931748,0.033328141167795054,0.01583333333,0.4438693730049996,0.12315403124241825,0.01583333333,-0.06812835423694025,0.5457670864148745,-0.02111111111,-0.2319908358094698,0.10586281718869922,-0.02111111111,-0.3315073233671829,0.06668450371650772,-0.01583333333,-0.09039856284055572,0.03128261120484421,-0.01583333333
3.83,0.017128732064553842,0.9512194478893484,0.03166666667,0.017128732064553842,0.9512194478893484,-0.03166666667,0.07299259036396431,1.5617094613663172,0.05277777778,0.07299259036396431,1.5617094613663172,-0.05277777778,0.14751361900819548,0.5660578543178613,0.02111111111,0.2775549463418353,0.11808919475290203,0.02111111111,0.21332579815284686,0.03207633422848937,0.01583333333,0.4419040156464937,0.11656732122426863,0.01583333333,-0.06897183871390153,0.5448345238317424,-0.02111111111,-0.24152837624201512,0.10796772740101623,-0.02111111111,-0.34185237415632813,0.07089392487379904,-0.01583333333,-0.10155716083690433,0.030336079123975943,-0.01583333333
3.84,0.018466176022713117,0.9501930337632345,0.03166666667,0.018466176022713117,0.9501930337632345,-0.03166666667,0.07252899917176535,1.5608451756348245,0.05277777778,0.07252899917176535,1.5608451756348245,-0.05277777778,0.14987396522586247,0.565376835512795,0.02111111111,0.27223262116724073,0.11480058491214173,0.02111111111,0.20520542662899272,0.030933079568625774,0.01583333333,0.43708117932509494,0.10590216458178209,0.01583333333,-0.0689194255667152,0.5439306510027865,-0.02111111111,-0.250629531056312,0.11044745822529967,-0.02111111111,-0.3518084100332769,0.07573745062114529,-0.01583333333,-0.11257865199451536,0.02930630520333946,-0.01583333333
